{"level":"info","message":"⌛ Building environment","timeElapsed":485,"timestamp":"2026-05-05T14:43:11.056Z"}
{"level":"info","message":"⌛ Building environment","timeElapsed":258,"timestamp":"2026-05-05T14:43:11.467Z"}
{"level":"info","message":"⌛ Building environment","timeElapsed":278,"timestamp":"2026-05-05T14:43:11.768Z"}
{"level":"info","message":"⌛ Building environment","timeElapsed":250,"timestamp":"2026-05-05T14:43:12.022Z"}
{"level":"info","message":"⌛ Validating testExample.wtest","timeElapsed":235,"timestamp":"2026-05-05T14:43:12.258Z"}
{"level":"info","message":"⌛ Validating example.wlk","timeElapsed":174,"timestamp":"2026-05-05T14:43:12.433Z"}
{"level":"info","message":"⌛ Building environment","timeElapsed":157,"timestamp":"2026-05-05T14:43:51.598Z"}
{"level":"info","message":"⌛ Validating destinos.wlk","timeElapsed":287,"timestamp":"2026-05-05T14:43:51.916Z"}
{"level":"info","message":"⌛ Building environment","timeElapsed":153,"timestamp":"2026-05-05T14:43:59.697Z"}
{"level":"info","message":"⌛ Validating destinos.wlk","timeElapsed":201,"timestamp":"2026-05-05T14:43:59.952Z"}
{"level":"info","message":"⌛ Building environment","timeElapsed":226,"timestamp":"2026-05-05T14:44:00.214Z"}
{"level":"info","message":"⌛ Building environment","timeElapsed":163,"timestamp":"2026-05-05T14:44:00.381Z"}
{"level":"info","message":"⌛ Validating destinos.wlk","timeElapsed":209,"timestamp":"2026-05-05T14:44:00.594Z"}
{"level":"info","message":"⌛ Building environment","timeElapsed":188,"timestamp":"2026-05-05T14:44:00.784Z"}
{"level":"info","message":"⌛ Validating destinos.wlk","timeElapsed":182,"timestamp":"2026-05-05T14:44:00.979Z"}
{"level":"info","message":"⌛ Building environment","timeElapsed":112,"timestamp":"2026-05-05T14:44:01.094Z"}
{"level":"info","message":"⌛ Validating destinos.wlk","timeElapsed":186,"timestamp":"2026-05-05T14:44:01.296Z"}
{"level":"info","message":"⌛ Building environment","timeElapsed":126,"timestamp":"2026-05-05T14:44:01.423Z"}
{"level":"info","message":"⌛ Validating destinos.wlk","timeElapsed":174,"timestamp":"2026-05-05T14:44:01.619Z"}
{"level":"info","message":"⌛ Validating destinos.wlk","timeElapsed":148,"timestamp":"2026-05-05T14:44:01.771Z"}
{"level":"info","message":"⌛ Building environment","timeElapsed":119,"timestamp":"2026-05-05T14:44:01.893Z"}
{"level":"info","message":"⌛ Validating destinos.wlk","timeElapsed":145,"timestamp":"2026-05-05T14:44:02.050Z"}
{"level":"info","message":"⌛ Building environment","timeElapsed":110,"timestamp":"2026-05-05T14:44:02.716Z"}
{"level":"info","message":"⌛ Validating destinos.wlk","timeElapsed":126,"timestamp":"2026-05-05T14:44:02.885Z"}
{"level":"info","message":"⌛ Building environment","timeElapsed":108,"timestamp":"2026-05-05T14:44:03.003Z"}
{"level":"info","message":"⌛ Validating destinos.wlk","timeElapsed":147,"timestamp":"2026-05-05T14:44:03.189Z"}
{"level":"info","message":"⌛ Building environment","timeElapsed":118,"timestamp":"2026-05-05T14:44:03.308Z"}
{"level":"info","message":"⌛ Validating destinos.wlk","timeElapsed":143,"timestamp":"2026-05-05T14:44:03.584Z"}
{"level":"info","message":"⌛ Validating destinos.wlk","timeElapsed":151,"timestamp":"2026-05-05T14:44:03.735Z"}
{"level":"info","message":"⌛ Building environment","timeElapsed":110,"timestamp":"2026-05-05T14:44:03.848Z"}
{"level":"info","message":"⌛ Building environment","timeElapsed":110,"timestamp":"2026-05-05T14:44:03.978Z"}
{"level":"info","message":"⌛ Validating destinos.wlk","timeElapsed":155,"timestamp":"2026-05-05T14:44:04.136Z"}
{"level":"info","message":"⌛ Building environment","timeElapsed":141,"timestamp":"2026-05-05T14:44:04.317Z"}
{"level":"info","message":"⌛ Validating destinos.wlk","timeElapsed":126,"timestamp":"2026-05-05T14:44:04.445Z"}
{"level":"info","message":"⌛ Validating destinos.wlk","timeElapsed":157,"timestamp":"2026-05-05T14:44:04.710Z"}
{"level":"info","message":"⌛ Validating destinos.wlk","timeElapsed":130,"timestamp":"2026-05-05T14:44:04.842Z"}
{"level":"info","message":"⌛ Building environment","timeElapsed":130,"timestamp":"2026-05-05T14:44:04.974Z"}
{"level":"info","message":"⌛ Building environment","timeElapsed":117,"timestamp":"2026-05-05T14:44:05.149Z"}
{"level":"info","message":"⌛ Building environment","timeElapsed":164,"timestamp":"2026-05-05T14:44:05.314Z"}
{"level":"info","message":"⌛ Validating destinos.wlk","timeElapsed":151,"timestamp":"2026-05-05T14:44:05.476Z"}
{"level":"info","message":"⌛ Validating destinos.wlk","timeElapsed":271,"timestamp":"2026-05-05T14:44:05.750Z"}
{"level":"info","message":"⌛ Building environment","timeElapsed":150,"timestamp":"2026-05-05T14:44:05.906Z"}
{"level":"info","message":"⌛ Validating destinos.wlk","timeElapsed":173,"timestamp":"2026-05-05T14:44:06.081Z"}
{"level":"info","message":"⌛ Validating destinos.wlk","timeElapsed":163,"timestamp":"2026-05-05T14:44:06.515Z"}
{"level":"info","message":"⌛ Validating destinos.wlk","timeElapsed":137,"timestamp":"2026-05-05T14:44:06.655Z"}
{"level":"info","message":"⌛ Validating destinos.wlk","timeElapsed":143,"timestamp":"2026-05-05T14:44:06.799Z"}
{"level":"info","message":"⌛ Building environment","timeElapsed":114,"timestamp":"2026-05-05T14:44:06.914Z"}
{"level":"info","message":"⌛ Building environment","timeElapsed":135,"timestamp":"2026-05-05T14:44:07.110Z"}
{"level":"info","message":"⌛ Validating destinos.wlk","timeElapsed":171,"timestamp":"2026-05-05T14:44:07.283Z"}
{"level":"info","message":"⌛ Building environment","timeElapsed":174,"timestamp":"2026-05-05T14:44:07.463Z"}
{"level":"info","message":"⌛ Validating destinos.wlk","timeElapsed":204,"timestamp":"2026-05-05T14:44:07.668Z"}
{"level":"info","message":"⌛ Building environment","timeElapsed":110,"timestamp":"2026-05-05T14:44:07.824Z"}
{"level":"info","message":"⌛ Validating destinos.wlk","timeElapsed":156,"timestamp":"2026-05-05T14:44:07.981Z"}
{"level":"info","message":"⌛ Validating destinos.wlk","timeElapsed":140,"timestamp":"2026-05-05T14:44:08.131Z"}
{"level":"info","message":"⌛ Building environment","timeElapsed":132,"timestamp":"2026-05-05T14:44:08.972Z"}
{"level":"info","message":"⌛ Validating destinos.wlk","timeElapsed":184,"timestamp":"2026-05-05T14:44:09.203Z"}
{"level":"info","message":"⌛ Building environment","timeElapsed":131,"timestamp":"2026-05-05T14:44:09.335Z"}
{"level":"info","message":"⌛ Validating destinos.wlk","timeElapsed":140,"timestamp":"2026-05-05T14:44:09.524Z"}
{"level":"info","message":"⌛ Building environment","timeElapsed":118,"timestamp":"2026-05-05T14:44:09.732Z"}
{"level":"info","message":"⌛ Validating destinos.wlk","timeElapsed":154,"timestamp":"2026-05-05T14:44:09.928Z"}
{"level":"info","message":"⌛ Building environment","timeElapsed":141,"timestamp":"2026-05-05T14:44:10.090Z"}
{"level":"info","message":"⌛ Validating destinos.wlk","timeElapsed":185,"timestamp":"2026-05-05T14:44:10.318Z"}
{"level":"info","message":"⌛ Building environment","timeElapsed":132,"timestamp":"2026-05-05T14:44:10.471Z"}
{"level":"info","message":"⌛ Validating destinos.wlk","timeElapsed":186,"timestamp":"2026-05-05T14:44:10.661Z"}
{"level":"info","message":"⌛ Building environment","timeElapsed":132,"timestamp":"2026-05-05T14:44:11.362Z"}
{"level":"info","message":"⌛ Validating destinos.wlk","timeElapsed":163,"timestamp":"2026-05-05T14:44:11.541Z"}
{"level":"info","message":"⌛ Building environment","timeElapsed":117,"timestamp":"2026-05-05T14:44:11.670Z"}
{"level":"info","message":"⌛ Validating destinos.wlk","timeElapsed":159,"timestamp":"2026-05-05T14:44:11.831Z"}
{"level":"info","message":"⌛ Building environment","timeElapsed":189,"timestamp":"2026-05-05T14:44:20.202Z"}
{"level":"info","message":"⌛ Building environment","timeElapsed":153,"timestamp":"2026-05-05T14:44:20.392Z"}
{"level":"info","message":"⌛ Validating destinos.wlk","timeElapsed":209,"timestamp":"2026-05-05T14:44:20.603Z"}
{"level":"info","message":"⌛ Building environment","timeElapsed":131,"timestamp":"2026-05-05T14:44:20.736Z"}
{"level":"info","message":"⌛ Validating destinos.wlk","timeElapsed":208,"timestamp":"2026-05-05T14:44:20.948Z"}
{"level":"info","message":"⌛ Building environment","timeElapsed":109,"timestamp":"2026-05-05T14:44:21.061Z"}
{"level":"info","message":"⌛ Validating destinos.wlk","timeElapsed":208,"timestamp":"2026-05-05T14:44:21.270Z"}
{"level":"info","message":"⌛ Building environment","timeElapsed":119,"timestamp":"2026-05-05T14:44:21.391Z"}
{"level":"info","message":"⌛ Building environment","timeElapsed":105,"timestamp":"2026-05-05T14:44:21.513Z"}
{"level":"info","message":"⌛ Validating destinos.wlk","timeElapsed":164,"timestamp":"2026-05-05T14:44:21.678Z"}
{"level":"info","message":"⌛ Building environment","timeElapsed":181,"timestamp":"2026-05-05T14:44:21.861Z"}
{"level":"info","message":"⌛ Building environment","timeElapsed":118,"timestamp":"2026-05-05T14:44:21.995Z"}
{"level":"info","message":"⌛ Building environment","timeElapsed":200,"timestamp":"2026-05-05T14:44:22.198Z"}
{"level":"info","message":"⌛ Validating destinos.wlk","timeElapsed":151,"timestamp":"2026-05-05T14:44:22.351Z"}
{"level":"info","message":"⌛ Validating destinos.wlk","timeElapsed":153,"timestamp":"2026-05-05T14:44:22.558Z"}
{"level":"info","message":"⌛ Building environment","timeElapsed":114,"timestamp":"2026-05-05T14:44:22.675Z"}
{"level":"info","message":"⌛ Validating destinos.wlk","timeElapsed":167,"timestamp":"2026-05-05T14:44:22.851Z"}
{"level":"info","message":"⌛ Validating destinos.wlk","timeElapsed":189,"timestamp":"2026-05-05T14:44:23.045Z"}
{"level":"info","message":"⌛ Building environment","timeElapsed":160,"timestamp":"2026-05-05T14:44:23.205Z"}
{"level":"info","message":"⌛ Validating destinos.wlk","timeElapsed":156,"timestamp":"2026-05-05T14:44:23.362Z"}
{"level":"info","message":"⌛ Building environment","timeElapsed":121,"timestamp":"2026-05-05T14:44:23.494Z"}
{"level":"info","message":"⌛ Building environment","timeElapsed":108,"timestamp":"2026-05-05T14:44:23.652Z"}
{"level":"info","message":"⌛ Validating destinos.wlk","timeElapsed":166,"timestamp":"2026-05-05T14:44:23.820Z"}
{"level":"info","message":"⌛ Building environment","timeElapsed":121,"timestamp":"2026-05-05T14:44:23.942Z"}
{"level":"info","message":"⌛ Building environment","timeElapsed":128,"timestamp":"2026-05-05T14:44:24.071Z"}
{"level":"info","message":"⌛ Building environment","timeElapsed":153,"timestamp":"2026-05-05T14:44:24.226Z"}
{"level":"info","message":"⌛ Validating destinos.wlk","timeElapsed":182,"timestamp":"2026-05-05T14:44:24.409Z"}
{"level":"info","message":"⌛ Validating destinos.wlk","timeElapsed":190,"timestamp":"2026-05-05T14:44:24.614Z"}
{"level":"info","message":"⌛ Validating destinos.wlk","timeElapsed":161,"timestamp":"2026-05-05T14:44:24.779Z"}
{"level":"info","message":"⌛ Building environment","timeElapsed":102,"timestamp":"2026-05-05T14:44:24.882Z"}
{"level":"info","message":"⌛ Validating destinos.wlk","timeElapsed":137,"timestamp":"2026-05-05T14:44:25.021Z"}
{"level":"info","message":"⌛ Validating destinos.wlk","timeElapsed":134,"timestamp":"2026-05-05T14:44:25.200Z"}
{"level":"info","message":"⌛ Validating destinos.wlk","timeElapsed":125,"timestamp":"2026-05-05T14:44:25.327Z"}
{"level":"info","message":"⌛ Building environment","timeElapsed":115,"timestamp":"2026-05-05T14:44:25.446Z"}
{"level":"info","message":"⌛ Validating destinos.wlk","timeElapsed":145,"timestamp":"2026-05-05T14:44:25.592Z"}
{"level":"info","message":"⌛ Validating destinos.wlk","timeElapsed":156,"timestamp":"2026-05-05T14:44:25.760Z"}
{"level":"info","message":"⌛ Validating destinos.wlk","timeElapsed":147,"timestamp":"2026-05-05T14:44:26.048Z"}
{"level":"info","message":"⌛ Building environment","timeElapsed":133,"timestamp":"2026-05-05T14:44:26.186Z"}
{"level":"info","message":"⌛ Validating destinos.wlk","timeElapsed":153,"timestamp":"2026-05-05T14:44:26.385Z"}
{"level":"info","message":"⌛ Building environment","timeElapsed":114,"timestamp":"2026-05-05T14:44:26.667Z"}
{"level":"info","message":"⌛ Validating destinos.wlk","timeElapsed":282,"timestamp":"2026-05-05T14:44:27.000Z"}
{"level":"info","message":"⌛ Building environment","timeElapsed":113,"timestamp":"2026-05-05T14:44:27.116Z"}
{"level":"info","message":"⌛ Validating destinos.wlk","timeElapsed":165,"timestamp":"2026-05-05T14:44:27.319Z"}
{"level":"info","message":"⌛ Validating destinos.wlk","timeElapsed":133,"timestamp":"2026-05-05T14:44:27.609Z"}
{"level":"info","message":"⌛ Building environment","timeElapsed":124,"timestamp":"2026-05-05T14:44:27.822Z"}
{"level":"info","message":"⌛ Validating destinos.wlk","timeElapsed":133,"timestamp":"2026-05-05T14:44:27.994Z"}
{"level":"info","message":"⌛ Building environment","timeElapsed":145,"timestamp":"2026-05-05T14:44:28.505Z"}
{"level":"info","message":"⌛ Validating destinos.wlk","timeElapsed":137,"timestamp":"2026-05-05T14:44:28.687Z"}
{"level":"info","message":"⌛ Building environment","timeElapsed":112,"timestamp":"2026-05-05T14:44:28.979Z"}
{"level":"info","message":"⌛ Validating destinos.wlk","timeElapsed":128,"timestamp":"2026-05-05T14:44:29.109Z"}
{"level":"info","message":"⌛ Building environment","timeElapsed":128,"timestamp":"2026-05-05T14:44:29.786Z"}
{"level":"info","message":"⌛ Validating destinos.wlk","timeElapsed":226,"timestamp":"2026-05-05T14:44:30.014Z"}
{"level":"info","message":"⌛ Building environment","timeElapsed":162,"timestamp":"2026-05-05T14:44:31.617Z"}
{"level":"info","message":"⌛ Validating destinos.wlk","timeElapsed":257,"timestamp":"2026-05-05T14:44:31.890Z"}
{"level":"info","message":"⌛ Building environment","timeElapsed":137,"timestamp":"2026-05-05T14:44:32.212Z"}
{"level":"info","message":"⌛ Validating destinos.wlk","timeElapsed":161,"timestamp":"2026-05-05T14:44:32.375Z"}
{"level":"info","message":"⌛ Building environment","timeElapsed":121,"timestamp":"2026-05-05T14:44:33.347Z"}
{"level":"info","message":"⌛ Validating destinos.wlk","timeElapsed":141,"timestamp":"2026-05-05T14:44:33.501Z"}
{"level":"info","message":"⌛ Building environment","timeElapsed":133,"timestamp":"2026-05-05T14:44:33.693Z"}
{"level":"info","message":"⌛ Validating destinos.wlk","timeElapsed":140,"timestamp":"2026-05-05T14:44:33.844Z"}
{"level":"info","message":"⌛ Building environment","timeElapsed":120,"timestamp":"2026-05-05T14:44:34.688Z"}
{"level":"info","message":"⌛ Validating destinos.wlk","timeElapsed":148,"timestamp":"2026-05-05T14:44:34.849Z"}
{"level":"info","message":"⌛ Building environment","timeElapsed":131,"timestamp":"2026-05-05T14:44:37.967Z"}
{"level":"info","message":"⌛ Validating destinos.wlk","timeElapsed":156,"timestamp":"2026-05-05T14:44:38.125Z"}
{"level":"info","message":"⌛ Building environment","timeElapsed":122,"timestamp":"2026-05-05T14:44:39.409Z"}
{"level":"error","message":"✘ Completions for node Parameter ([2:31, 2:32] - destinos.wlk) failed: Error: [Parameter]{72302e} at destinos.wlk:2 exhausted all cases without a match [Parameter]{72302e} at destinos.wlk:2 exhausted all cases without a match","stack":"Error: [Parameter]{72302e} at destinos.wlk:2 exhausted all cases without a match\n    at c:\\Users\\E495\\.vscode\\extensions\\uqbar.wollok-lsp-ide-0.5.4\\out\\server\\src\\server.js:38:6142\n    at L2 (c:\\Users\\E495\\.vscode\\extensions\\uqbar.wollok-lsp-ide-0.5.4\\out\\server\\src\\server.js:2389:42)\n    at c:\\Users\\E495\\.vscode\\extensions\\uqbar.wollok-lsp-ide-0.5.4\\out\\server\\src\\server.js:2389:2988\n    at c:\\Users\\E495\\.vscode\\extensions\\uqbar.wollok-lsp-ide-0.5.4\\out\\server\\src\\server.js:2398:8440\n    at c:\\Users\\E495\\.vscode\\extensions\\uqbar.wollok-lsp-ide-0.5.4\\out\\server\\src\\server.js:37:74872\n    at Ke (c:\\Users\\E495\\.vscode\\extensions\\uqbar.wollok-lsp-ide-0.5.4\\out\\server\\src\\server.js:7:8527)\n    at Lt (c:\\Users\\E495\\.vscode\\extensions\\uqbar.wollok-lsp-ide-0.5.4\\out\\server\\src\\server.js:7:6189)\n    at ct (c:\\Users\\E495\\.vscode\\extensions\\uqbar.wollok-lsp-ide-0.5.4\\out\\server\\src\\server.js:7:6378)\n    at Immediate._onImmediate (c:\\Users\\E495\\.vscode\\extensions\\uqbar.wollok-lsp-ide-0.5.4\\out\\server\\src\\server.js:7:6142)\n    at process.processImmediate (node:internal/timers:484:21)","timestamp":"2026-05-05T14:44:39.467Z"}
{"level":"info","message":"⌛ Building environment","timeElapsed":102,"timestamp":"2026-05-05T14:44:39.574Z"}
{"level":"info","message":"⌛ Validating destinos.wlk","timeElapsed":140,"timestamp":"2026-05-05T14:44:39.714Z"}
{"level":"info","message":"⌛ Building environment","timeElapsed":117,"timestamp":"2026-05-05T14:44:39.840Z"}
{"level":"info","message":"⌛ Validating destinos.wlk","timeElapsed":115,"timestamp":"2026-05-05T14:44:39.955Z"}
{"level":"error","message":"✘ Completions for node Parameter ([2:31, 2:34] - destinos.wlk) failed: Error: [Parameter]{783cc1} at destinos.wlk:2 exhausted all cases without a match [Parameter]{783cc1} at destinos.wlk:2 exhausted all cases without a match","stack":"Error: [Parameter]{783cc1} at destinos.wlk:2 exhausted all cases without a match\n    at c:\\Users\\E495\\.vscode\\extensions\\uqbar.wollok-lsp-ide-0.5.4\\out\\server\\src\\server.js:38:6142\n    at L2 (c:\\Users\\E495\\.vscode\\extensions\\uqbar.wollok-lsp-ide-0.5.4\\out\\server\\src\\server.js:2389:42)\n    at c:\\Users\\E495\\.vscode\\extensions\\uqbar.wollok-lsp-ide-0.5.4\\out\\server\\src\\server.js:2389:2988\n    at c:\\Users\\E495\\.vscode\\extensions\\uqbar.wollok-lsp-ide-0.5.4\\out\\server\\src\\server.js:2398:8440\n    at c:\\Users\\E495\\.vscode\\extensions\\uqbar.wollok-lsp-ide-0.5.4\\out\\server\\src\\server.js:37:74872\n    at Ke (c:\\Users\\E495\\.vscode\\extensions\\uqbar.wollok-lsp-ide-0.5.4\\out\\server\\src\\server.js:7:8527)\n    at Lt (c:\\Users\\E495\\.vscode\\extensions\\uqbar.wollok-lsp-ide-0.5.4\\out\\server\\src\\server.js:7:6189)\n    at ct (c:\\Users\\E495\\.vscode\\extensions\\uqbar.wollok-lsp-ide-0.5.4\\out\\server\\src\\server.js:7:6378)\n    at Immediate._onImmediate (c:\\Users\\E495\\.vscode\\extensions\\uqbar.wollok-lsp-ide-0.5.4\\out\\server\\src\\server.js:7:6142)\n    at process.processImmediate (node:internal/timers:484:21)","timestamp":"2026-05-05T14:44:39.989Z"}
{"level":"info","message":"⌛ Validating destinos.wlk","timeElapsed":140,"timestamp":"2026-05-05T14:44:40.225Z"}
{"level":"info","message":"⌛ Validating destinos.wlk","timeElapsed":157,"timestamp":"2026-05-05T14:44:40.391Z"}
{"level":"info","message":"⌛ Building environment","timeElapsed":107,"timestamp":"2026-05-05T14:44:40.501Z"}
{"level":"info","message":"⌛ Validating destinos.wlk","timeElapsed":161,"timestamp":"2026-05-05T14:44:40.670Z"}
{"level":"info","message":"⌛ Building environment","timeElapsed":150,"timestamp":"2026-05-05T14:44:40.823Z"}
{"level":"error","message":"✘ Completions for node Parameter ([2:31, 2:35] - destinos.wlk) failed: Error: [Parameter]{01a56a} at destinos.wlk:2 exhausted all cases without a match [Parameter]{01a56a} at destinos.wlk:2 exhausted all cases without a match","stack":"Error: [Parameter]{01a56a} at destinos.wlk:2 exhausted all cases without a match\n    at c:\\Users\\E495\\.vscode\\extensions\\uqbar.wollok-lsp-ide-0.5.4\\out\\server\\src\\server.js:38:6142\n    at L2 (c:\\Users\\E495\\.vscode\\extensions\\uqbar.wollok-lsp-ide-0.5.4\\out\\server\\src\\server.js:2389:42)\n    at c:\\Users\\E495\\.vscode\\extensions\\uqbar.wollok-lsp-ide-0.5.4\\out\\server\\src\\server.js:2389:2988\n    at c:\\Users\\E495\\.vscode\\extensions\\uqbar.wollok-lsp-ide-0.5.4\\out\\server\\src\\server.js:2398:8440\n    at c:\\Users\\E495\\.vscode\\extensions\\uqbar.wollok-lsp-ide-0.5.4\\out\\server\\src\\server.js:37:74872\n    at Ke (c:\\Users\\E495\\.vscode\\extensions\\uqbar.wollok-lsp-ide-0.5.4\\out\\server\\src\\server.js:7:8527)\n    at Lt (c:\\Users\\E495\\.vscode\\extensions\\uqbar.wollok-lsp-ide-0.5.4\\out\\server\\src\\server.js:7:6189)\n    at ct (c:\\Users\\E495\\.vscode\\extensions\\uqbar.wollok-lsp-ide-0.5.4\\out\\server\\src\\server.js:7:6378)\n    at Immediate._onImmediate (c:\\Users\\E495\\.vscode\\extensions\\uqbar.wollok-lsp-ide-0.5.4\\out\\server\\src\\server.js:7:6142)\n    at process.processImmediate (node:internal/timers:484:21)","timestamp":"2026-05-05T14:44:40.884Z"}
{"level":"info","message":"⌛ Building environment","timeElapsed":204,"timestamp":"2026-05-05T14:44:41.105Z"}
{"level":"info","message":"⌛ Validating destinos.wlk","timeElapsed":133,"timestamp":"2026-05-05T14:44:41.261Z"}
{"level":"info","message":"⌛ Building environment","timeElapsed":103,"timestamp":"2026-05-05T14:44:41.368Z"}
{"level":"error","message":"✘ Completions for node Parameter ([2:31, 2:37] - destinos.wlk) failed: Error: [Parameter]{5a4ef9} at destinos.wlk:2 exhausted all cases without a match [Parameter]{5a4ef9} at destinos.wlk:2 exhausted all cases without a match","stack":"Error: [Parameter]{5a4ef9} at destinos.wlk:2 exhausted all cases without a match\n    at c:\\Users\\E495\\.vscode\\extensions\\uqbar.wollok-lsp-ide-0.5.4\\out\\server\\src\\server.js:38:6142\n    at L2 (c:\\Users\\E495\\.vscode\\extensions\\uqbar.wollok-lsp-ide-0.5.4\\out\\server\\src\\server.js:2389:42)\n    at c:\\Users\\E495\\.vscode\\extensions\\uqbar.wollok-lsp-ide-0.5.4\\out\\server\\src\\server.js:2389:2988\n    at c:\\Users\\E495\\.vscode\\extensions\\uqbar.wollok-lsp-ide-0.5.4\\out\\server\\src\\server.js:2398:8440\n    at c:\\Users\\E495\\.vscode\\extensions\\uqbar.wollok-lsp-ide-0.5.4\\out\\server\\src\\server.js:37:74872\n    at Ke (c:\\Users\\E495\\.vscode\\extensions\\uqbar.wollok-lsp-ide-0.5.4\\out\\server\\src\\server.js:7:8527)\n    at Lt (c:\\Users\\E495\\.vscode\\extensions\\uqbar.wollok-lsp-ide-0.5.4\\out\\server\\src\\server.js:7:6189)\n    at ct (c:\\Users\\E495\\.vscode\\extensions\\uqbar.wollok-lsp-ide-0.5.4\\out\\server\\src\\server.js:7:6378)\n    at Immediate._onImmediate (c:\\Users\\E495\\.vscode\\extensions\\uqbar.wollok-lsp-ide-0.5.4\\out\\server\\src\\server.js:7:6142)\n    at process.processImmediate (node:internal/timers:484:21)","timestamp":"2026-05-05T14:44:41.405Z"}
{"level":"info","message":"⌛ Validating destinos.wlk","timeElapsed":150,"timestamp":"2026-05-05T14:44:41.560Z"}
{"level":"info","message":"⌛ Validating destinos.wlk","timeElapsed":163,"timestamp":"2026-05-05T14:44:41.724Z"}
{"level":"error","message":"✘ Completions for node Parameter ([2:31, 2:38] - destinos.wlk) failed: Error: [Parameter]{e0ea48} at destinos.wlk:2 exhausted all cases without a match [Parameter]{e0ea48} at destinos.wlk:2 exhausted all cases without a match","stack":"Error: [Parameter]{e0ea48} at destinos.wlk:2 exhausted all cases without a match\n    at c:\\Users\\E495\\.vscode\\extensions\\uqbar.wollok-lsp-ide-0.5.4\\out\\server\\src\\server.js:38:6142\n    at L2 (c:\\Users\\E495\\.vscode\\extensions\\uqbar.wollok-lsp-ide-0.5.4\\out\\server\\src\\server.js:2389:42)\n    at c:\\Users\\E495\\.vscode\\extensions\\uqbar.wollok-lsp-ide-0.5.4\\out\\server\\src\\server.js:2389:2988\n    at c:\\Users\\E495\\.vscode\\extensions\\uqbar.wollok-lsp-ide-0.5.4\\out\\server\\src\\server.js:2398:8440\n    at c:\\Users\\E495\\.vscode\\extensions\\uqbar.wollok-lsp-ide-0.5.4\\out\\server\\src\\server.js:37:74872\n    at Ke (c:\\Users\\E495\\.vscode\\extensions\\uqbar.wollok-lsp-ide-0.5.4\\out\\server\\src\\server.js:7:8527)\n    at Lt (c:\\Users\\E495\\.vscode\\extensions\\uqbar.wollok-lsp-ide-0.5.4\\out\\server\\src\\server.js:7:6189)\n    at ct (c:\\Users\\E495\\.vscode\\extensions\\uqbar.wollok-lsp-ide-0.5.4\\out\\server\\src\\server.js:7:6378)\n    at Immediate._onImmediate (c:\\Users\\E495\\.vscode\\extensions\\uqbar.wollok-lsp-ide-0.5.4\\out\\server\\src\\server.js:7:6142)\n    at process.processImmediate (node:internal/timers:484:21)","timestamp":"2026-05-05T14:44:41.868Z"}
{"level":"info","message":"⌛ Validating destinos.wlk","timeElapsed":135,"timestamp":"2026-05-05T14:44:42.018Z"}
{"level":"info","message":"⌛ Building environment","timeElapsed":162,"timestamp":"2026-05-05T14:44:43.182Z"}
{"level":"info","message":"⌛ Validating destinos.wlk","timeElapsed":146,"timestamp":"2026-05-05T14:44:43.330Z"}
{"level":"error","message":"✘ Completions for node Return (undefined - destinos.wlk) failed: Error: [Return]{13d228} at destinos.wlk:-- exhausted all cases without a match [Return]{13d228} at destinos.wlk:-- exhausted all cases without a match","stack":"Error: [Return]{13d228} at destinos.wlk:-- exhausted all cases without a match\n    at c:\\Users\\E495\\.vscode\\extensions\\uqbar.wollok-lsp-ide-0.5.4\\out\\server\\src\\server.js:38:6142\n    at L2 (c:\\Users\\E495\\.vscode\\extensions\\uqbar.wollok-lsp-ide-0.5.4\\out\\server\\src\\server.js:2389:42)\n    at Jh (c:\\Users\\E495\\.vscode\\extensions\\uqbar.wollok-lsp-ide-0.5.4\\out\\server\\src\\server.js:2389:1092)\n    at M5n (c:\\Users\\E495\\.vscode\\extensions\\uqbar.wollok-lsp-ide-0.5.4\\out\\server\\src\\server.js:2389:1248)\n    at c:\\Users\\E495\\.vscode\\extensions\\uqbar.wollok-lsp-ide-0.5.4\\out\\server\\src\\server.js:38:6131\n    at L2 (c:\\Users\\E495\\.vscode\\extensions\\uqbar.wollok-lsp-ide-0.5.4\\out\\server\\src\\server.js:2389:42)\n    at c:\\Users\\E495\\.vscode\\extensions\\uqbar.wollok-lsp-ide-0.5.4\\out\\server\\src\\server.js:2389:2988\n    at c:\\Users\\E495\\.vscode\\extensions\\uqbar.wollok-lsp-ide-0.5.4\\out\\server\\src\\server.js:2398:8440\n    at c:\\Users\\E495\\.vscode\\extensions\\uqbar.wollok-lsp-ide-0.5.4\\out\\server\\src\\server.js:37:74872\n    at Ke (c:\\Users\\E495\\.vscode\\extensions\\uqbar.wollok-lsp-ide-0.5.4\\out\\server\\src\\server.js:7:8527)","timestamp":"2026-05-05T14:44:43.849Z"}
{"level":"info","message":"⌛ Validating destinos.wlk","timeElapsed":125,"timestamp":"2026-05-05T14:44:43.977Z"}
{"level":"info","message":"⌛ Building environment","timeElapsed":142,"timestamp":"2026-05-05T14:44:44.217Z"}
{"level":"info","message":"⌛ Validating destinos.wlk","timeElapsed":125,"timestamp":"2026-05-05T14:44:44.364Z"}
{"level":"info","message":"⌛ Validating destinos.wlk","timeElapsed":127,"timestamp":"2026-05-05T14:44:44.585Z"}
{"level":"info","message":"⌛ Building environment","timeElapsed":119,"timestamp":"2026-05-05T14:44:44.704Z"}
{"level":"info","message":"⌛ Validating destinos.wlk","timeElapsed":137,"timestamp":"2026-05-05T14:44:44.853Z"}
{"level":"info","message":"⌛ Building environment","timeElapsed":118,"timestamp":"2026-05-05T14:44:44.982Z"}
{"level":"info","message":"⌛ Validating destinos.wlk","timeElapsed":145,"timestamp":"2026-05-05T14:44:45.128Z"}
{"level":"info","message":"⌛ Validating destinos.wlk","timeElapsed":134,"timestamp":"2026-05-05T14:44:45.366Z"}
{"level":"info","message":"⌛ Validating destinos.wlk","timeElapsed":122,"timestamp":"2026-05-05T14:44:45.503Z"}
{"level":"info","message":"⌛ Building environment","timeElapsed":106,"timestamp":"2026-05-05T14:44:46.166Z"}
{"level":"info","message":"⌛ Validating destinos.wlk","timeElapsed":122,"timestamp":"2026-05-05T14:44:46.337Z"}
{"level":"info","message":"⌛ Building environment","timeElapsed":115,"timestamp":"2026-05-05T14:44:46.598Z"}
{"level":"info","message":"⌛ Validating destinos.wlk","timeElapsed":135,"timestamp":"2026-05-05T14:44:46.735Z"}
{"level":"info","message":"⌛ Building environment","timeElapsed":164,"timestamp":"2026-05-05T14:44:47.002Z"}
{"level":"info","message":"⌛ Validating destinos.wlk","timeElapsed":124,"timestamp":"2026-05-05T14:44:47.152Z"}
{"level":"info","message":"⌛ Building environment","timeElapsed":108,"timestamp":"2026-05-05T14:44:47.262Z"}
{"level":"info","message":"⌛ Validating destinos.wlk","timeElapsed":124,"timestamp":"2026-05-05T14:44:47.388Z"}
{"level":"info","message":"⌛ Validating destinos.wlk","timeElapsed":124,"timestamp":"2026-05-05T14:44:47.519Z"}
{"level":"info","message":"⌛ Building environment","timeElapsed":191,"timestamp":"2026-05-05T14:44:48.242Z"}
{"level":"info","message":"⌛ Validating destinos.wlk","timeElapsed":134,"timestamp":"2026-05-05T14:44:48.378Z"}
{"level":"info","message":"⌛ Building environment","timeElapsed":172,"timestamp":"2026-05-05T14:45:51.126Z"}
{"level":"info","message":"⌛ Validating destinos.wlk","timeElapsed":145,"timestamp":"2026-05-05T14:45:51.274Z"}
{"level":"info","message":"⌛ Building environment","timeElapsed":168,"timestamp":"2026-05-05T14:45:52.063Z"}
{"level":"info","message":"⌛ Validating destinos.wlk","timeElapsed":216,"timestamp":"2026-05-05T14:45:52.281Z"}
{"level":"info","message":"⌛ Building environment","timeElapsed":105,"timestamp":"2026-05-05T14:45:52.535Z"}
{"level":"info","message":"⌛ Validating destinos.wlk","timeElapsed":120,"timestamp":"2026-05-05T14:45:52.658Z"}
{"level":"info","message":"⌛ Building environment","timeElapsed":124,"timestamp":"2026-05-05T14:45:52.992Z"}
{"level":"info","message":"⌛ Validating destinos.wlk","timeElapsed":151,"timestamp":"2026-05-05T14:45:53.146Z"}
{"level":"info","message":"⌛ Building environment","timeElapsed":121,"timestamp":"2026-05-05T14:45:54.220Z"}
{"level":"info","message":"⌛ Validating destinos.wlk","timeElapsed":159,"timestamp":"2026-05-05T14:45:54.381Z"}
{"level":"info","message":"⌛ Building environment","timeElapsed":111,"timestamp":"2026-05-05T14:45:54.494Z"}
{"level":"info","message":"⌛ Validating destinos.wlk","timeElapsed":137,"timestamp":"2026-05-05T14:45:54.648Z"}
{"level":"info","message":"⌛ Building environment","timeElapsed":118,"timestamp":"2026-05-05T14:45:54.766Z"}
{"level":"info","message":"⌛ Validating destinos.wlk","timeElapsed":130,"timestamp":"2026-05-05T14:45:54.910Z"}
{"level":"info","message":"⌛ Building environment","timeElapsed":131,"timestamp":"2026-05-05T14:45:55.231Z"}
{"level":"info","message":"⌛ Validating destinos.wlk","timeElapsed":145,"timestamp":"2026-05-05T14:45:55.379Z"}
{"level":"info","message":"⌛ Building environment","timeElapsed":204,"timestamp":"2026-05-05T14:46:04.698Z"}
{"level":"info","message":"⌛ Validating destinos.wlk","timeElapsed":126,"timestamp":"2026-05-05T14:46:04.929Z"}
{"level":"info","message":"⌛ Validating destinos.wlk","timeElapsed":158,"timestamp":"2026-05-05T14:46:05.087Z"}
{"level":"info","message":"⌛ Building environment","timeElapsed":104,"timestamp":"2026-05-05T14:46:07.534Z"}
{"level":"info","message":"⌛ Validating destinos.wlk","timeElapsed":113,"timestamp":"2026-05-05T14:46:07.701Z"}
{"level":"info","message":"⌛ Building environment","timeElapsed":134,"timestamp":"2026-05-05T14:46:07.943Z"}
{"level":"info","message":"⌛ Validating destinos.wlk","timeElapsed":159,"timestamp":"2026-05-05T14:46:08.109Z"}
{"level":"info","message":"⌛ Building environment","timeElapsed":131,"timestamp":"2026-05-05T14:46:08.241Z"}
{"level":"info","message":"⌛ Validating destinos.wlk","timeElapsed":120,"timestamp":"2026-05-05T14:46:08.473Z"}
{"level":"info","message":"⌛ Validating destinos.wlk","timeElapsed":124,"timestamp":"2026-05-05T14:46:08.696Z"}
{"level":"info","message":"⌛ Validating destinos.wlk","timeElapsed":102,"timestamp":"2026-05-05T14:46:08.806Z"}
{"level":"info","message":"⌛ Validating destinos.wlk","timeElapsed":152,"timestamp":"2026-05-05T14:46:09.065Z"}
{"level":"info","message":"⌛ Building environment","timeElapsed":139,"timestamp":"2026-05-05T14:46:09.204Z"}
{"level":"info","message":"⌛ Validating destinos.wlk","timeElapsed":143,"timestamp":"2026-05-05T14:46:09.364Z"}
{"level":"info","message":"⌛ Building environment","timeElapsed":106,"timestamp":"2026-05-05T14:46:09.606Z"}
{"level":"info","message":"⌛ Validating destinos.wlk","timeElapsed":188,"timestamp":"2026-05-05T14:46:09.795Z"}
{"level":"info","message":"⌛ Validating destinos.wlk","timeElapsed":113,"timestamp":"2026-05-05T14:46:09.908Z"}
{"level":"info","message":"⌛ Building environment","timeElapsed":102,"timestamp":"2026-05-05T14:46:10.158Z"}
{"level":"info","message":"⌛ Validating destinos.wlk","timeElapsed":120,"timestamp":"2026-05-05T14:46:10.279Z"}
{"level":"info","message":"⌛ Validating destinos.wlk","timeElapsed":117,"timestamp":"2026-05-05T14:46:10.489Z"}
{"level":"info","message":"⌛ Validating destinos.wlk","timeElapsed":130,"timestamp":"2026-05-05T14:46:10.628Z"}
{"level":"info","message":"⌛ Validating destinos.wlk","timeElapsed":135,"timestamp":"2026-05-05T14:46:10.902Z"}
{"level":"info","message":"⌛ Validating destinos.wlk","timeElapsed":233,"timestamp":"2026-05-05T14:46:11.241Z"}
{"level":"info","message":"⌛ Building environment","timeElapsed":217,"timestamp":"2026-05-05T14:46:11.459Z"}
{"level":"info","message":"⌛ Validating destinos.wlk","timeElapsed":129,"timestamp":"2026-05-05T14:46:11.688Z"}
{"level":"info","message":"⌛ Validating destinos.wlk","timeElapsed":114,"timestamp":"2026-05-05T14:46:11.802Z"}
{"level":"info","message":"⌛ Building environment","timeElapsed":120,"timestamp":"2026-05-05T14:46:17.592Z"}
{"level":"info","message":"⌛ Validating destinos.wlk","timeElapsed":127,"timestamp":"2026-05-05T14:46:17.876Z"}
{"level":"info","message":"⌛ Validating destinos.wlk","timeElapsed":135,"timestamp":"2026-05-05T14:46:18.012Z"}
{"level":"info","message":"⌛ Building environment","timeElapsed":102,"timestamp":"2026-05-05T14:46:18.122Z"}
{"level":"info","message":"⌛ Building environment","timeElapsed":111,"timestamp":"2026-05-05T14:46:18.241Z"}
{"level":"info","message":"⌛ Validating destinos.wlk","timeElapsed":153,"timestamp":"2026-05-05T14:46:18.398Z"}
{"level":"info","message":"⌛ Validating destinos.wlk","timeElapsed":183,"timestamp":"2026-05-05T14:46:18.587Z"}
{"level":"info","message":"⌛ Building environment","timeElapsed":111,"timestamp":"2026-05-05T14:46:18.705Z"}
{"level":"info","message":"⌛ Building environment","timeElapsed":101,"timestamp":"2026-05-05T14:46:18.820Z"}
{"level":"info","message":"⌛ Validating destinos.wlk","timeElapsed":156,"timestamp":"2026-05-05T14:46:18.976Z"}
{"level":"info","message":"⌛ Validating destinos.wlk","timeElapsed":120,"timestamp":"2026-05-05T14:46:19.106Z"}
{"level":"info","message":"⌛ Building environment","timeElapsed":147,"timestamp":"2026-05-05T14:46:26.157Z"}
{"level":"error","message":"✘ Completions for node Parameter ([2:31, 2:32] - destinos.wlk) failed: Error: [Parameter]{cfd0ed} at destinos.wlk:2 exhausted all cases without a match [Parameter]{cfd0ed} at destinos.wlk:2 exhausted all cases without a match","stack":"Error: [Parameter]{cfd0ed} at destinos.wlk:2 exhausted all cases without a match\n    at c:\\Users\\E495\\.vscode\\extensions\\uqbar.wollok-lsp-ide-0.5.4\\out\\server\\src\\server.js:38:6142\n    at L2 (c:\\Users\\E495\\.vscode\\extensions\\uqbar.wollok-lsp-ide-0.5.4\\out\\server\\src\\server.js:2389:42)\n    at c:\\Users\\E495\\.vscode\\extensions\\uqbar.wollok-lsp-ide-0.5.4\\out\\server\\src\\server.js:2389:2988\n    at c:\\Users\\E495\\.vscode\\extensions\\uqbar.wollok-lsp-ide-0.5.4\\out\\server\\src\\server.js:2398:8440\n    at c:\\Users\\E495\\.vscode\\extensions\\uqbar.wollok-lsp-ide-0.5.4\\out\\server\\src\\server.js:37:74872\n    at Ke (c:\\Users\\E495\\.vscode\\extensions\\uqbar.wollok-lsp-ide-0.5.4\\out\\server\\src\\server.js:7:8527)\n    at Lt (c:\\Users\\E495\\.vscode\\extensions\\uqbar.wollok-lsp-ide-0.5.4\\out\\server\\src\\server.js:7:6189)\n    at ct (c:\\Users\\E495\\.vscode\\extensions\\uqbar.wollok-lsp-ide-0.5.4\\out\\server\\src\\server.js:7:6378)\n    at Immediate._onImmediate (c:\\Users\\E495\\.vscode\\extensions\\uqbar.wollok-lsp-ide-0.5.4\\out\\server\\src\\server.js:7:6142)\n    at process.processImmediate (node:internal/timers:484:21)","timestamp":"2026-05-05T14:46:26.199Z"}
{"level":"info","message":"⌛ Building environment","timeElapsed":109,"timestamp":"2026-05-05T14:46:26.325Z"}
{"level":"info","message":"⌛ Validating destinos.wlk","timeElapsed":138,"timestamp":"2026-05-05T14:46:26.501Z"}
{"level":"info","message":"⌛ Validating destinos.wlk","timeElapsed":152,"timestamp":"2026-05-05T14:46:26.746Z"}
{"level":"error","message":"✘ Completions for node Parameter ([2:31, 2:34] - destinos.wlk) failed: Error: [Parameter]{9942ba} at destinos.wlk:2 exhausted all cases without a match [Parameter]{9942ba} at destinos.wlk:2 exhausted all cases without a match","stack":"Error: [Parameter]{9942ba} at destinos.wlk:2 exhausted all cases without a match\n    at c:\\Users\\E495\\.vscode\\extensions\\uqbar.wollok-lsp-ide-0.5.4\\out\\server\\src\\server.js:38:6142\n    at L2 (c:\\Users\\E495\\.vscode\\extensions\\uqbar.wollok-lsp-ide-0.5.4\\out\\server\\src\\server.js:2389:42)\n    at c:\\Users\\E495\\.vscode\\extensions\\uqbar.wollok-lsp-ide-0.5.4\\out\\server\\src\\server.js:2389:2988\n    at c:\\Users\\E495\\.vscode\\extensions\\uqbar.wollok-lsp-ide-0.5.4\\out\\server\\src\\server.js:2398:8440\n    at c:\\Users\\E495\\.vscode\\extensions\\uqbar.wollok-lsp-ide-0.5.4\\out\\server\\src\\server.js:37:74872\n    at Ke (c:\\Users\\E495\\.vscode\\extensions\\uqbar.wollok-lsp-ide-0.5.4\\out\\server\\src\\server.js:7:8527)\n    at Lt (c:\\Users\\E495\\.vscode\\extensions\\uqbar.wollok-lsp-ide-0.5.4\\out\\server\\src\\server.js:7:6189)\n    at ct (c:\\Users\\E495\\.vscode\\extensions\\uqbar.wollok-lsp-ide-0.5.4\\out\\server\\src\\server.js:7:6378)\n    at Immediate._onImmediate (c:\\Users\\E495\\.vscode\\extensions\\uqbar.wollok-lsp-ide-0.5.4\\out\\server\\src\\server.js:7:6142)\n    at process.processImmediate (node:internal/timers:484:21)","timestamp":"2026-05-05T14:46:26.777Z"}
{"level":"info","message":"⌛ Validating destinos.wlk","timeElapsed":143,"timestamp":"2026-05-05T14:46:27.020Z"}
{"level":"info","message":"⌛ Building environment","timeElapsed":105,"timestamp":"2026-05-05T14:46:27.223Z"}
{"level":"info","message":"⌛ Validating destinos.wlk","timeElapsed":130,"timestamp":"2026-05-05T14:46:27.371Z"}
{"level":"info","message":"⌛ Building environment","timeElapsed":125,"timestamp":"2026-05-05T14:46:27.506Z"}
{"level":"error","message":"✘ Completions for node Parameter ([2:31, 2:38] - destinos.wlk) failed: Error: [Parameter]{75105d} at destinos.wlk:2 exhausted all cases without a match [Parameter]{75105d} at destinos.wlk:2 exhausted all cases without a match","stack":"Error: [Parameter]{75105d} at destinos.wlk:2 exhausted all cases without a match\n    at c:\\Users\\E495\\.vscode\\extensions\\uqbar.wollok-lsp-ide-0.5.4\\out\\server\\src\\server.js:38:6142\n    at L2 (c:\\Users\\E495\\.vscode\\extensions\\uqbar.wollok-lsp-ide-0.5.4\\out\\server\\src\\server.js:2389:42)\n    at c:\\Users\\E495\\.vscode\\extensions\\uqbar.wollok-lsp-ide-0.5.4\\out\\server\\src\\server.js:2389:2988\n    at c:\\Users\\E495\\.vscode\\extensions\\uqbar.wollok-lsp-ide-0.5.4\\out\\server\\src\\server.js:2398:8440\n    at c:\\Users\\E495\\.vscode\\extensions\\uqbar.wollok-lsp-ide-0.5.4\\out\\server\\src\\server.js:37:74872\n    at Ke (c:\\Users\\E495\\.vscode\\extensions\\uqbar.wollok-lsp-ide-0.5.4\\out\\server\\src\\server.js:7:8527)\n    at Lt (c:\\Users\\E495\\.vscode\\extensions\\uqbar.wollok-lsp-ide-0.5.4\\out\\server\\src\\server.js:7:6189)\n    at ct (c:\\Users\\E495\\.vscode\\extensions\\uqbar.wollok-lsp-ide-0.5.4\\out\\server\\src\\server.js:7:6378)\n    at Immediate._onImmediate (c:\\Users\\E495\\.vscode\\extensions\\uqbar.wollok-lsp-ide-0.5.4\\out\\server\\src\\server.js:7:6142)\n    at process.processImmediate (node:internal/timers:484:21)","timestamp":"2026-05-05T14:46:27.540Z"}
{"level":"info","message":"⌛ Validating destinos.wlk","timeElapsed":124,"timestamp":"2026-05-05T14:46:27.667Z"}
{"level":"info","message":"⌛ Validating destinos.wlk","timeElapsed":116,"timestamp":"2026-05-05T14:46:27.884Z"}
{"level":"info","message":"⌛ Validating destinos.wlk","timeElapsed":129,"timestamp":"2026-05-05T14:46:28.119Z"}
{"level":"info","message":"⌛ Validating destinos.wlk","timeElapsed":116,"timestamp":"2026-05-05T14:46:28.237Z"}
{"level":"info","message":"⌛ Validating destinos.wlk","timeElapsed":129,"timestamp":"2026-05-05T14:46:28.367Z"}
{"level":"info","message":"⌛ Building environment","timeElapsed":129,"timestamp":"2026-05-05T14:46:30.051Z"}
{"level":"error","message":"✘ Completions for node Send ([2:44, 2:59] - destinos.wlk) failed: Error: [Send]{e2667f} at destinos.wlk:2 exhausted all cases without a match [Send]{e2667f} at destinos.wlk:2 exhausted all cases without a match","stack":"Error: [Send]{e2667f} at destinos.wlk:2 exhausted all cases without a match\n    at c:\\Users\\E495\\.vscode\\extensions\\uqbar.wollok-lsp-ide-0.5.4\\out\\server\\src\\server.js:38:6142\n    at L2 (c:\\Users\\E495\\.vscode\\extensions\\uqbar.wollok-lsp-ide-0.5.4\\out\\server\\src\\server.js:2389:42)\n    at Jh (c:\\Users\\E495\\.vscode\\extensions\\uqbar.wollok-lsp-ide-0.5.4\\out\\server\\src\\server.js:2389:1092)\n    at M5n (c:\\Users\\E495\\.vscode\\extensions\\uqbar.wollok-lsp-ide-0.5.4\\out\\server\\src\\server.js:2389:1248)\n    at c:\\Users\\E495\\.vscode\\extensions\\uqbar.wollok-lsp-ide-0.5.4\\out\\server\\src\\server.js:38:6131\n    at L2 (c:\\Users\\E495\\.vscode\\extensions\\uqbar.wollok-lsp-ide-0.5.4\\out\\server\\src\\server.js:2389:42)\n    at c:\\Users\\E495\\.vscode\\extensions\\uqbar.wollok-lsp-ide-0.5.4\\out\\server\\src\\server.js:2389:2988\n    at c:\\Users\\E495\\.vscode\\extensions\\uqbar.wollok-lsp-ide-0.5.4\\out\\server\\src\\server.js:2398:8440\n    at c:\\Users\\E495\\.vscode\\extensions\\uqbar.wollok-lsp-ide-0.5.4\\out\\server\\src\\server.js:37:74872\n    at Ke (c:\\Users\\E495\\.vscode\\extensions\\uqbar.wollok-lsp-ide-0.5.4\\out\\server\\src\\server.js:7:8527)","timestamp":"2026-05-05T14:46:30.102Z"}
{"level":"error","message":"✘ Completions for node Send ([2:44, 2:67] - destinos.wlk) failed: Error: [Send]{727f18} at destinos.wlk:2 exhausted all cases without a match [Send]{727f18} at destinos.wlk:2 exhausted all cases without a match","stack":"Error: [Send]{727f18} at destinos.wlk:2 exhausted all cases without a match\n    at c:\\Users\\E495\\.vscode\\extensions\\uqbar.wollok-lsp-ide-0.5.4\\out\\server\\src\\server.js:38:6142\n    at L2 (c:\\Users\\E495\\.vscode\\extensions\\uqbar.wollok-lsp-ide-0.5.4\\out\\server\\src\\server.js:2389:42)\n    at Jh (c:\\Users\\E495\\.vscode\\extensions\\uqbar.wollok-lsp-ide-0.5.4\\out\\server\\src\\server.js:2389:1092)\n    at L2 (c:\\Users\\E495\\.vscode\\extensions\\uqbar.wollok-lsp-ide-0.5.4\\out\\server\\src\\server.js:2389:544)\n    at Jh (c:\\Users\\E495\\.vscode\\extensions\\uqbar.wollok-lsp-ide-0.5.4\\out\\server\\src\\server.js:2389:1092)\n    at M5n (c:\\Users\\E495\\.vscode\\extensions\\uqbar.wollok-lsp-ide-0.5.4\\out\\server\\src\\server.js:2389:1248)\n    at c:\\Users\\E495\\.vscode\\extensions\\uqbar.wollok-lsp-ide-0.5.4\\out\\server\\src\\server.js:38:6131\n    at L2 (c:\\Users\\E495\\.vscode\\extensions\\uqbar.wollok-lsp-ide-0.5.4\\out\\server\\src\\server.js:2389:42)\n    at c:\\Users\\E495\\.vscode\\extensions\\uqbar.wollok-lsp-ide-0.5.4\\out\\server\\src\\server.js:2389:2988\n    at c:\\Users\\E495\\.vscode\\extensions\\uqbar.wollok-lsp-ide-0.5.4\\out\\server\\src\\server.js:2398:8440","timestamp":"2026-05-05T14:46:30.102Z"}
{"level":"error","message":"✘ Completions for node Return (undefined - destinos.wlk) failed: Error: [Return]{c2ed70} at destinos.wlk:-- exhausted all cases without a match [Return]{c2ed70} at destinos.wlk:-- exhausted all cases without a match","stack":"Error: [Return]{c2ed70} at destinos.wlk:-- exhausted all cases without a match\n    at c:\\Users\\E495\\.vscode\\extensions\\uqbar.wollok-lsp-ide-0.5.4\\out\\server\\src\\server.js:38:6142\n    at L2 (c:\\Users\\E495\\.vscode\\extensions\\uqbar.wollok-lsp-ide-0.5.4\\out\\server\\src\\server.js:2389:42)\n    at Jh (c:\\Users\\E495\\.vscode\\extensions\\uqbar.wollok-lsp-ide-0.5.4\\out\\server\\src\\server.js:2389:1092)\n    at L2 (c:\\Users\\E495\\.vscode\\extensions\\uqbar.wollok-lsp-ide-0.5.4\\out\\server\\src\\server.js:2389:544)\n    at Jh (c:\\Users\\E495\\.vscode\\extensions\\uqbar.wollok-lsp-ide-0.5.4\\out\\server\\src\\server.js:2389:1092)\n    at L2 (c:\\Users\\E495\\.vscode\\extensions\\uqbar.wollok-lsp-ide-0.5.4\\out\\server\\src\\server.js:2389:544)\n    at Jh (c:\\Users\\E495\\.vscode\\extensions\\uqbar.wollok-lsp-ide-0.5.4\\out\\server\\src\\server.js:2389:1092)\n    at M5n (c:\\Users\\E495\\.vscode\\extensions\\uqbar.wollok-lsp-ide-0.5.4\\out\\server\\src\\server.js:2389:1248)\n    at c:\\Users\\E495\\.vscode\\extensions\\uqbar.wollok-lsp-ide-0.5.4\\out\\server\\src\\server.js:38:6131\n    at L2 (c:\\Users\\E495\\.vscode\\extensions\\uqbar.wollok-lsp-ide-0.5.4\\out\\server\\src\\server.js:2389:42)","timestamp":"2026-05-05T14:46:30.103Z"}
{"level":"info","message":"⌛ Building environment","timeElapsed":127,"timestamp":"2026-05-05T14:46:30.235Z"}
{"level":"info","message":"⌛ Validating destinos.wlk","timeElapsed":140,"timestamp":"2026-05-05T14:46:30.376Z"}
{"level":"info","message":"⌛ Validating destinos.wlk","timeElapsed":133,"timestamp":"2026-05-05T14:46:30.598Z"}
{"level":"info","message":"⌛ Building environment","timeElapsed":129,"timestamp":"2026-05-05T14:46:30.728Z"}
{"level":"info","message":"⌛ Validating destinos.wlk","timeElapsed":114,"timestamp":"2026-05-05T14:46:30.844Z"}
{"level":"info","message":"⌛ Building environment","timeElapsed":112,"timestamp":"2026-05-05T14:46:30.965Z"}
{"level":"info","message":"⌛ Validating destinos.wlk","timeElapsed":136,"timestamp":"2026-05-05T14:46:31.102Z"}
{"level":"info","message":"⌛ Validating destinos.wlk","timeElapsed":156,"timestamp":"2026-05-05T14:46:31.366Z"}
{"level":"info","message":"⌛ Validating destinos.wlk","timeElapsed":166,"timestamp":"2026-05-05T14:46:31.548Z"}
{"level":"info","message":"⌛ Building environment","timeElapsed":181,"timestamp":"2026-05-05T14:46:31.732Z"}
{"level":"info","message":"⌛ Validating destinos.wlk","timeElapsed":200,"timestamp":"2026-05-05T14:46:31.934Z"}
{"level":"info","message":"⌛ Validating destinos.wlk","timeElapsed":145,"timestamp":"2026-05-05T14:46:32.219Z"}
{"level":"info","message":"⌛ Building environment","timeElapsed":117,"timestamp":"2026-05-05T14:46:34.929Z"}
{"level":"error","message":"✘ Completions for node Send ([2:44, 2:69] - destinos.wlk) failed: Error: [Send]{c16fea} at destinos.wlk:2 exhausted all cases without a match [Send]{c16fea} at destinos.wlk:2 exhausted all cases without a match","stack":"Error: [Send]{c16fea} at destinos.wlk:2 exhausted all cases without a match\n    at c:\\Users\\E495\\.vscode\\extensions\\uqbar.wollok-lsp-ide-0.5.4\\out\\server\\src\\server.js:38:6142\n    at L2 (c:\\Users\\E495\\.vscode\\extensions\\uqbar.wollok-lsp-ide-0.5.4\\out\\server\\src\\server.js:2389:42)\n    at Jh (c:\\Users\\E495\\.vscode\\extensions\\uqbar.wollok-lsp-ide-0.5.4\\out\\server\\src\\server.js:2389:1092)\n    at M5n (c:\\Users\\E495\\.vscode\\extensions\\uqbar.wollok-lsp-ide-0.5.4\\out\\server\\src\\server.js:2389:1248)\n    at c:\\Users\\E495\\.vscode\\extensions\\uqbar.wollok-lsp-ide-0.5.4\\out\\server\\src\\server.js:38:6131\n    at L2 (c:\\Users\\E495\\.vscode\\extensions\\uqbar.wollok-lsp-ide-0.5.4\\out\\server\\src\\server.js:2389:42)\n    at c:\\Users\\E495\\.vscode\\extensions\\uqbar.wollok-lsp-ide-0.5.4\\out\\server\\src\\server.js:2389:2988\n    at c:\\Users\\E495\\.vscode\\extensions\\uqbar.wollok-lsp-ide-0.5.4\\out\\server\\src\\server.js:2398:8440\n    at c:\\Users\\E495\\.vscode\\extensions\\uqbar.wollok-lsp-ide-0.5.4\\out\\server\\src\\server.js:37:74872\n    at Ke (c:\\Users\\E495\\.vscode\\extensions\\uqbar.wollok-lsp-ide-0.5.4\\out\\server\\src\\server.js:7:8527)","timestamp":"2026-05-05T14:46:34.967Z"}
{"level":"error","message":"✘ Completions for node Send ([2:44, 2:77] - destinos.wlk) failed: Error: [Send]{e87c4e} at destinos.wlk:2 exhausted all cases without a match [Send]{e87c4e} at destinos.wlk:2 exhausted all cases without a match","stack":"Error: [Send]{e87c4e} at destinos.wlk:2 exhausted all cases without a match\n    at c:\\Users\\E495\\.vscode\\extensions\\uqbar.wollok-lsp-ide-0.5.4\\out\\server\\src\\server.js:38:6142\n    at L2 (c:\\Users\\E495\\.vscode\\extensions\\uqbar.wollok-lsp-ide-0.5.4\\out\\server\\src\\server.js:2389:42)\n    at Jh (c:\\Users\\E495\\.vscode\\extensions\\uqbar.wollok-lsp-ide-0.5.4\\out\\server\\src\\server.js:2389:1092)\n    at L2 (c:\\Users\\E495\\.vscode\\extensions\\uqbar.wollok-lsp-ide-0.5.4\\out\\server\\src\\server.js:2389:544)\n    at Jh (c:\\Users\\E495\\.vscode\\extensions\\uqbar.wollok-lsp-ide-0.5.4\\out\\server\\src\\server.js:2389:1092)\n    at M5n (c:\\Users\\E495\\.vscode\\extensions\\uqbar.wollok-lsp-ide-0.5.4\\out\\server\\src\\server.js:2389:1248)\n    at c:\\Users\\E495\\.vscode\\extensions\\uqbar.wollok-lsp-ide-0.5.4\\out\\server\\src\\server.js:38:6131\n    at L2 (c:\\Users\\E495\\.vscode\\extensions\\uqbar.wollok-lsp-ide-0.5.4\\out\\server\\src\\server.js:2389:42)\n    at c:\\Users\\E495\\.vscode\\extensions\\uqbar.wollok-lsp-ide-0.5.4\\out\\server\\src\\server.js:2389:2988\n    at c:\\Users\\E495\\.vscode\\extensions\\uqbar.wollok-lsp-ide-0.5.4\\out\\server\\src\\server.js:2398:8440","timestamp":"2026-05-05T14:46:34.967Z"}
{"level":"error","message":"✘ Completions for node Return (undefined - destinos.wlk) failed: Error: [Return]{a231fa} at destinos.wlk:-- exhausted all cases without a match [Return]{a231fa} at destinos.wlk:-- exhausted all cases without a match","stack":"Error: [Return]{a231fa} at destinos.wlk:-- exhausted all cases without a match\n    at c:\\Users\\E495\\.vscode\\extensions\\uqbar.wollok-lsp-ide-0.5.4\\out\\server\\src\\server.js:38:6142\n    at L2 (c:\\Users\\E495\\.vscode\\extensions\\uqbar.wollok-lsp-ide-0.5.4\\out\\server\\src\\server.js:2389:42)\n    at Jh (c:\\Users\\E495\\.vscode\\extensions\\uqbar.wollok-lsp-ide-0.5.4\\out\\server\\src\\server.js:2389:1092)\n    at L2 (c:\\Users\\E495\\.vscode\\extensions\\uqbar.wollok-lsp-ide-0.5.4\\out\\server\\src\\server.js:2389:544)\n    at Jh (c:\\Users\\E495\\.vscode\\extensions\\uqbar.wollok-lsp-ide-0.5.4\\out\\server\\src\\server.js:2389:1092)\n    at L2 (c:\\Users\\E495\\.vscode\\extensions\\uqbar.wollok-lsp-ide-0.5.4\\out\\server\\src\\server.js:2389:544)\n    at Jh (c:\\Users\\E495\\.vscode\\extensions\\uqbar.wollok-lsp-ide-0.5.4\\out\\server\\src\\server.js:2389:1092)\n    at M5n (c:\\Users\\E495\\.vscode\\extensions\\uqbar.wollok-lsp-ide-0.5.4\\out\\server\\src\\server.js:2389:1248)\n    at c:\\Users\\E495\\.vscode\\extensions\\uqbar.wollok-lsp-ide-0.5.4\\out\\server\\src\\server.js:38:6131\n    at L2 (c:\\Users\\E495\\.vscode\\extensions\\uqbar.wollok-lsp-ide-0.5.4\\out\\server\\src\\server.js:2389:42)","timestamp":"2026-05-05T14:46:34.967Z"}
{"level":"info","message":"⌛ Validating destinos.wlk","timeElapsed":118,"timestamp":"2026-05-05T14:46:35.091Z"}
{"level":"info","message":"⌛ Building environment","timeElapsed":116,"timestamp":"2026-05-05T14:46:35.377Z"}
{"level":"error","message":"✘ Completions for node Send ([2:44, 2:70] - destinos.wlk) failed: Error: [Send]{4865ab} at destinos.wlk:2 exhausted all cases without a match [Send]{4865ab} at destinos.wlk:2 exhausted all cases without a match","stack":"Error: [Send]{4865ab} at destinos.wlk:2 exhausted all cases without a match\n    at c:\\Users\\E495\\.vscode\\extensions\\uqbar.wollok-lsp-ide-0.5.4\\out\\server\\src\\server.js:38:6142\n    at L2 (c:\\Users\\E495\\.vscode\\extensions\\uqbar.wollok-lsp-ide-0.5.4\\out\\server\\src\\server.js:2389:42)\n    at Jh (c:\\Users\\E495\\.vscode\\extensions\\uqbar.wollok-lsp-ide-0.5.4\\out\\server\\src\\server.js:2389:1092)\n    at M5n (c:\\Users\\E495\\.vscode\\extensions\\uqbar.wollok-lsp-ide-0.5.4\\out\\server\\src\\server.js:2389:1248)\n    at c:\\Users\\E495\\.vscode\\extensions\\uqbar.wollok-lsp-ide-0.5.4\\out\\server\\src\\server.js:38:6131\n    at L2 (c:\\Users\\E495\\.vscode\\extensions\\uqbar.wollok-lsp-ide-0.5.4\\out\\server\\src\\server.js:2389:42)\n    at c:\\Users\\E495\\.vscode\\extensions\\uqbar.wollok-lsp-ide-0.5.4\\out\\server\\src\\server.js:2389:2988\n    at c:\\Users\\E495\\.vscode\\extensions\\uqbar.wollok-lsp-ide-0.5.4\\out\\server\\src\\server.js:2398:8440\n    at c:\\Users\\E495\\.vscode\\extensions\\uqbar.wollok-lsp-ide-0.5.4\\out\\server\\src\\server.js:37:74872\n    at Ke (c:\\Users\\E495\\.vscode\\extensions\\uqbar.wollok-lsp-ide-0.5.4\\out\\server\\src\\server.js:7:8527)","timestamp":"2026-05-05T14:46:35.415Z"}
{"level":"error","message":"✘ Completions for node Send ([2:44, 2:78] - destinos.wlk) failed: Error: [Send]{431d34} at destinos.wlk:2 exhausted all cases without a match [Send]{431d34} at destinos.wlk:2 exhausted all cases without a match","stack":"Error: [Send]{431d34} at destinos.wlk:2 exhausted all cases without a match\n    at c:\\Users\\E495\\.vscode\\extensions\\uqbar.wollok-lsp-ide-0.5.4\\out\\server\\src\\server.js:38:6142\n    at L2 (c:\\Users\\E495\\.vscode\\extensions\\uqbar.wollok-lsp-ide-0.5.4\\out\\server\\src\\server.js:2389:42)\n    at Jh (c:\\Users\\E495\\.vscode\\extensions\\uqbar.wollok-lsp-ide-0.5.4\\out\\server\\src\\server.js:2389:1092)\n    at L2 (c:\\Users\\E495\\.vscode\\extensions\\uqbar.wollok-lsp-ide-0.5.4\\out\\server\\src\\server.js:2389:544)\n    at Jh (c:\\Users\\E495\\.vscode\\extensions\\uqbar.wollok-lsp-ide-0.5.4\\out\\server\\src\\server.js:2389:1092)\n    at M5n (c:\\Users\\E495\\.vscode\\extensions\\uqbar.wollok-lsp-ide-0.5.4\\out\\server\\src\\server.js:2389:1248)\n    at c:\\Users\\E495\\.vscode\\extensions\\uqbar.wollok-lsp-ide-0.5.4\\out\\server\\src\\server.js:38:6131\n    at L2 (c:\\Users\\E495\\.vscode\\extensions\\uqbar.wollok-lsp-ide-0.5.4\\out\\server\\src\\server.js:2389:42)\n    at c:\\Users\\E495\\.vscode\\extensions\\uqbar.wollok-lsp-ide-0.5.4\\out\\server\\src\\server.js:2389:2988\n    at c:\\Users\\E495\\.vscode\\extensions\\uqbar.wollok-lsp-ide-0.5.4\\out\\server\\src\\server.js:2398:8440","timestamp":"2026-05-05T14:46:35.415Z"}
{"level":"error","message":"✘ Completions for node Return (undefined - destinos.wlk) failed: Error: [Return]{7154b1} at destinos.wlk:-- exhausted all cases without a match [Return]{7154b1} at destinos.wlk:-- exhausted all cases without a match","stack":"Error: [Return]{7154b1} at destinos.wlk:-- exhausted all cases without a match\n    at c:\\Users\\E495\\.vscode\\extensions\\uqbar.wollok-lsp-ide-0.5.4\\out\\server\\src\\server.js:38:6142\n    at L2 (c:\\Users\\E495\\.vscode\\extensions\\uqbar.wollok-lsp-ide-0.5.4\\out\\server\\src\\server.js:2389:42)\n    at Jh (c:\\Users\\E495\\.vscode\\extensions\\uqbar.wollok-lsp-ide-0.5.4\\out\\server\\src\\server.js:2389:1092)\n    at L2 (c:\\Users\\E495\\.vscode\\extensions\\uqbar.wollok-lsp-ide-0.5.4\\out\\server\\src\\server.js:2389:544)\n    at Jh (c:\\Users\\E495\\.vscode\\extensions\\uqbar.wollok-lsp-ide-0.5.4\\out\\server\\src\\server.js:2389:1092)\n    at L2 (c:\\Users\\E495\\.vscode\\extensions\\uqbar.wollok-lsp-ide-0.5.4\\out\\server\\src\\server.js:2389:544)\n    at Jh (c:\\Users\\E495\\.vscode\\extensions\\uqbar.wollok-lsp-ide-0.5.4\\out\\server\\src\\server.js:2389:1092)\n    at M5n (c:\\Users\\E495\\.vscode\\extensions\\uqbar.wollok-lsp-ide-0.5.4\\out\\server\\src\\server.js:2389:1248)\n    at c:\\Users\\E495\\.vscode\\extensions\\uqbar.wollok-lsp-ide-0.5.4\\out\\server\\src\\server.js:38:6131\n    at L2 (c:\\Users\\E495\\.vscode\\extensions\\uqbar.wollok-lsp-ide-0.5.4\\out\\server\\src\\server.js:2389:42)","timestamp":"2026-05-05T14:46:35.415Z"}
{"level":"info","message":"⌛ Validating destinos.wlk","timeElapsed":111,"timestamp":"2026-05-05T14:46:35.529Z"}
{"level":"info","message":"⌛ Building environment","timeElapsed":106,"timestamp":"2026-05-05T14:46:35.764Z"}
{"level":"error","message":"✘ Completions for node Send ([2:44, 2:71] - destinos.wlk) failed: Error: [Send]{aed270} at destinos.wlk:2 exhausted all cases without a match [Send]{aed270} at destinos.wlk:2 exhausted all cases without a match","stack":"Error: [Send]{aed270} at destinos.wlk:2 exhausted all cases without a match\n    at c:\\Users\\E495\\.vscode\\extensions\\uqbar.wollok-lsp-ide-0.5.4\\out\\server\\src\\server.js:38:6142\n    at L2 (c:\\Users\\E495\\.vscode\\extensions\\uqbar.wollok-lsp-ide-0.5.4\\out\\server\\src\\server.js:2389:42)\n    at Jh (c:\\Users\\E495\\.vscode\\extensions\\uqbar.wollok-lsp-ide-0.5.4\\out\\server\\src\\server.js:2389:1092)\n    at M5n (c:\\Users\\E495\\.vscode\\extensions\\uqbar.wollok-lsp-ide-0.5.4\\out\\server\\src\\server.js:2389:1248)\n    at c:\\Users\\E495\\.vscode\\extensions\\uqbar.wollok-lsp-ide-0.5.4\\out\\server\\src\\server.js:38:6131\n    at L2 (c:\\Users\\E495\\.vscode\\extensions\\uqbar.wollok-lsp-ide-0.5.4\\out\\server\\src\\server.js:2389:42)\n    at c:\\Users\\E495\\.vscode\\extensions\\uqbar.wollok-lsp-ide-0.5.4\\out\\server\\src\\server.js:2389:2988\n    at c:\\Users\\E495\\.vscode\\extensions\\uqbar.wollok-lsp-ide-0.5.4\\out\\server\\src\\server.js:2398:8440\n    at c:\\Users\\E495\\.vscode\\extensions\\uqbar.wollok-lsp-ide-0.5.4\\out\\server\\src\\server.js:37:74872\n    at Ke (c:\\Users\\E495\\.vscode\\extensions\\uqbar.wollok-lsp-ide-0.5.4\\out\\server\\src\\server.js:7:8527)","timestamp":"2026-05-05T14:46:35.833Z"}
{"level":"error","message":"✘ Completions for node Send ([2:44, 2:79] - destinos.wlk) failed: Error: [Send]{b84c4c} at destinos.wlk:2 exhausted all cases without a match [Send]{b84c4c} at destinos.wlk:2 exhausted all cases without a match","stack":"Error: [Send]{b84c4c} at destinos.wlk:2 exhausted all cases without a match\n    at c:\\Users\\E495\\.vscode\\extensions\\uqbar.wollok-lsp-ide-0.5.4\\out\\server\\src\\server.js:38:6142\n    at L2 (c:\\Users\\E495\\.vscode\\extensions\\uqbar.wollok-lsp-ide-0.5.4\\out\\server\\src\\server.js:2389:42)\n    at Jh (c:\\Users\\E495\\.vscode\\extensions\\uqbar.wollok-lsp-ide-0.5.4\\out\\server\\src\\server.js:2389:1092)\n    at L2 (c:\\Users\\E495\\.vscode\\extensions\\uqbar.wollok-lsp-ide-0.5.4\\out\\server\\src\\server.js:2389:544)\n    at Jh (c:\\Users\\E495\\.vscode\\extensions\\uqbar.wollok-lsp-ide-0.5.4\\out\\server\\src\\server.js:2389:1092)\n    at M5n (c:\\Users\\E495\\.vscode\\extensions\\uqbar.wollok-lsp-ide-0.5.4\\out\\server\\src\\server.js:2389:1248)\n    at c:\\Users\\E495\\.vscode\\extensions\\uqbar.wollok-lsp-ide-0.5.4\\out\\server\\src\\server.js:38:6131\n    at L2 (c:\\Users\\E495\\.vscode\\extensions\\uqbar.wollok-lsp-ide-0.5.4\\out\\server\\src\\server.js:2389:42)\n    at c:\\Users\\E495\\.vscode\\extensions\\uqbar.wollok-lsp-ide-0.5.4\\out\\server\\src\\server.js:2389:2988\n    at c:\\Users\\E495\\.vscode\\extensions\\uqbar.wollok-lsp-ide-0.5.4\\out\\server\\src\\server.js:2398:8440","timestamp":"2026-05-05T14:46:35.833Z"}
{"level":"error","message":"✘ Completions for node Return (undefined - destinos.wlk) failed: Error: [Return]{c45a4e} at destinos.wlk:-- exhausted all cases without a match [Return]{c45a4e} at destinos.wlk:-- exhausted all cases without a match","stack":"Error: [Return]{c45a4e} at destinos.wlk:-- exhausted all cases without a match\n    at c:\\Users\\E495\\.vscode\\extensions\\uqbar.wollok-lsp-ide-0.5.4\\out\\server\\src\\server.js:38:6142\n    at L2 (c:\\Users\\E495\\.vscode\\extensions\\uqbar.wollok-lsp-ide-0.5.4\\out\\server\\src\\server.js:2389:42)\n    at Jh (c:\\Users\\E495\\.vscode\\extensions\\uqbar.wollok-lsp-ide-0.5.4\\out\\server\\src\\server.js:2389:1092)\n    at L2 (c:\\Users\\E495\\.vscode\\extensions\\uqbar.wollok-lsp-ide-0.5.4\\out\\server\\src\\server.js:2389:544)\n    at Jh (c:\\Users\\E495\\.vscode\\extensions\\uqbar.wollok-lsp-ide-0.5.4\\out\\server\\src\\server.js:2389:1092)\n    at L2 (c:\\Users\\E495\\.vscode\\extensions\\uqbar.wollok-lsp-ide-0.5.4\\out\\server\\src\\server.js:2389:544)\n    at Jh (c:\\Users\\E495\\.vscode\\extensions\\uqbar.wollok-lsp-ide-0.5.4\\out\\server\\src\\server.js:2389:1092)\n    at M5n (c:\\Users\\E495\\.vscode\\extensions\\uqbar.wollok-lsp-ide-0.5.4\\out\\server\\src\\server.js:2389:1248)\n    at c:\\Users\\E495\\.vscode\\extensions\\uqbar.wollok-lsp-ide-0.5.4\\out\\server\\src\\server.js:38:6131\n    at L2 (c:\\Users\\E495\\.vscode\\extensions\\uqbar.wollok-lsp-ide-0.5.4\\out\\server\\src\\server.js:2389:42)","timestamp":"2026-05-05T14:46:35.833Z"}
{"level":"info","message":"⌛ Validating destinos.wlk","timeElapsed":153,"timestamp":"2026-05-05T14:46:35.994Z"}
{"level":"info","message":"⌛ Building environment","timeElapsed":120,"timestamp":"2026-05-05T14:46:36.114Z"}
{"level":"info","message":"⌛ Validating destinos.wlk","timeElapsed":117,"timestamp":"2026-05-05T14:46:36.326Z"}
{"level":"error","message":"✘ Completions for node Send ([2:44, 2:73] - destinos.wlk) failed: Error: [Send]{b63e31} at destinos.wlk:2 exhausted all cases without a match [Send]{b63e31} at destinos.wlk:2 exhausted all cases without a match","stack":"Error: [Send]{b63e31} at destinos.wlk:2 exhausted all cases without a match\n    at c:\\Users\\E495\\.vscode\\extensions\\uqbar.wollok-lsp-ide-0.5.4\\out\\server\\src\\server.js:38:6142\n    at L2 (c:\\Users\\E495\\.vscode\\extensions\\uqbar.wollok-lsp-ide-0.5.4\\out\\server\\src\\server.js:2389:42)\n    at Jh (c:\\Users\\E495\\.vscode\\extensions\\uqbar.wollok-lsp-ide-0.5.4\\out\\server\\src\\server.js:2389:1092)\n    at M5n (c:\\Users\\E495\\.vscode\\extensions\\uqbar.wollok-lsp-ide-0.5.4\\out\\server\\src\\server.js:2389:1248)\n    at c:\\Users\\E495\\.vscode\\extensions\\uqbar.wollok-lsp-ide-0.5.4\\out\\server\\src\\server.js:38:6131\n    at L2 (c:\\Users\\E495\\.vscode\\extensions\\uqbar.wollok-lsp-ide-0.5.4\\out\\server\\src\\server.js:2389:42)\n    at c:\\Users\\E495\\.vscode\\extensions\\uqbar.wollok-lsp-ide-0.5.4\\out\\server\\src\\server.js:2389:2988\n    at c:\\Users\\E495\\.vscode\\extensions\\uqbar.wollok-lsp-ide-0.5.4\\out\\server\\src\\server.js:2398:8440\n    at c:\\Users\\E495\\.vscode\\extensions\\uqbar.wollok-lsp-ide-0.5.4\\out\\server\\src\\server.js:37:74872\n    at Ke (c:\\Users\\E495\\.vscode\\extensions\\uqbar.wollok-lsp-ide-0.5.4\\out\\server\\src\\server.js:7:8527)","timestamp":"2026-05-05T14:46:36.362Z"}
{"level":"error","message":"✘ Completions for node Send ([2:44, 2:81] - destinos.wlk) failed: Error: [Send]{575157} at destinos.wlk:2 exhausted all cases without a match [Send]{575157} at destinos.wlk:2 exhausted all cases without a match","stack":"Error: [Send]{575157} at destinos.wlk:2 exhausted all cases without a match\n    at c:\\Users\\E495\\.vscode\\extensions\\uqbar.wollok-lsp-ide-0.5.4\\out\\server\\src\\server.js:38:6142\n    at L2 (c:\\Users\\E495\\.vscode\\extensions\\uqbar.wollok-lsp-ide-0.5.4\\out\\server\\src\\server.js:2389:42)\n    at Jh (c:\\Users\\E495\\.vscode\\extensions\\uqbar.wollok-lsp-ide-0.5.4\\out\\server\\src\\server.js:2389:1092)\n    at L2 (c:\\Users\\E495\\.vscode\\extensions\\uqbar.wollok-lsp-ide-0.5.4\\out\\server\\src\\server.js:2389:544)\n    at Jh (c:\\Users\\E495\\.vscode\\extensions\\uqbar.wollok-lsp-ide-0.5.4\\out\\server\\src\\server.js:2389:1092)\n    at M5n (c:\\Users\\E495\\.vscode\\extensions\\uqbar.wollok-lsp-ide-0.5.4\\out\\server\\src\\server.js:2389:1248)\n    at c:\\Users\\E495\\.vscode\\extensions\\uqbar.wollok-lsp-ide-0.5.4\\out\\server\\src\\server.js:38:6131\n    at L2 (c:\\Users\\E495\\.vscode\\extensions\\uqbar.wollok-lsp-ide-0.5.4\\out\\server\\src\\server.js:2389:42)\n    at c:\\Users\\E495\\.vscode\\extensions\\uqbar.wollok-lsp-ide-0.5.4\\out\\server\\src\\server.js:2389:2988\n    at c:\\Users\\E495\\.vscode\\extensions\\uqbar.wollok-lsp-ide-0.5.4\\out\\server\\src\\server.js:2398:8440","timestamp":"2026-05-05T14:46:36.362Z"}
{"level":"error","message":"✘ Completions for node Return (undefined - destinos.wlk) failed: Error: [Return]{4ed9a7} at destinos.wlk:-- exhausted all cases without a match [Return]{4ed9a7} at destinos.wlk:-- exhausted all cases without a match","stack":"Error: [Return]{4ed9a7} at destinos.wlk:-- exhausted all cases without a match\n    at c:\\Users\\E495\\.vscode\\extensions\\uqbar.wollok-lsp-ide-0.5.4\\out\\server\\src\\server.js:38:6142\n    at L2 (c:\\Users\\E495\\.vscode\\extensions\\uqbar.wollok-lsp-ide-0.5.4\\out\\server\\src\\server.js:2389:42)\n    at Jh (c:\\Users\\E495\\.vscode\\extensions\\uqbar.wollok-lsp-ide-0.5.4\\out\\server\\src\\server.js:2389:1092)\n    at L2 (c:\\Users\\E495\\.vscode\\extensions\\uqbar.wollok-lsp-ide-0.5.4\\out\\server\\src\\server.js:2389:544)\n    at Jh (c:\\Users\\E495\\.vscode\\extensions\\uqbar.wollok-lsp-ide-0.5.4\\out\\server\\src\\server.js:2389:1092)\n    at L2 (c:\\Users\\E495\\.vscode\\extensions\\uqbar.wollok-lsp-ide-0.5.4\\out\\server\\src\\server.js:2389:544)\n    at Jh (c:\\Users\\E495\\.vscode\\extensions\\uqbar.wollok-lsp-ide-0.5.4\\out\\server\\src\\server.js:2389:1092)\n    at M5n (c:\\Users\\E495\\.vscode\\extensions\\uqbar.wollok-lsp-ide-0.5.4\\out\\server\\src\\server.js:2389:1248)\n    at c:\\Users\\E495\\.vscode\\extensions\\uqbar.wollok-lsp-ide-0.5.4\\out\\server\\src\\server.js:38:6131\n    at L2 (c:\\Users\\E495\\.vscode\\extensions\\uqbar.wollok-lsp-ide-0.5.4\\out\\server\\src\\server.js:2389:42)","timestamp":"2026-05-05T14:46:36.363Z"}
{"level":"info","message":"⌛ Validating destinos.wlk","timeElapsed":111,"timestamp":"2026-05-05T14:46:36.478Z"}
{"level":"info","message":"⌛ Building environment","timeElapsed":108,"timestamp":"2026-05-05T14:46:36.600Z"}
{"level":"info","message":"⌛ Validating destinos.wlk","timeElapsed":115,"timestamp":"2026-05-05T14:46:36.722Z"}
{"level":"info","message":"⌛ Validating destinos.wlk","timeElapsed":122,"timestamp":"2026-05-05T14:46:36.936Z"}
{"level":"info","message":"⌛ Building environment","timeElapsed":139,"timestamp":"2026-05-05T14:46:37.477Z"}
{"level":"error","message":"✘ Completions for node Send ([2:44, 2:72] - destinos.wlk) failed: Error: [Send]{5a78ec} at destinos.wlk:2 exhausted all cases without a match [Send]{5a78ec} at destinos.wlk:2 exhausted all cases without a match","stack":"Error: [Send]{5a78ec} at destinos.wlk:2 exhausted all cases without a match\n    at c:\\Users\\E495\\.vscode\\extensions\\uqbar.wollok-lsp-ide-0.5.4\\out\\server\\src\\server.js:38:6142\n    at L2 (c:\\Users\\E495\\.vscode\\extensions\\uqbar.wollok-lsp-ide-0.5.4\\out\\server\\src\\server.js:2389:42)\n    at Jh (c:\\Users\\E495\\.vscode\\extensions\\uqbar.wollok-lsp-ide-0.5.4\\out\\server\\src\\server.js:2389:1092)\n    at M5n (c:\\Users\\E495\\.vscode\\extensions\\uqbar.wollok-lsp-ide-0.5.4\\out\\server\\src\\server.js:2389:1248)\n    at c:\\Users\\E495\\.vscode\\extensions\\uqbar.wollok-lsp-ide-0.5.4\\out\\server\\src\\server.js:38:6131\n    at L2 (c:\\Users\\E495\\.vscode\\extensions\\uqbar.wollok-lsp-ide-0.5.4\\out\\server\\src\\server.js:2389:42)\n    at c:\\Users\\E495\\.vscode\\extensions\\uqbar.wollok-lsp-ide-0.5.4\\out\\server\\src\\server.js:2389:2988\n    at c:\\Users\\E495\\.vscode\\extensions\\uqbar.wollok-lsp-ide-0.5.4\\out\\server\\src\\server.js:2398:8440\n    at c:\\Users\\E495\\.vscode\\extensions\\uqbar.wollok-lsp-ide-0.5.4\\out\\server\\src\\server.js:37:74872\n    at Ke (c:\\Users\\E495\\.vscode\\extensions\\uqbar.wollok-lsp-ide-0.5.4\\out\\server\\src\\server.js:7:8527)","timestamp":"2026-05-05T14:46:37.537Z"}
{"level":"error","message":"✘ Completions for node Send ([2:44, 2:80] - destinos.wlk) failed: Error: [Send]{dde6c0} at destinos.wlk:2 exhausted all cases without a match [Send]{dde6c0} at destinos.wlk:2 exhausted all cases without a match","stack":"Error: [Send]{dde6c0} at destinos.wlk:2 exhausted all cases without a match\n    at c:\\Users\\E495\\.vscode\\extensions\\uqbar.wollok-lsp-ide-0.5.4\\out\\server\\src\\server.js:38:6142\n    at L2 (c:\\Users\\E495\\.vscode\\extensions\\uqbar.wollok-lsp-ide-0.5.4\\out\\server\\src\\server.js:2389:42)\n    at Jh (c:\\Users\\E495\\.vscode\\extensions\\uqbar.wollok-lsp-ide-0.5.4\\out\\server\\src\\server.js:2389:1092)\n    at L2 (c:\\Users\\E495\\.vscode\\extensions\\uqbar.wollok-lsp-ide-0.5.4\\out\\server\\src\\server.js:2389:544)\n    at Jh (c:\\Users\\E495\\.vscode\\extensions\\uqbar.wollok-lsp-ide-0.5.4\\out\\server\\src\\server.js:2389:1092)\n    at M5n (c:\\Users\\E495\\.vscode\\extensions\\uqbar.wollok-lsp-ide-0.5.4\\out\\server\\src\\server.js:2389:1248)\n    at c:\\Users\\E495\\.vscode\\extensions\\uqbar.wollok-lsp-ide-0.5.4\\out\\server\\src\\server.js:38:6131\n    at L2 (c:\\Users\\E495\\.vscode\\extensions\\uqbar.wollok-lsp-ide-0.5.4\\out\\server\\src\\server.js:2389:42)\n    at c:\\Users\\E495\\.vscode\\extensions\\uqbar.wollok-lsp-ide-0.5.4\\out\\server\\src\\server.js:2389:2988\n    at c:\\Users\\E495\\.vscode\\extensions\\uqbar.wollok-lsp-ide-0.5.4\\out\\server\\src\\server.js:2398:8440","timestamp":"2026-05-05T14:46:37.537Z"}
{"level":"error","message":"✘ Completions for node Return (undefined - destinos.wlk) failed: Error: [Return]{8ab255} at destinos.wlk:-- exhausted all cases without a match [Return]{8ab255} at destinos.wlk:-- exhausted all cases without a match","stack":"Error: [Return]{8ab255} at destinos.wlk:-- exhausted all cases without a match\n    at c:\\Users\\E495\\.vscode\\extensions\\uqbar.wollok-lsp-ide-0.5.4\\out\\server\\src\\server.js:38:6142\n    at L2 (c:\\Users\\E495\\.vscode\\extensions\\uqbar.wollok-lsp-ide-0.5.4\\out\\server\\src\\server.js:2389:42)\n    at Jh (c:\\Users\\E495\\.vscode\\extensions\\uqbar.wollok-lsp-ide-0.5.4\\out\\server\\src\\server.js:2389:1092)\n    at L2 (c:\\Users\\E495\\.vscode\\extensions\\uqbar.wollok-lsp-ide-0.5.4\\out\\server\\src\\server.js:2389:544)\n    at Jh (c:\\Users\\E495\\.vscode\\extensions\\uqbar.wollok-lsp-ide-0.5.4\\out\\server\\src\\server.js:2389:1092)\n    at L2 (c:\\Users\\E495\\.vscode\\extensions\\uqbar.wollok-lsp-ide-0.5.4\\out\\server\\src\\server.js:2389:544)\n    at Jh (c:\\Users\\E495\\.vscode\\extensions\\uqbar.wollok-lsp-ide-0.5.4\\out\\server\\src\\server.js:2389:1092)\n    at M5n (c:\\Users\\E495\\.vscode\\extensions\\uqbar.wollok-lsp-ide-0.5.4\\out\\server\\src\\server.js:2389:1248)\n    at c:\\Users\\E495\\.vscode\\extensions\\uqbar.wollok-lsp-ide-0.5.4\\out\\server\\src\\server.js:38:6131\n    at L2 (c:\\Users\\E495\\.vscode\\extensions\\uqbar.wollok-lsp-ide-0.5.4\\out\\server\\src\\server.js:2389:42)","timestamp":"2026-05-05T14:46:37.537Z"}
{"level":"info","message":"⌛ Validating destinos.wlk","timeElapsed":107,"timestamp":"2026-05-05T14:46:37.647Z"}
{"level":"info","message":"⌛ Validating destinos.wlk","timeElapsed":122,"timestamp":"2026-05-05T14:46:37.857Z"}
{"level":"info","message":"⌛ Building environment","timeElapsed":107,"timestamp":"2026-05-05T14:46:38.020Z"}
{"level":"error","message":"✘ Completions for node Send ([2:44, 2:74] - destinos.wlk) failed: Error: [Send]{fca487} at destinos.wlk:2 exhausted all cases without a match [Send]{fca487} at destinos.wlk:2 exhausted all cases without a match","stack":"Error: [Send]{fca487} at destinos.wlk:2 exhausted all cases without a match\n    at c:\\Users\\E495\\.vscode\\extensions\\uqbar.wollok-lsp-ide-0.5.4\\out\\server\\src\\server.js:38:6142\n    at L2 (c:\\Users\\E495\\.vscode\\extensions\\uqbar.wollok-lsp-ide-0.5.4\\out\\server\\src\\server.js:2389:42)\n    at Jh (c:\\Users\\E495\\.vscode\\extensions\\uqbar.wollok-lsp-ide-0.5.4\\out\\server\\src\\server.js:2389:1092)\n    at M5n (c:\\Users\\E495\\.vscode\\extensions\\uqbar.wollok-lsp-ide-0.5.4\\out\\server\\src\\server.js:2389:1248)\n    at c:\\Users\\E495\\.vscode\\extensions\\uqbar.wollok-lsp-ide-0.5.4\\out\\server\\src\\server.js:38:6131\n    at L2 (c:\\Users\\E495\\.vscode\\extensions\\uqbar.wollok-lsp-ide-0.5.4\\out\\server\\src\\server.js:2389:42)\n    at c:\\Users\\E495\\.vscode\\extensions\\uqbar.wollok-lsp-ide-0.5.4\\out\\server\\src\\server.js:2389:2988\n    at c:\\Users\\E495\\.vscode\\extensions\\uqbar.wollok-lsp-ide-0.5.4\\out\\server\\src\\server.js:2398:8440\n    at c:\\Users\\E495\\.vscode\\extensions\\uqbar.wollok-lsp-ide-0.5.4\\out\\server\\src\\server.js:37:74872\n    at Ke (c:\\Users\\E495\\.vscode\\extensions\\uqbar.wollok-lsp-ide-0.5.4\\out\\server\\src\\server.js:7:8527)","timestamp":"2026-05-05T14:46:38.064Z"}
{"level":"error","message":"✘ Completions for node Send ([2:44, 2:82] - destinos.wlk) failed: Error: [Send]{9cd949} at destinos.wlk:2 exhausted all cases without a match [Send]{9cd949} at destinos.wlk:2 exhausted all cases without a match","stack":"Error: [Send]{9cd949} at destinos.wlk:2 exhausted all cases without a match\n    at c:\\Users\\E495\\.vscode\\extensions\\uqbar.wollok-lsp-ide-0.5.4\\out\\server\\src\\server.js:38:6142\n    at L2 (c:\\Users\\E495\\.vscode\\extensions\\uqbar.wollok-lsp-ide-0.5.4\\out\\server\\src\\server.js:2389:42)\n    at Jh (c:\\Users\\E495\\.vscode\\extensions\\uqbar.wollok-lsp-ide-0.5.4\\out\\server\\src\\server.js:2389:1092)\n    at L2 (c:\\Users\\E495\\.vscode\\extensions\\uqbar.wollok-lsp-ide-0.5.4\\out\\server\\src\\server.js:2389:544)\n    at Jh (c:\\Users\\E495\\.vscode\\extensions\\uqbar.wollok-lsp-ide-0.5.4\\out\\server\\src\\server.js:2389:1092)\n    at M5n (c:\\Users\\E495\\.vscode\\extensions\\uqbar.wollok-lsp-ide-0.5.4\\out\\server\\src\\server.js:2389:1248)\n    at c:\\Users\\E495\\.vscode\\extensions\\uqbar.wollok-lsp-ide-0.5.4\\out\\server\\src\\server.js:38:6131\n    at L2 (c:\\Users\\E495\\.vscode\\extensions\\uqbar.wollok-lsp-ide-0.5.4\\out\\server\\src\\server.js:2389:42)\n    at c:\\Users\\E495\\.vscode\\extensions\\uqbar.wollok-lsp-ide-0.5.4\\out\\server\\src\\server.js:2389:2988\n    at c:\\Users\\E495\\.vscode\\extensions\\uqbar.wollok-lsp-ide-0.5.4\\out\\server\\src\\server.js:2398:8440","timestamp":"2026-05-05T14:46:38.065Z"}
{"level":"error","message":"✘ Completions for node Return (undefined - destinos.wlk) failed: Error: [Return]{20be6f} at destinos.wlk:-- exhausted all cases without a match [Return]{20be6f} at destinos.wlk:-- exhausted all cases without a match","stack":"Error: [Return]{20be6f} at destinos.wlk:-- exhausted all cases without a match\n    at c:\\Users\\E495\\.vscode\\extensions\\uqbar.wollok-lsp-ide-0.5.4\\out\\server\\src\\server.js:38:6142\n    at L2 (c:\\Users\\E495\\.vscode\\extensions\\uqbar.wollok-lsp-ide-0.5.4\\out\\server\\src\\server.js:2389:42)\n    at Jh (c:\\Users\\E495\\.vscode\\extensions\\uqbar.wollok-lsp-ide-0.5.4\\out\\server\\src\\server.js:2389:1092)\n    at L2 (c:\\Users\\E495\\.vscode\\extensions\\uqbar.wollok-lsp-ide-0.5.4\\out\\server\\src\\server.js:2389:544)\n    at Jh (c:\\Users\\E495\\.vscode\\extensions\\uqbar.wollok-lsp-ide-0.5.4\\out\\server\\src\\server.js:2389:1092)\n    at L2 (c:\\Users\\E495\\.vscode\\extensions\\uqbar.wollok-lsp-ide-0.5.4\\out\\server\\src\\server.js:2389:544)\n    at Jh (c:\\Users\\E495\\.vscode\\extensions\\uqbar.wollok-lsp-ide-0.5.4\\out\\server\\src\\server.js:2389:1092)\n    at M5n (c:\\Users\\E495\\.vscode\\extensions\\uqbar.wollok-lsp-ide-0.5.4\\out\\server\\src\\server.js:2389:1248)\n    at c:\\Users\\E495\\.vscode\\extensions\\uqbar.wollok-lsp-ide-0.5.4\\out\\server\\src\\server.js:38:6131\n    at L2 (c:\\Users\\E495\\.vscode\\extensions\\uqbar.wollok-lsp-ide-0.5.4\\out\\server\\src\\server.js:2389:42)","timestamp":"2026-05-05T14:46:38.065Z"}
{"level":"info","message":"⌛ Validating destinos.wlk","timeElapsed":112,"timestamp":"2026-05-05T14:46:38.182Z"}
{"level":"info","message":"⌛ Building environment","timeElapsed":133,"timestamp":"2026-05-05T14:46:38.915Z"}
{"level":"info","message":"⌛ Validating destinos.wlk","timeElapsed":126,"timestamp":"2026-05-05T14:46:39.043Z"}
{"level":"info","message":"⌛ Building environment","timeElapsed":176,"timestamp":"2026-05-05T14:46:47.164Z"}
{"level":"info","message":"⌛ Validating destinos.wlk","timeElapsed":182,"timestamp":"2026-05-05T14:46:47.423Z"}
{"level":"info","message":"⌛ Building environment","timeElapsed":141,"timestamp":"2026-05-05T14:46:47.575Z"}
{"level":"info","message":"⌛ Building environment","timeElapsed":250,"timestamp":"2026-05-05T14:46:47.875Z"}
{"level":"info","message":"⌛ Validating destinos.wlk","timeElapsed":148,"timestamp":"2026-05-05T14:46:48.024Z"}
{"level":"info","message":"⌛ Building environment","timeElapsed":133,"timestamp":"2026-05-05T14:46:48.159Z"}
{"level":"info","message":"⌛ Building environment","timeElapsed":110,"timestamp":"2026-05-05T14:46:48.271Z"}
{"level":"info","message":"⌛ Validating destinos.wlk","timeElapsed":134,"timestamp":"2026-05-05T14:46:48.453Z"}
{"level":"info","message":"⌛ Building environment","timeElapsed":115,"timestamp":"2026-05-05T14:46:48.663Z"}
{"level":"info","message":"⌛ Building environment","timeElapsed":140,"timestamp":"2026-05-05T14:46:48.805Z"}
{"level":"info","message":"⌛ Validating destinos.wlk","timeElapsed":120,"timestamp":"2026-05-05T14:46:48.955Z"}
{"level":"info","message":"⌛ Validating destinos.wlk","timeElapsed":113,"timestamp":"2026-05-05T14:46:49.069Z"}
{"level":"info","message":"⌛ Validating destinos.wlk","timeElapsed":132,"timestamp":"2026-05-05T14:46:49.416Z"}
{"level":"info","message":"⌛ Validating destinos.wlk","timeElapsed":108,"timestamp":"2026-05-05T14:46:49.561Z"}
{"level":"info","message":"⌛ Validating destinos.wlk","timeElapsed":110,"timestamp":"2026-05-05T14:46:49.674Z"}
{"level":"info","message":"⌛ Validating destinos.wlk","timeElapsed":103,"timestamp":"2026-05-05T14:46:49.780Z"}
{"level":"info","message":"⌛ Validating destinos.wlk","timeElapsed":110,"timestamp":"2026-05-05T14:46:49.892Z"}
{"level":"info","message":"⌛ Validating destinos.wlk","timeElapsed":144,"timestamp":"2026-05-05T14:46:50.140Z"}
{"level":"info","message":"⌛ Validating destinos.wlk","timeElapsed":107,"timestamp":"2026-05-05T14:46:50.381Z"}
{"level":"info","message":"⌛ Building environment","timeElapsed":112,"timestamp":"2026-05-05T14:46:50.735Z"}
{"level":"info","message":"⌛ Validating destinos.wlk","timeElapsed":129,"timestamp":"2026-05-05T14:46:50.903Z"}
{"level":"info","message":"⌛ Building environment","timeElapsed":107,"timestamp":"2026-05-05T14:46:51.104Z"}
{"level":"info","message":"⌛ Validating destinos.wlk","timeElapsed":120,"timestamp":"2026-05-05T14:46:51.303Z"}
{"level":"info","message":"⌛ Building environment","timeElapsed":137,"timestamp":"2026-05-05T14:46:51.453Z"}
{"level":"info","message":"⌛ Validating destinos.wlk","timeElapsed":175,"timestamp":"2026-05-05T14:46:51.671Z"}
{"level":"info","message":"⌛ Building environment","timeElapsed":102,"timestamp":"2026-05-05T14:46:51.774Z"}
{"level":"info","message":"⌛ Validating destinos.wlk","timeElapsed":139,"timestamp":"2026-05-05T14:46:51.948Z"}
{"level":"info","message":"⌛ Validating destinos.wlk","timeElapsed":139,"timestamp":"2026-05-05T14:46:52.213Z"}
{"level":"info","message":"⌛ Building environment","timeElapsed":132,"timestamp":"2026-05-05T14:46:53.971Z"}
{"level":"info","message":"⌛ Validating destinos.wlk","timeElapsed":112,"timestamp":"2026-05-05T14:46:54.242Z"}
{"level":"info","message":"⌛ Validating destinos.wlk","timeElapsed":108,"timestamp":"2026-05-05T14:46:54.353Z"}
{"level":"info","message":"⌛ Building environment","timeElapsed":118,"timestamp":"2026-05-05T14:47:05.629Z"}
{"level":"info","message":"⌛ Validating destinos.wlk","timeElapsed":133,"timestamp":"2026-05-05T14:47:05.781Z"}
{"level":"info","message":"⌛ Building environment","timeElapsed":107,"timestamp":"2026-05-05T14:47:11.345Z"}
{"level":"info","message":"⌛ Validating destinos.wlk","timeElapsed":117,"timestamp":"2026-05-05T14:47:11.464Z"}
{"level":"info","message":"⌛ Building environment","timeElapsed":106,"timestamp":"2026-05-05T14:47:11.806Z"}
{"level":"error","message":"✘ Completions for node Parameter ([6:31, 6:32] - destinos.wlk) failed: Error: [Parameter]{7ec12f} at destinos.wlk:6 exhausted all cases without a match [Parameter]{7ec12f} at destinos.wlk:6 exhausted all cases without a match","stack":"Error: [Parameter]{7ec12f} at destinos.wlk:6 exhausted all cases without a match\n    at c:\\Users\\E495\\.vscode\\extensions\\uqbar.wollok-lsp-ide-0.5.4\\out\\server\\src\\server.js:38:6142\n    at L2 (c:\\Users\\E495\\.vscode\\extensions\\uqbar.wollok-lsp-ide-0.5.4\\out\\server\\src\\server.js:2389:42)\n    at c:\\Users\\E495\\.vscode\\extensions\\uqbar.wollok-lsp-ide-0.5.4\\out\\server\\src\\server.js:2389:2988\n    at c:\\Users\\E495\\.vscode\\extensions\\uqbar.wollok-lsp-ide-0.5.4\\out\\server\\src\\server.js:2398:8440\n    at c:\\Users\\E495\\.vscode\\extensions\\uqbar.wollok-lsp-ide-0.5.4\\out\\server\\src\\server.js:37:74872\n    at Ke (c:\\Users\\E495\\.vscode\\extensions\\uqbar.wollok-lsp-ide-0.5.4\\out\\server\\src\\server.js:7:8527)\n    at Lt (c:\\Users\\E495\\.vscode\\extensions\\uqbar.wollok-lsp-ide-0.5.4\\out\\server\\src\\server.js:7:6189)\n    at ct (c:\\Users\\E495\\.vscode\\extensions\\uqbar.wollok-lsp-ide-0.5.4\\out\\server\\src\\server.js:7:6378)\n    at Immediate._onImmediate (c:\\Users\\E495\\.vscode\\extensions\\uqbar.wollok-lsp-ide-0.5.4\\out\\server\\src\\server.js:7:6142)\n    at process.processImmediate (node:internal/timers:484:21)","timestamp":"2026-05-05T14:47:11.861Z"}
{"level":"info","message":"⌛ Validating destinos.wlk","timeElapsed":120,"timestamp":"2026-05-05T14:47:11.987Z"}
{"level":"info","message":"⌛ Building environment","timeElapsed":172,"timestamp":"2026-05-05T14:47:12.168Z"}
{"level":"info","message":"⌛ Building environment","timeElapsed":114,"timestamp":"2026-05-05T14:47:12.284Z"}
{"level":"error","message":"✘ Completions for node Parameter ([6:31, 6:34] - destinos.wlk) failed: Error: [Parameter]{52d5ba} at destinos.wlk:6 exhausted all cases without a match [Parameter]{52d5ba} at destinos.wlk:6 exhausted all cases without a match","stack":"Error: [Parameter]{52d5ba} at destinos.wlk:6 exhausted all cases without a match\n    at c:\\Users\\E495\\.vscode\\extensions\\uqbar.wollok-lsp-ide-0.5.4\\out\\server\\src\\server.js:38:6142\n    at L2 (c:\\Users\\E495\\.vscode\\extensions\\uqbar.wollok-lsp-ide-0.5.4\\out\\server\\src\\server.js:2389:42)\n    at c:\\Users\\E495\\.vscode\\extensions\\uqbar.wollok-lsp-ide-0.5.4\\out\\server\\src\\server.js:2389:2988\n    at c:\\Users\\E495\\.vscode\\extensions\\uqbar.wollok-lsp-ide-0.5.4\\out\\server\\src\\server.js:2398:8440\n    at c:\\Users\\E495\\.vscode\\extensions\\uqbar.wollok-lsp-ide-0.5.4\\out\\server\\src\\server.js:37:74872\n    at Ke (c:\\Users\\E495\\.vscode\\extensions\\uqbar.wollok-lsp-ide-0.5.4\\out\\server\\src\\server.js:7:8527)\n    at Lt (c:\\Users\\E495\\.vscode\\extensions\\uqbar.wollok-lsp-ide-0.5.4\\out\\server\\src\\server.js:7:6189)\n    at ct (c:\\Users\\E495\\.vscode\\extensions\\uqbar.wollok-lsp-ide-0.5.4\\out\\server\\src\\server.js:7:6378)\n    at Immediate._onImmediate (c:\\Users\\E495\\.vscode\\extensions\\uqbar.wollok-lsp-ide-0.5.4\\out\\server\\src\\server.js:7:6142)\n    at process.processImmediate (node:internal/timers:484:21)","timestamp":"2026-05-05T14:47:12.344Z"}
{"level":"info","message":"⌛ Building environment","timeElapsed":119,"timestamp":"2026-05-05T14:47:12.467Z"}
{"level":"info","message":"⌛ Validating destinos.wlk","timeElapsed":160,"timestamp":"2026-05-05T14:47:12.628Z"}
{"level":"info","message":"⌛ Building environment","timeElapsed":119,"timestamp":"2026-05-05T14:47:12.749Z"}
{"level":"info","message":"⌛ Validating destinos.wlk","timeElapsed":118,"timestamp":"2026-05-05T14:47:12.868Z"}
{"level":"info","message":"⌛ Building environment","timeElapsed":106,"timestamp":"2026-05-05T14:47:12.977Z"}
{"level":"error","message":"✘ Completions for node Parameter ([6:31, 6:37] - destinos.wlk) failed: Error: [Parameter]{8782f2} at destinos.wlk:6 exhausted all cases without a match [Parameter]{8782f2} at destinos.wlk:6 exhausted all cases without a match","stack":"Error: [Parameter]{8782f2} at destinos.wlk:6 exhausted all cases without a match\n    at c:\\Users\\E495\\.vscode\\extensions\\uqbar.wollok-lsp-ide-0.5.4\\out\\server\\src\\server.js:38:6142\n    at L2 (c:\\Users\\E495\\.vscode\\extensions\\uqbar.wollok-lsp-ide-0.5.4\\out\\server\\src\\server.js:2389:42)\n    at c:\\Users\\E495\\.vscode\\extensions\\uqbar.wollok-lsp-ide-0.5.4\\out\\server\\src\\server.js:2389:2988\n    at c:\\Users\\E495\\.vscode\\extensions\\uqbar.wollok-lsp-ide-0.5.4\\out\\server\\src\\server.js:2398:8440\n    at c:\\Users\\E495\\.vscode\\extensions\\uqbar.wollok-lsp-ide-0.5.4\\out\\server\\src\\server.js:37:74872\n    at Ke (c:\\Users\\E495\\.vscode\\extensions\\uqbar.wollok-lsp-ide-0.5.4\\out\\server\\src\\server.js:7:8527)\n    at Lt (c:\\Users\\E495\\.vscode\\extensions\\uqbar.wollok-lsp-ide-0.5.4\\out\\server\\src\\server.js:7:6189)\n    at ct (c:\\Users\\E495\\.vscode\\extensions\\uqbar.wollok-lsp-ide-0.5.4\\out\\server\\src\\server.js:7:6378)\n    at Immediate._onImmediate (c:\\Users\\E495\\.vscode\\extensions\\uqbar.wollok-lsp-ide-0.5.4\\out\\server\\src\\server.js:7:6142)\n    at process.processImmediate (node:internal/timers:484:21)","timestamp":"2026-05-05T14:47:13.012Z"}
{"level":"info","message":"⌛ Validating destinos.wlk","timeElapsed":131,"timestamp":"2026-05-05T14:47:13.148Z"}
{"level":"info","message":"⌛ Building environment","timeElapsed":123,"timestamp":"2026-05-05T14:47:13.376Z"}
{"level":"info","message":"⌛ Validating destinos.wlk","timeElapsed":132,"timestamp":"2026-05-05T14:47:13.510Z"}
{"level":"info","message":"⌛ Validating destinos.wlk","timeElapsed":109,"timestamp":"2026-05-05T14:47:13.734Z"}
{"level":"info","message":"⌛ Validating destinos.wlk","timeElapsed":119,"timestamp":"2026-05-05T14:47:13.869Z"}
{"level":"info","message":"⌛ Validating destinos.wlk","timeElapsed":117,"timestamp":"2026-05-05T14:47:13.989Z"}
{"level":"info","message":"⌛ Validating destinos.wlk","timeElapsed":107,"timestamp":"2026-05-05T14:47:14.099Z"}
{"level":"info","message":"⌛ Building environment","timeElapsed":155,"timestamp":"2026-05-05T14:47:14.978Z"}
{"level":"info","message":"⌛ Validating destinos.wlk","timeElapsed":140,"timestamp":"2026-05-05T14:47:15.121Z"}
{"level":"info","message":"⌛ Building environment","timeElapsed":117,"timestamp":"2026-05-05T14:47:15.749Z"}
{"level":"info","message":"⌛ Validating destinos.wlk","timeElapsed":213,"timestamp":"2026-05-05T14:47:15.976Z"}
{"level":"info","message":"⌛ Building environment","timeElapsed":106,"timestamp":"2026-05-05T14:47:16.085Z"}
{"level":"info","message":"⌛ Validating destinos.wlk","timeElapsed":128,"timestamp":"2026-05-05T14:47:16.216Z"}
{"level":"info","message":"⌛ Building environment","timeElapsed":115,"timestamp":"2026-05-05T14:47:18.480Z"}
{"level":"error","message":"✘ Completions for node Return (undefined - destinos.wlk) failed: Error: [Return]{93ff3c} at destinos.wlk:-- exhausted all cases without a match [Return]{93ff3c} at destinos.wlk:-- exhausted all cases without a match","stack":"Error: [Return]{93ff3c} at destinos.wlk:-- exhausted all cases without a match\n    at c:\\Users\\E495\\.vscode\\extensions\\uqbar.wollok-lsp-ide-0.5.4\\out\\server\\src\\server.js:38:6142\n    at L2 (c:\\Users\\E495\\.vscode\\extensions\\uqbar.wollok-lsp-ide-0.5.4\\out\\server\\src\\server.js:2389:42)\n    at Jh (c:\\Users\\E495\\.vscode\\extensions\\uqbar.wollok-lsp-ide-0.5.4\\out\\server\\src\\server.js:2389:1092)\n    at M5n (c:\\Users\\E495\\.vscode\\extensions\\uqbar.wollok-lsp-ide-0.5.4\\out\\server\\src\\server.js:2389:1248)\n    at c:\\Users\\E495\\.vscode\\extensions\\uqbar.wollok-lsp-ide-0.5.4\\out\\server\\src\\server.js:38:6131\n    at L2 (c:\\Users\\E495\\.vscode\\extensions\\uqbar.wollok-lsp-ide-0.5.4\\out\\server\\src\\server.js:2389:42)\n    at c:\\Users\\E495\\.vscode\\extensions\\uqbar.wollok-lsp-ide-0.5.4\\out\\server\\src\\server.js:2389:2988\n    at c:\\Users\\E495\\.vscode\\extensions\\uqbar.wollok-lsp-ide-0.5.4\\out\\server\\src\\server.js:2398:8440\n    at c:\\Users\\E495\\.vscode\\extensions\\uqbar.wollok-lsp-ide-0.5.4\\out\\server\\src\\server.js:37:74872\n    at Ke (c:\\Users\\E495\\.vscode\\extensions\\uqbar.wollok-lsp-ide-0.5.4\\out\\server\\src\\server.js:7:8527)","timestamp":"2026-05-05T14:47:18.526Z"}
{"level":"info","message":"⌛ Validating destinos.wlk","timeElapsed":156,"timestamp":"2026-05-05T14:47:18.687Z"}
{"level":"info","message":"⌛ Building environment","timeElapsed":108,"timestamp":"2026-05-05T14:47:18.893Z"}
{"level":"info","message":"⌛ Validating destinos.wlk","timeElapsed":140,"timestamp":"2026-05-05T14:47:19.034Z"}
{"level":"info","message":"⌛ Validating destinos.wlk","timeElapsed":126,"timestamp":"2026-05-05T14:47:19.163Z"}
{"level":"info","message":"⌛ Validating destinos.wlk","timeElapsed":158,"timestamp":"2026-05-05T14:47:19.635Z"}
{"level":"info","message":"⌛ Building environment","timeElapsed":103,"timestamp":"2026-05-05T14:47:19.738Z"}
{"level":"info","message":"⌛ Validating destinos.wlk","timeElapsed":108,"timestamp":"2026-05-05T14:47:19.860Z"}
{"level":"info","message":"⌛ Validating destinos.wlk","timeElapsed":102,"timestamp":"2026-05-05T14:47:19.963Z"}
{"level":"info","message":"⌛ Building environment","timeElapsed":196,"timestamp":"2026-05-05T14:47:20.162Z"}
{"level":"info","message":"⌛ Validating destinos.wlk","timeElapsed":115,"timestamp":"2026-05-05T14:47:20.394Z"}
{"level":"info","message":"⌛ Validating destinos.wlk","timeElapsed":105,"timestamp":"2026-05-05T14:47:20.508Z"}
{"level":"info","message":"⌛ Validating destinos.wlk","timeElapsed":103,"timestamp":"2026-05-05T14:47:20.616Z"}
{"level":"info","message":"⌛ Building environment","timeElapsed":118,"timestamp":"2026-05-05T14:47:20.836Z"}
{"level":"info","message":"⌛ Validating destinos.wlk","timeElapsed":125,"timestamp":"2026-05-05T14:47:21.007Z"}
{"level":"info","message":"⌛ Building environment","timeElapsed":124,"timestamp":"2026-05-05T14:47:21.743Z"}
{"level":"error","message":"✘ Completions for node Return (undefined - destinos.wlk) failed: Error: [Return]{30b68a} at destinos.wlk:-- exhausted all cases without a match [Return]{30b68a} at destinos.wlk:-- exhausted all cases without a match","stack":"Error: [Return]{30b68a} at destinos.wlk:-- exhausted all cases without a match\n    at c:\\Users\\E495\\.vscode\\extensions\\uqbar.wollok-lsp-ide-0.5.4\\out\\server\\src\\server.js:38:6142\n    at L2 (c:\\Users\\E495\\.vscode\\extensions\\uqbar.wollok-lsp-ide-0.5.4\\out\\server\\src\\server.js:2389:42)\n    at Jh (c:\\Users\\E495\\.vscode\\extensions\\uqbar.wollok-lsp-ide-0.5.4\\out\\server\\src\\server.js:2389:1092)\n    at M5n (c:\\Users\\E495\\.vscode\\extensions\\uqbar.wollok-lsp-ide-0.5.4\\out\\server\\src\\server.js:2389:1248)\n    at c:\\Users\\E495\\.vscode\\extensions\\uqbar.wollok-lsp-ide-0.5.4\\out\\server\\src\\server.js:38:6131\n    at L2 (c:\\Users\\E495\\.vscode\\extensions\\uqbar.wollok-lsp-ide-0.5.4\\out\\server\\src\\server.js:2389:42)\n    at c:\\Users\\E495\\.vscode\\extensions\\uqbar.wollok-lsp-ide-0.5.4\\out\\server\\src\\server.js:2389:2988\n    at c:\\Users\\E495\\.vscode\\extensions\\uqbar.wollok-lsp-ide-0.5.4\\out\\server\\src\\server.js:2398:8440\n    at c:\\Users\\E495\\.vscode\\extensions\\uqbar.wollok-lsp-ide-0.5.4\\out\\server\\src\\server.js:37:74872\n    at Ke (c:\\Users\\E495\\.vscode\\extensions\\uqbar.wollok-lsp-ide-0.5.4\\out\\server\\src\\server.js:7:8527)","timestamp":"2026-05-05T14:47:21.779Z"}
{"level":"info","message":"⌛ Validating destinos.wlk","timeElapsed":124,"timestamp":"2026-05-05T14:47:21.906Z"}
{"level":"info","message":"⌛ Building environment","timeElapsed":147,"timestamp":"2026-05-05T14:47:22.779Z"}
{"level":"info","message":"⌛ Validating destinos.wlk","timeElapsed":144,"timestamp":"2026-05-05T14:47:22.964Z"}
{"level":"info","message":"⌛ Validating destinos.wlk","timeElapsed":107,"timestamp":"2026-05-05T14:47:23.168Z"}
{"level":"info","message":"⌛ Building environment","timeElapsed":117,"timestamp":"2026-05-05T14:47:23.440Z"}
{"level":"info","message":"⌛ Validating destinos.wlk","timeElapsed":170,"timestamp":"2026-05-05T14:47:23.612Z"}
{"level":"info","message":"⌛ Building environment","timeElapsed":132,"timestamp":"2026-05-05T14:47:23.750Z"}
{"level":"info","message":"⌛ Validating destinos.wlk","timeElapsed":133,"timestamp":"2026-05-05T14:47:23.885Z"}
{"level":"error","message":"✘ Completions for node Return (undefined - destinos.wlk) failed: Error: [Return]{c0ff36} at destinos.wlk:-- exhausted all cases without a match [Return]{c0ff36} at destinos.wlk:-- exhausted all cases without a match","stack":"Error: [Return]{c0ff36} at destinos.wlk:-- exhausted all cases without a match\n    at c:\\Users\\E495\\.vscode\\extensions\\uqbar.wollok-lsp-ide-0.5.4\\out\\server\\src\\server.js:38:6142\n    at L2 (c:\\Users\\E495\\.vscode\\extensions\\uqbar.wollok-lsp-ide-0.5.4\\out\\server\\src\\server.js:2389:42)\n    at Jh (c:\\Users\\E495\\.vscode\\extensions\\uqbar.wollok-lsp-ide-0.5.4\\out\\server\\src\\server.js:2389:1092)\n    at M5n (c:\\Users\\E495\\.vscode\\extensions\\uqbar.wollok-lsp-ide-0.5.4\\out\\server\\src\\server.js:2389:1248)\n    at c:\\Users\\E495\\.vscode\\extensions\\uqbar.wollok-lsp-ide-0.5.4\\out\\server\\src\\server.js:38:6131\n    at L2 (c:\\Users\\E495\\.vscode\\extensions\\uqbar.wollok-lsp-ide-0.5.4\\out\\server\\src\\server.js:2389:42)\n    at c:\\Users\\E495\\.vscode\\extensions\\uqbar.wollok-lsp-ide-0.5.4\\out\\server\\src\\server.js:2389:2988\n    at c:\\Users\\E495\\.vscode\\extensions\\uqbar.wollok-lsp-ide-0.5.4\\out\\server\\src\\server.js:2398:8440\n    at c:\\Users\\E495\\.vscode\\extensions\\uqbar.wollok-lsp-ide-0.5.4\\out\\server\\src\\server.js:37:74872\n    at Ke (c:\\Users\\E495\\.vscode\\extensions\\uqbar.wollok-lsp-ide-0.5.4\\out\\server\\src\\server.js:7:8527)","timestamp":"2026-05-05T14:47:24.026Z"}
{"level":"info","message":"⌛ Validating destinos.wlk","timeElapsed":113,"timestamp":"2026-05-05T14:47:24.144Z"}
{"level":"info","message":"⌛ Validating destinos.wlk","timeElapsed":112,"timestamp":"2026-05-05T14:47:24.259Z"}
{"level":"info","message":"⌛ Building environment","timeElapsed":110,"timestamp":"2026-05-05T14:47:24.551Z"}
{"level":"error","message":"✘ Completions for node Return (undefined - destinos.wlk) failed: Error: [Return]{0c697d} at destinos.wlk:-- exhausted all cases without a match [Return]{0c697d} at destinos.wlk:-- exhausted all cases without a match","stack":"Error: [Return]{0c697d} at destinos.wlk:-- exhausted all cases without a match\n    at c:\\Users\\E495\\.vscode\\extensions\\uqbar.wollok-lsp-ide-0.5.4\\out\\server\\src\\server.js:38:6142\n    at L2 (c:\\Users\\E495\\.vscode\\extensions\\uqbar.wollok-lsp-ide-0.5.4\\out\\server\\src\\server.js:2389:42)\n    at Jh (c:\\Users\\E495\\.vscode\\extensions\\uqbar.wollok-lsp-ide-0.5.4\\out\\server\\src\\server.js:2389:1092)\n    at M5n (c:\\Users\\E495\\.vscode\\extensions\\uqbar.wollok-lsp-ide-0.5.4\\out\\server\\src\\server.js:2389:1248)\n    at c:\\Users\\E495\\.vscode\\extensions\\uqbar.wollok-lsp-ide-0.5.4\\out\\server\\src\\server.js:38:6131\n    at L2 (c:\\Users\\E495\\.vscode\\extensions\\uqbar.wollok-lsp-ide-0.5.4\\out\\server\\src\\server.js:2389:42)\n    at c:\\Users\\E495\\.vscode\\extensions\\uqbar.wollok-lsp-ide-0.5.4\\out\\server\\src\\server.js:2389:2988\n    at c:\\Users\\E495\\.vscode\\extensions\\uqbar.wollok-lsp-ide-0.5.4\\out\\server\\src\\server.js:2398:8440\n    at c:\\Users\\E495\\.vscode\\extensions\\uqbar.wollok-lsp-ide-0.5.4\\out\\server\\src\\server.js:37:74872\n    at Ke (c:\\Users\\E495\\.vscode\\extensions\\uqbar.wollok-lsp-ide-0.5.4\\out\\server\\src\\server.js:7:8527)","timestamp":"2026-05-05T14:47:24.587Z"}
{"level":"info","message":"⌛ Validating destinos.wlk","timeElapsed":117,"timestamp":"2026-05-05T14:47:24.708Z"}
{"level":"info","message":"⌛ Building environment","timeElapsed":114,"timestamp":"2026-05-05T14:47:25.157Z"}
{"level":"info","message":"⌛ Validating destinos.wlk","timeElapsed":113,"timestamp":"2026-05-05T14:47:25.276Z"}
{"level":"info","message":"⌛ Building environment","timeElapsed":127,"timestamp":"2026-05-05T14:47:25.555Z"}
{"level":"error","message":"✘ Completions for node Return (undefined - destinos.wlk) failed: Error: [Return]{9232d4} at destinos.wlk:-- exhausted all cases without a match [Return]{9232d4} at destinos.wlk:-- exhausted all cases without a match","stack":"Error: [Return]{9232d4} at destinos.wlk:-- exhausted all cases without a match\n    at c:\\Users\\E495\\.vscode\\extensions\\uqbar.wollok-lsp-ide-0.5.4\\out\\server\\src\\server.js:38:6142\n    at L2 (c:\\Users\\E495\\.vscode\\extensions\\uqbar.wollok-lsp-ide-0.5.4\\out\\server\\src\\server.js:2389:42)\n    at Jh (c:\\Users\\E495\\.vscode\\extensions\\uqbar.wollok-lsp-ide-0.5.4\\out\\server\\src\\server.js:2389:1092)\n    at M5n (c:\\Users\\E495\\.vscode\\extensions\\uqbar.wollok-lsp-ide-0.5.4\\out\\server\\src\\server.js:2389:1248)\n    at c:\\Users\\E495\\.vscode\\extensions\\uqbar.wollok-lsp-ide-0.5.4\\out\\server\\src\\server.js:38:6131\n    at L2 (c:\\Users\\E495\\.vscode\\extensions\\uqbar.wollok-lsp-ide-0.5.4\\out\\server\\src\\server.js:2389:42)\n    at c:\\Users\\E495\\.vscode\\extensions\\uqbar.wollok-lsp-ide-0.5.4\\out\\server\\src\\server.js:2389:2988\n    at c:\\Users\\E495\\.vscode\\extensions\\uqbar.wollok-lsp-ide-0.5.4\\out\\server\\src\\server.js:2398:8440\n    at c:\\Users\\E495\\.vscode\\extensions\\uqbar.wollok-lsp-ide-0.5.4\\out\\server\\src\\server.js:37:74872\n    at Ke (c:\\Users\\E495\\.vscode\\extensions\\uqbar.wollok-lsp-ide-0.5.4\\out\\server\\src\\server.js:7:8527)","timestamp":"2026-05-05T14:47:25.595Z"}
{"level":"info","message":"⌛ Validating destinos.wlk","timeElapsed":122,"timestamp":"2026-05-05T14:47:25.722Z"}
{"level":"info","message":"⌛ Building environment","timeElapsed":136,"timestamp":"2026-05-05T14:47:26.000Z"}
{"level":"error","message":"✘ Completions for node Return (undefined - destinos.wlk) failed: Error: [Return]{6afa0c} at destinos.wlk:-- exhausted all cases without a match [Return]{6afa0c} at destinos.wlk:-- exhausted all cases without a match","stack":"Error: [Return]{6afa0c} at destinos.wlk:-- exhausted all cases without a match\n    at c:\\Users\\E495\\.vscode\\extensions\\uqbar.wollok-lsp-ide-0.5.4\\out\\server\\src\\server.js:38:6142\n    at L2 (c:\\Users\\E495\\.vscode\\extensions\\uqbar.wollok-lsp-ide-0.5.4\\out\\server\\src\\server.js:2389:42)\n    at Jh (c:\\Users\\E495\\.vscode\\extensions\\uqbar.wollok-lsp-ide-0.5.4\\out\\server\\src\\server.js:2389:1092)\n    at M5n (c:\\Users\\E495\\.vscode\\extensions\\uqbar.wollok-lsp-ide-0.5.4\\out\\server\\src\\server.js:2389:1248)\n    at c:\\Users\\E495\\.vscode\\extensions\\uqbar.wollok-lsp-ide-0.5.4\\out\\server\\src\\server.js:38:6131\n    at L2 (c:\\Users\\E495\\.vscode\\extensions\\uqbar.wollok-lsp-ide-0.5.4\\out\\server\\src\\server.js:2389:42)\n    at c:\\Users\\E495\\.vscode\\extensions\\uqbar.wollok-lsp-ide-0.5.4\\out\\server\\src\\server.js:2389:2988\n    at c:\\Users\\E495\\.vscode\\extensions\\uqbar.wollok-lsp-ide-0.5.4\\out\\server\\src\\server.js:2398:8440\n    at c:\\Users\\E495\\.vscode\\extensions\\uqbar.wollok-lsp-ide-0.5.4\\out\\server\\src\\server.js:37:74872\n    at Ke (c:\\Users\\E495\\.vscode\\extensions\\uqbar.wollok-lsp-ide-0.5.4\\out\\server\\src\\server.js:7:8527)","timestamp":"2026-05-05T14:47:26.037Z"}
{"level":"info","message":"⌛ Validating destinos.wlk","timeElapsed":154,"timestamp":"2026-05-05T14:47:26.195Z"}
{"level":"info","message":"⌛ Building environment","timeElapsed":109,"timestamp":"2026-05-05T14:47:26.304Z"}
{"level":"error","message":"✘ Completions for node Return (undefined - destinos.wlk) failed: Error: [Return]{bc7d5b} at destinos.wlk:-- exhausted all cases without a match [Return]{bc7d5b} at destinos.wlk:-- exhausted all cases without a match","stack":"Error: [Return]{bc7d5b} at destinos.wlk:-- exhausted all cases without a match\n    at c:\\Users\\E495\\.vscode\\extensions\\uqbar.wollok-lsp-ide-0.5.4\\out\\server\\src\\server.js:38:6142\n    at L2 (c:\\Users\\E495\\.vscode\\extensions\\uqbar.wollok-lsp-ide-0.5.4\\out\\server\\src\\server.js:2389:42)\n    at Jh (c:\\Users\\E495\\.vscode\\extensions\\uqbar.wollok-lsp-ide-0.5.4\\out\\server\\src\\server.js:2389:1092)\n    at M5n (c:\\Users\\E495\\.vscode\\extensions\\uqbar.wollok-lsp-ide-0.5.4\\out\\server\\src\\server.js:2389:1248)\n    at c:\\Users\\E495\\.vscode\\extensions\\uqbar.wollok-lsp-ide-0.5.4\\out\\server\\src\\server.js:38:6131\n    at L2 (c:\\Users\\E495\\.vscode\\extensions\\uqbar.wollok-lsp-ide-0.5.4\\out\\server\\src\\server.js:2389:42)\n    at c:\\Users\\E495\\.vscode\\extensions\\uqbar.wollok-lsp-ide-0.5.4\\out\\server\\src\\server.js:2389:2988\n    at c:\\Users\\E495\\.vscode\\extensions\\uqbar.wollok-lsp-ide-0.5.4\\out\\server\\src\\server.js:2398:8440\n    at c:\\Users\\E495\\.vscode\\extensions\\uqbar.wollok-lsp-ide-0.5.4\\out\\server\\src\\server.js:37:74872\n    at Ke (c:\\Users\\E495\\.vscode\\extensions\\uqbar.wollok-lsp-ide-0.5.4\\out\\server\\src\\server.js:7:8527)","timestamp":"2026-05-05T14:47:26.347Z"}
{"level":"info","message":"⌛ Validating destinos.wlk","timeElapsed":130,"timestamp":"2026-05-05T14:47:26.480Z"}
{"level":"info","message":"⌛ Building environment","timeElapsed":103,"timestamp":"2026-05-05T14:47:26.680Z"}
{"level":"error","message":"✘ Completions for node Return (undefined - destinos.wlk) failed: Error: [Return]{8f32a5} at destinos.wlk:-- exhausted all cases without a match [Return]{8f32a5} at destinos.wlk:-- exhausted all cases without a match","stack":"Error: [Return]{8f32a5} at destinos.wlk:-- exhausted all cases without a match\n    at c:\\Users\\E495\\.vscode\\extensions\\uqbar.wollok-lsp-ide-0.5.4\\out\\server\\src\\server.js:38:6142\n    at L2 (c:\\Users\\E495\\.vscode\\extensions\\uqbar.wollok-lsp-ide-0.5.4\\out\\server\\src\\server.js:2389:42)\n    at Jh (c:\\Users\\E495\\.vscode\\extensions\\uqbar.wollok-lsp-ide-0.5.4\\out\\server\\src\\server.js:2389:1092)\n    at M5n (c:\\Users\\E495\\.vscode\\extensions\\uqbar.wollok-lsp-ide-0.5.4\\out\\server\\src\\server.js:2389:1248)\n    at c:\\Users\\E495\\.vscode\\extensions\\uqbar.wollok-lsp-ide-0.5.4\\out\\server\\src\\server.js:38:6131\n    at L2 (c:\\Users\\E495\\.vscode\\extensions\\uqbar.wollok-lsp-ide-0.5.4\\out\\server\\src\\server.js:2389:42)\n    at c:\\Users\\E495\\.vscode\\extensions\\uqbar.wollok-lsp-ide-0.5.4\\out\\server\\src\\server.js:2389:2988\n    at c:\\Users\\E495\\.vscode\\extensions\\uqbar.wollok-lsp-ide-0.5.4\\out\\server\\src\\server.js:2398:8440\n    at c:\\Users\\E495\\.vscode\\extensions\\uqbar.wollok-lsp-ide-0.5.4\\out\\server\\src\\server.js:37:74872\n    at Ke (c:\\Users\\E495\\.vscode\\extensions\\uqbar.wollok-lsp-ide-0.5.4\\out\\server\\src\\server.js:7:8527)","timestamp":"2026-05-05T14:47:26.725Z"}
{"level":"info","message":"⌛ Validating destinos.wlk","timeElapsed":118,"timestamp":"2026-05-05T14:47:26.847Z"}
{"level":"info","message":"⌛ Validating destinos.wlk","timeElapsed":131,"timestamp":"2026-05-05T14:47:26.978Z"}
{"level":"info","message":"⌛ Building environment","timeElapsed":106,"timestamp":"2026-05-05T14:47:27.089Z"}
{"level":"error","message":"✘ Completions for node Return (undefined - destinos.wlk) failed: Error: [Return]{67d63a} at destinos.wlk:-- exhausted all cases without a match [Return]{67d63a} at destinos.wlk:-- exhausted all cases without a match","stack":"Error: [Return]{67d63a} at destinos.wlk:-- exhausted all cases without a match\n    at c:\\Users\\E495\\.vscode\\extensions\\uqbar.wollok-lsp-ide-0.5.4\\out\\server\\src\\server.js:38:6142\n    at L2 (c:\\Users\\E495\\.vscode\\extensions\\uqbar.wollok-lsp-ide-0.5.4\\out\\server\\src\\server.js:2389:42)\n    at Jh (c:\\Users\\E495\\.vscode\\extensions\\uqbar.wollok-lsp-ide-0.5.4\\out\\server\\src\\server.js:2389:1092)\n    at M5n (c:\\Users\\E495\\.vscode\\extensions\\uqbar.wollok-lsp-ide-0.5.4\\out\\server\\src\\server.js:2389:1248)\n    at c:\\Users\\E495\\.vscode\\extensions\\uqbar.wollok-lsp-ide-0.5.4\\out\\server\\src\\server.js:38:6131\n    at L2 (c:\\Users\\E495\\.vscode\\extensions\\uqbar.wollok-lsp-ide-0.5.4\\out\\server\\src\\server.js:2389:42)\n    at c:\\Users\\E495\\.vscode\\extensions\\uqbar.wollok-lsp-ide-0.5.4\\out\\server\\src\\server.js:2389:2988\n    at c:\\Users\\E495\\.vscode\\extensions\\uqbar.wollok-lsp-ide-0.5.4\\out\\server\\src\\server.js:2398:8440\n    at c:\\Users\\E495\\.vscode\\extensions\\uqbar.wollok-lsp-ide-0.5.4\\out\\server\\src\\server.js:37:74872\n    at Ke (c:\\Users\\E495\\.vscode\\extensions\\uqbar.wollok-lsp-ide-0.5.4\\out\\server\\src\\server.js:7:8527)","timestamp":"2026-05-05T14:47:27.140Z"}
{"level":"info","message":"⌛ Validating destinos.wlk","timeElapsed":125,"timestamp":"2026-05-05T14:47:27.270Z"}
{"level":"info","message":"⌛ Building environment","timeElapsed":105,"timestamp":"2026-05-05T14:47:27.376Z"}
{"level":"info","message":"⌛ Validating destinos.wlk","timeElapsed":111,"timestamp":"2026-05-05T14:47:27.489Z"}
{"level":"info","message":"⌛ Building environment","timeElapsed":118,"timestamp":"2026-05-05T14:47:27.706Z"}
{"level":"info","message":"⌛ Validating destinos.wlk","timeElapsed":124,"timestamp":"2026-05-05T14:47:27.838Z"}
{"level":"info","message":"⌛ Building environment","timeElapsed":113,"timestamp":"2026-05-05T14:47:28.010Z"}
{"level":"error","message":"✘ Completions for node Return (undefined - destinos.wlk) failed: Error: [Return]{9543ef} at destinos.wlk:-- exhausted all cases without a match [Return]{9543ef} at destinos.wlk:-- exhausted all cases without a match","stack":"Error: [Return]{9543ef} at destinos.wlk:-- exhausted all cases without a match\n    at c:\\Users\\E495\\.vscode\\extensions\\uqbar.wollok-lsp-ide-0.5.4\\out\\server\\src\\server.js:38:6142\n    at L2 (c:\\Users\\E495\\.vscode\\extensions\\uqbar.wollok-lsp-ide-0.5.4\\out\\server\\src\\server.js:2389:42)\n    at Jh (c:\\Users\\E495\\.vscode\\extensions\\uqbar.wollok-lsp-ide-0.5.4\\out\\server\\src\\server.js:2389:1092)\n    at M5n (c:\\Users\\E495\\.vscode\\extensions\\uqbar.wollok-lsp-ide-0.5.4\\out\\server\\src\\server.js:2389:1248)\n    at c:\\Users\\E495\\.vscode\\extensions\\uqbar.wollok-lsp-ide-0.5.4\\out\\server\\src\\server.js:38:6131\n    at L2 (c:\\Users\\E495\\.vscode\\extensions\\uqbar.wollok-lsp-ide-0.5.4\\out\\server\\src\\server.js:2389:42)\n    at c:\\Users\\E495\\.vscode\\extensions\\uqbar.wollok-lsp-ide-0.5.4\\out\\server\\src\\server.js:2389:2988\n    at c:\\Users\\E495\\.vscode\\extensions\\uqbar.wollok-lsp-ide-0.5.4\\out\\server\\src\\server.js:2398:8440\n    at c:\\Users\\E495\\.vscode\\extensions\\uqbar.wollok-lsp-ide-0.5.4\\out\\server\\src\\server.js:37:74872\n    at Ke (c:\\Users\\E495\\.vscode\\extensions\\uqbar.wollok-lsp-ide-0.5.4\\out\\server\\src\\server.js:7:8527)","timestamp":"2026-05-05T14:47:28.058Z"}
{"level":"info","message":"⌛ Validating destinos.wlk","timeElapsed":109,"timestamp":"2026-05-05T14:47:28.172Z"}
{"level":"info","message":"⌛ Building environment","timeElapsed":108,"timestamp":"2026-05-05T14:47:28.366Z"}
{"level":"info","message":"⌛ Validating destinos.wlk","timeElapsed":121,"timestamp":"2026-05-05T14:47:28.488Z"}
{"level":"error","message":"✘ Completions for node Return (undefined - destinos.wlk) failed: Error: [Return]{d1bcc3} at destinos.wlk:-- exhausted all cases without a match [Return]{d1bcc3} at destinos.wlk:-- exhausted all cases without a match","stack":"Error: [Return]{d1bcc3} at destinos.wlk:-- exhausted all cases without a match\n    at c:\\Users\\E495\\.vscode\\extensions\\uqbar.wollok-lsp-ide-0.5.4\\out\\server\\src\\server.js:38:6142\n    at L2 (c:\\Users\\E495\\.vscode\\extensions\\uqbar.wollok-lsp-ide-0.5.4\\out\\server\\src\\server.js:2389:42)\n    at Jh (c:\\Users\\E495\\.vscode\\extensions\\uqbar.wollok-lsp-ide-0.5.4\\out\\server\\src\\server.js:2389:1092)\n    at M5n (c:\\Users\\E495\\.vscode\\extensions\\uqbar.wollok-lsp-ide-0.5.4\\out\\server\\src\\server.js:2389:1248)\n    at c:\\Users\\E495\\.vscode\\extensions\\uqbar.wollok-lsp-ide-0.5.4\\out\\server\\src\\server.js:38:6131\n    at L2 (c:\\Users\\E495\\.vscode\\extensions\\uqbar.wollok-lsp-ide-0.5.4\\out\\server\\src\\server.js:2389:42)\n    at c:\\Users\\E495\\.vscode\\extensions\\uqbar.wollok-lsp-ide-0.5.4\\out\\server\\src\\server.js:2389:2988\n    at c:\\Users\\E495\\.vscode\\extensions\\uqbar.wollok-lsp-ide-0.5.4\\out\\server\\src\\server.js:2398:8440\n    at c:\\Users\\E495\\.vscode\\extensions\\uqbar.wollok-lsp-ide-0.5.4\\out\\server\\src\\server.js:37:74872\n    at Ke (c:\\Users\\E495\\.vscode\\extensions\\uqbar.wollok-lsp-ide-0.5.4\\out\\server\\src\\server.js:7:8527)","timestamp":"2026-05-05T14:47:28.544Z"}
{"level":"info","message":"⌛ Validating destinos.wlk","timeElapsed":133,"timestamp":"2026-05-05T14:47:28.681Z"}
{"level":"info","message":"⌛ Building environment","timeElapsed":142,"timestamp":"2026-05-05T14:47:28.826Z"}
{"level":"error","message":"✘ Completions for node Return (undefined - destinos.wlk) failed: Error: [Return]{d61fdf} at destinos.wlk:-- exhausted all cases without a match [Return]{d61fdf} at destinos.wlk:-- exhausted all cases without a match","stack":"Error: [Return]{d61fdf} at destinos.wlk:-- exhausted all cases without a match\n    at c:\\Users\\E495\\.vscode\\extensions\\uqbar.wollok-lsp-ide-0.5.4\\out\\server\\src\\server.js:38:6142\n    at L2 (c:\\Users\\E495\\.vscode\\extensions\\uqbar.wollok-lsp-ide-0.5.4\\out\\server\\src\\server.js:2389:42)\n    at Jh (c:\\Users\\E495\\.vscode\\extensions\\uqbar.wollok-lsp-ide-0.5.4\\out\\server\\src\\server.js:2389:1092)\n    at M5n (c:\\Users\\E495\\.vscode\\extensions\\uqbar.wollok-lsp-ide-0.5.4\\out\\server\\src\\server.js:2389:1248)\n    at c:\\Users\\E495\\.vscode\\extensions\\uqbar.wollok-lsp-ide-0.5.4\\out\\server\\src\\server.js:38:6131\n    at L2 (c:\\Users\\E495\\.vscode\\extensions\\uqbar.wollok-lsp-ide-0.5.4\\out\\server\\src\\server.js:2389:42)\n    at c:\\Users\\E495\\.vscode\\extensions\\uqbar.wollok-lsp-ide-0.5.4\\out\\server\\src\\server.js:2389:2988\n    at c:\\Users\\E495\\.vscode\\extensions\\uqbar.wollok-lsp-ide-0.5.4\\out\\server\\src\\server.js:2398:8440\n    at c:\\Users\\E495\\.vscode\\extensions\\uqbar.wollok-lsp-ide-0.5.4\\out\\server\\src\\server.js:37:74872\n    at Ke (c:\\Users\\E495\\.vscode\\extensions\\uqbar.wollok-lsp-ide-0.5.4\\out\\server\\src\\server.js:7:8527)","timestamp":"2026-05-05T14:47:28.976Z"}
{"level":"info","message":"⌛ Validating destinos.wlk","timeElapsed":126,"timestamp":"2026-05-05T14:47:29.193Z"}
{"level":"info","message":"⌛ Validating destinos.wlk","timeElapsed":111,"timestamp":"2026-05-05T14:47:29.304Z"}
{"level":"info","message":"⌛ Validating destinos.wlk","timeElapsed":133,"timestamp":"2026-05-05T14:47:29.445Z"}
{"level":"info","message":"⌛ Validating destinos.wlk","timeElapsed":135,"timestamp":"2026-05-05T14:47:30.008Z"}
{"level":"info","message":"⌛ Building environment","timeElapsed":243,"timestamp":"2026-05-05T14:49:25.211Z"}
{"level":"info","message":"⌛ Validating testExample.wtest","timeElapsed":326,"timestamp":"2026-05-05T14:49:25.557Z"}
{"level":"info","message":"⌛ Building environment","timeElapsed":163,"timestamp":"2026-05-05T17:03:09.955Z"}
{"level":"info","message":"⌛ Validating mensajeros.wlk","timeElapsed":178,"timestamp":"2026-05-05T17:03:10.139Z"}
{"level":"info","message":"⌛ Validating mensajeros.wlk","timeElapsed":153,"timestamp":"2026-05-05T17:03:12.872Z"}
{"level":"info","message":"⌛ Building environment","timeElapsed":160,"timestamp":"2026-05-05T17:03:13.058Z"}
{"level":"info","message":"⌛ Validating mensajeros.wlk","timeElapsed":130,"timestamp":"2026-05-05T17:03:13.229Z"}
{"level":"info","message":"⌛ Building environment","timeElapsed":111,"timestamp":"2026-05-05T17:03:13.340Z"}
{"level":"info","message":"⌛ Validating mensajeros.wlk","timeElapsed":125,"timestamp":"2026-05-05T17:03:13.639Z"}
{"level":"info","message":"⌛ Validating mensajeros.wlk","timeElapsed":110,"timestamp":"2026-05-05T17:03:13.749Z"}
{"level":"info","message":"⌛ Validating mensajeros.wlk","timeElapsed":113,"timestamp":"2026-05-05T17:03:13.950Z"}
{"level":"info","message":"⌛ Validating mensajeros.wlk","timeElapsed":141,"timestamp":"2026-05-05T17:03:14.224Z"}
{"level":"info","message":"⌛ Validating mensajeros.wlk","timeElapsed":111,"timestamp":"2026-05-05T17:03:14.336Z"}
{"level":"info","message":"⌛ Validating mensajeros.wlk","timeElapsed":106,"timestamp":"2026-05-05T17:03:15.421Z"}
{"level":"info","message":"⌛ Validating mensajeros.wlk","timeElapsed":112,"timestamp":"2026-05-05T17:03:15.610Z"}
{"level":"info","message":"⌛ Building environment","timeElapsed":123,"timestamp":"2026-05-05T17:03:15.769Z"}
{"level":"info","message":"⌛ Validating mensajeros.wlk","timeElapsed":123,"timestamp":"2026-05-05T17:03:16.008Z"}
{"level":"info","message":"⌛ Validating mensajeros.wlk","timeElapsed":106,"timestamp":"2026-05-05T17:03:16.310Z"}
{"level":"info","message":"⌛ Validating mensajeros.wlk","timeElapsed":106,"timestamp":"2026-05-05T17:03:16.765Z"}
{"level":"info","message":"⌛ Validating mensajeros.wlk","timeElapsed":104,"timestamp":"2026-05-05T17:03:16.948Z"}
{"level":"info","message":"⌛ Validating mensajeros.wlk","timeElapsed":111,"timestamp":"2026-05-05T17:03:17.147Z"}
{"level":"info","message":"⌛ Validating mensajeros.wlk","timeElapsed":120,"timestamp":"2026-05-05T17:03:17.384Z"}
{"level":"info","message":"⌛ Validating mensajeros.wlk","timeElapsed":103,"timestamp":"2026-05-05T17:03:17.565Z"}
{"level":"info","message":"⌛ Validating mensajeros.wlk","timeElapsed":122,"timestamp":"2026-05-05T17:03:17.865Z"}
{"level":"info","message":"⌛ Validating mensajeros.wlk","timeElapsed":109,"timestamp":"2026-05-05T17:03:23.690Z"}
{"level":"info","message":"⌛ Validating mensajeros.wlk","timeElapsed":125,"timestamp":"2026-05-05T17:03:52.167Z"}
{"level":"info","message":"⌛ Validating mensajeros.wlk","timeElapsed":139,"timestamp":"2026-05-05T17:03:52.496Z"}
{"level":"info","message":"⌛ Validating mensajeros.wlk","timeElapsed":140,"timestamp":"2026-05-05T17:03:52.638Z"}
{"level":"info","message":"⌛ Validating mensajeros.wlk","timeElapsed":113,"timestamp":"2026-05-05T17:03:52.931Z"}
{"level":"info","message":"⌛ Validating mensajeros.wlk","timeElapsed":112,"timestamp":"2026-05-05T17:03:53.143Z"}
{"level":"info","message":"⌛ Validating mensajeros.wlk","timeElapsed":151,"timestamp":"2026-05-05T17:03:53.377Z"}
{"level":"info","message":"⌛ Validating mensajeros.wlk","timeElapsed":117,"timestamp":"2026-05-05T17:03:53.579Z"}
{"level":"info","message":"⌛ Validating mensajeros.wlk","timeElapsed":120,"timestamp":"2026-05-05T17:03:53.805Z"}
{"level":"info","message":"⌛ Validating mensajeros.wlk","timeElapsed":117,"timestamp":"2026-05-05T17:03:53.923Z"}
{"level":"info","message":"⌛ Building environment","timeElapsed":130,"timestamp":"2026-05-05T17:03:54.055Z"}
{"level":"info","message":"⌛ Validating mensajeros.wlk","timeElapsed":124,"timestamp":"2026-05-05T17:03:54.397Z"}
{"level":"info","message":"⌛ Validating mensajeros.wlk","timeElapsed":111,"timestamp":"2026-05-05T17:03:56.387Z"}
{"level":"info","message":"⌛ Validating mensajeros.wlk","timeElapsed":122,"timestamp":"2026-05-05T17:03:57.353Z"}
{"level":"info","message":"⌛ Validating mensajeros.wlk","timeElapsed":104,"timestamp":"2026-05-05T17:03:59.708Z"}
{"level":"info","message":"⌛ Validating mensajeros.wlk","timeElapsed":134,"timestamp":"2026-05-05T17:04:23.042Z"}
{"level":"info","message":"⌛ Validating mensajeros.wlk","timeElapsed":114,"timestamp":"2026-05-05T17:04:23.343Z"}
{"level":"info","message":"⌛ Validating mensajeros.wlk","timeElapsed":110,"timestamp":"2026-05-05T17:04:23.538Z"}
{"level":"info","message":"⌛ Building environment","timeElapsed":193,"timestamp":"2026-05-05T17:04:23.732Z"}
{"level":"info","message":"⌛ Validating mensajeros.wlk","timeElapsed":128,"timestamp":"2026-05-05T17:04:23.862Z"}
{"level":"info","message":"⌛ Validating mensajeros.wlk","timeElapsed":107,"timestamp":"2026-05-05T17:04:24.081Z"}
{"level":"info","message":"⌛ Validating mensajeros.wlk","timeElapsed":115,"timestamp":"2026-05-05T17:04:24.271Z"}
{"level":"info","message":"⌛ Building environment","timeElapsed":122,"timestamp":"2026-05-05T17:04:24.396Z"}
{"level":"info","message":"⌛ Validating mensajeros.wlk","timeElapsed":129,"timestamp":"2026-05-05T17:04:24.525Z"}
{"level":"info","message":"⌛ Validating mensajeros.wlk","timeElapsed":107,"timestamp":"2026-05-05T17:04:24.748Z"}
{"level":"info","message":"⌛ Validating mensajeros.wlk","timeElapsed":102,"timestamp":"2026-05-05T17:04:24.933Z"}
{"level":"info","message":"⌛ Building environment","timeElapsed":119,"timestamp":"2026-05-05T17:04:25.238Z"}
{"level":"info","message":"⌛ Validating mensajeros.wlk","timeElapsed":116,"timestamp":"2026-05-05T17:04:25.355Z"}
{"level":"info","message":"⌛ Validating mensajeros.wlk","timeElapsed":109,"timestamp":"2026-05-05T17:04:25.555Z"}
{"level":"info","message":"⌛ Validating mensajeros.wlk","timeElapsed":112,"timestamp":"2026-05-05T17:04:25.762Z"}
{"level":"info","message":"⌛ Validating mensajeros.wlk","timeElapsed":112,"timestamp":"2026-05-05T17:04:25.917Z"}
{"level":"info","message":"⌛ Validating mensajeros.wlk","timeElapsed":101,"timestamp":"2026-05-05T17:04:26.199Z"}
{"level":"info","message":"⌛ Validating mensajeros.wlk","timeElapsed":131,"timestamp":"2026-05-05T17:04:27.222Z"}
{"level":"info","message":"⌛ Validating mensajeros.wlk","timeElapsed":114,"timestamp":"2026-05-05T17:04:27.521Z"}
{"level":"info","message":"⌛ Validating mensajeros.wlk","timeElapsed":138,"timestamp":"2026-05-05T17:04:27.785Z"}
{"level":"info","message":"⌛ Validating mensajeros.wlk","timeElapsed":109,"timestamp":"2026-05-05T17:04:27.999Z"}
{"level":"info","message":"⌛ Validating mensajeros.wlk","timeElapsed":107,"timestamp":"2026-05-05T17:04:28.691Z"}
{"level":"info","message":"⌛ Building environment","timeElapsed":137,"timestamp":"2026-05-05T17:04:28.829Z"}
{"level":"info","message":"⌛ Validating mensajeros.wlk","timeElapsed":110,"timestamp":"2026-05-05T17:04:29.054Z"}
{"level":"info","message":"⌛ Validating mensajeros.wlk","timeElapsed":103,"timestamp":"2026-05-05T17:04:29.356Z"}
{"level":"info","message":"⌛ Validating mensajeros.wlk","timeElapsed":113,"timestamp":"2026-05-05T17:04:29.551Z"}
{"level":"info","message":"⌛ Building environment","timeElapsed":124,"timestamp":"2026-05-05T17:04:29.678Z"}
{"level":"info","message":"⌛ Validating mensajeros.wlk","timeElapsed":122,"timestamp":"2026-05-05T17:04:29.892Z"}
{"level":"info","message":"⌛ Validating mensajeros.wlk","timeElapsed":101,"timestamp":"2026-05-05T17:04:29.994Z"}
{"level":"info","message":"⌛ Validating mensajeros.wlk","timeElapsed":116,"timestamp":"2026-05-05T17:04:30.365Z"}
{"level":"info","message":"⌛ Validating mensajeros.wlk","timeElapsed":124,"timestamp":"2026-05-05T17:04:30.490Z"}
{"level":"info","message":"⌛ Validating mensajeros.wlk","timeElapsed":105,"timestamp":"2026-05-05T17:04:30.595Z"}
{"level":"info","message":"⌛ Validating mensajeros.wlk","timeElapsed":112,"timestamp":"2026-05-05T17:04:31.493Z"}
{"level":"info","message":"⌛ Building environment","timeElapsed":124,"timestamp":"2026-05-05T17:04:31.619Z"}
{"level":"info","message":"⌛ Validating mensajeros.wlk","timeElapsed":153,"timestamp":"2026-05-05T17:04:31.893Z"}
{"level":"info","message":"⌛ Validating mensajeros.wlk","timeElapsed":187,"timestamp":"2026-05-05T17:04:32.279Z"}
{"level":"info","message":"⌛ Validating mensajeros.wlk","timeElapsed":103,"timestamp":"2026-05-05T17:04:32.560Z"}
{"level":"info","message":"⌛ Building environment","timeElapsed":131,"timestamp":"2026-05-05T17:04:32.692Z"}
{"level":"info","message":"⌛ Validating mensajeros.wlk","timeElapsed":108,"timestamp":"2026-05-05T17:04:32.801Z"}
{"level":"info","message":"⌛ Validating mensajeros.wlk","timeElapsed":108,"timestamp":"2026-05-05T17:04:33.010Z"}
{"level":"info","message":"⌛ Validating mensajeros.wlk","timeElapsed":101,"timestamp":"2026-05-05T17:04:33.112Z"}
{"level":"info","message":"⌛ Validating mensajeros.wlk","timeElapsed":101,"timestamp":"2026-05-05T17:04:34.022Z"}
{"level":"info","message":"⌛ Validating mensajeros.wlk","timeElapsed":108,"timestamp":"2026-05-05T17:04:35.658Z"}
{"level":"info","message":"⌛ Validating mensajeros.wlk","timeElapsed":104,"timestamp":"2026-05-05T17:04:35.842Z"}
{"level":"info","message":"⌛ Validating mensajeros.wlk","timeElapsed":113,"timestamp":"2026-05-05T17:04:38.002Z"}
{"level":"info","message":"⌛ Validating mensajeros.wlk","timeElapsed":101,"timestamp":"2026-05-05T17:04:38.185Z"}
{"level":"info","message":"⌛ Validating mensajeros.wlk","timeElapsed":121,"timestamp":"2026-05-05T17:04:38.389Z"}
{"level":"info","message":"⌛ Validating mensajeros.wlk","timeElapsed":102,"timestamp":"2026-05-05T17:04:39.181Z"}
{"level":"info","message":"⌛ Building environment","timeElapsed":103,"timestamp":"2026-05-05T17:04:40.781Z"}
{"level":"info","message":"⌛ Validating mensajeros.wlk","timeElapsed":109,"timestamp":"2026-05-05T17:04:41.008Z"}
{"level":"info","message":"⌛ Validating mensajeros.wlk","timeElapsed":129,"timestamp":"2026-05-05T17:04:41.761Z"}
{"level":"info","message":"⌛ Validating mensajeros.wlk","timeElapsed":166,"timestamp":"2026-05-05T17:04:42.314Z"}
{"level":"info","message":"⌛ Validating mensajeros.wlk","timeElapsed":120,"timestamp":"2026-05-05T17:04:44.041Z"}
{"level":"info","message":"⌛ Validating mensajeros.wlk","timeElapsed":113,"timestamp":"2026-05-05T17:04:45.441Z"}
{"level":"info","message":"⌛ Validating mensajeros.wlk","timeElapsed":129,"timestamp":"2026-05-05T17:04:46.070Z"}
{"level":"info","message":"⌛ Building environment","timeElapsed":149,"timestamp":"2026-05-05T17:04:46.276Z"}
{"level":"info","message":"⌛ Validating mensajeros.wlk","timeElapsed":131,"timestamp":"2026-05-05T17:04:46.408Z"}
{"level":"info","message":"⌛ Validating mensajeros.wlk","timeElapsed":118,"timestamp":"2026-05-05T17:04:46.685Z"}
{"level":"info","message":"⌛ Validating mensajeros.wlk","timeElapsed":117,"timestamp":"2026-05-05T17:04:46.802Z"}
{"level":"info","message":"⌛ Building environment","timeElapsed":125,"timestamp":"2026-05-05T17:04:46.928Z"}
{"level":"info","message":"⌛ Validating mensajeros.wlk","timeElapsed":129,"timestamp":"2026-05-05T17:04:47.153Z"}
{"level":"info","message":"⌛ Validating mensajeros.wlk","timeElapsed":128,"timestamp":"2026-05-05T17:04:47.547Z"}
{"level":"info","message":"⌛ Building environment","timeElapsed":165,"timestamp":"2026-05-05T17:04:47.842Z"}
{"level":"info","message":"⌛ Validating mensajeros.wlk","timeElapsed":124,"timestamp":"2026-05-05T17:04:48.153Z"}
{"level":"info","message":"⌛ Validating mensajeros.wlk","timeElapsed":111,"timestamp":"2026-05-05T17:04:48.265Z"}
{"level":"info","message":"⌛ Validating mensajeros.wlk","timeElapsed":113,"timestamp":"2026-05-05T17:04:48.652Z"}
{"level":"info","message":"⌛ Building environment","timeElapsed":127,"timestamp":"2026-05-05T17:04:48.870Z"}
{"level":"info","message":"⌛ Validating mensajeros.wlk","timeElapsed":132,"timestamp":"2026-05-05T17:04:49.067Z"}
{"level":"info","message":"⌛ Validating mensajeros.wlk","timeElapsed":112,"timestamp":"2026-05-05T17:04:49.343Z"}
{"level":"info","message":"⌛ Validating mensajeros.wlk","timeElapsed":101,"timestamp":"2026-05-05T17:04:55.384Z"}
{"level":"info","message":"⌛ Building environment","timeElapsed":146,"timestamp":"2026-05-05T17:04:55.998Z"}
{"level":"info","message":"⌛ Validating mensajeros.wlk","timeElapsed":142,"timestamp":"2026-05-05T17:04:56.254Z"}
{"level":"info","message":"⌛ Validating mensajeros.wlk","timeElapsed":115,"timestamp":"2026-05-05T17:04:56.561Z"}
{"level":"info","message":"⌛ Validating mensajeros.wlk","timeElapsed":138,"timestamp":"2026-05-05T17:04:56.774Z"}
{"level":"info","message":"⌛ Validating mensajeros.wlk","timeElapsed":110,"timestamp":"2026-05-05T17:04:56.968Z"}
{"level":"info","message":"⌛ Validating mensajeros.wlk","timeElapsed":111,"timestamp":"2026-05-05T17:04:57.197Z"}
{"level":"info","message":"⌛ Validating mensajeros.wlk","timeElapsed":122,"timestamp":"2026-05-05T17:04:57.398Z"}
{"level":"info","message":"⌛ Building environment","timeElapsed":131,"timestamp":"2026-05-05T17:04:57.530Z"}
{"level":"info","message":"⌛ Validating mensajeros.wlk","timeElapsed":124,"timestamp":"2026-05-05T17:04:57.780Z"}
{"level":"info","message":"⌛ Validating mensajeros.wlk","timeElapsed":107,"timestamp":"2026-05-05T17:04:58.176Z"}
{"level":"info","message":"⌛ Validating mensajeros.wlk","timeElapsed":132,"timestamp":"2026-05-05T17:04:58.309Z"}
{"level":"info","message":"⌛ Validating mensajeros.wlk","timeElapsed":117,"timestamp":"2026-05-05T17:05:00.114Z"}
{"level":"info","message":"⌛ Validating mensajeros.wlk","timeElapsed":126,"timestamp":"2026-05-05T17:05:00.335Z"}
{"level":"info","message":"⌛ Validating mensajeros.wlk","timeElapsed":105,"timestamp":"2026-05-05T17:05:01.167Z"}
{"level":"info","message":"⌛ Validating mensajeros.wlk","timeElapsed":111,"timestamp":"2026-05-05T17:05:04.530Z"}
{"level":"info","message":"⌛ Validating mensajeros.wlk","timeElapsed":158,"timestamp":"2026-05-05T17:05:04.982Z"}
{"level":"info","message":"⌛ Validating mensajeros.wlk","timeElapsed":108,"timestamp":"2026-05-05T17:05:30.073Z"}
{"level":"info","message":"⌛ Validating mensajeros.wlk","timeElapsed":123,"timestamp":"2026-05-05T17:05:30.275Z"}
{"level":"info","message":"⌛ Validating mensajeros.wlk","timeElapsed":114,"timestamp":"2026-05-05T17:05:30.471Z"}
{"level":"info","message":"⌛ Validating mensajeros.wlk","timeElapsed":101,"timestamp":"2026-05-05T17:05:30.666Z"}
{"level":"info","message":"⌛ Validating mensajeros.wlk","timeElapsed":108,"timestamp":"2026-05-05T17:05:32.275Z"}
{"level":"info","message":"⌛ Validating mensajeros.wlk","timeElapsed":135,"timestamp":"2026-05-05T17:05:32.566Z"}
{"level":"info","message":"⌛ Validating mensajeros.wlk","timeElapsed":123,"timestamp":"2026-05-05T17:05:32.988Z"}
{"level":"info","message":"⌛ Validating mensajeros.wlk","timeElapsed":103,"timestamp":"2026-05-05T17:05:33.091Z"}
{"level":"info","message":"⌛ Validating mensajeros.wlk","timeElapsed":101,"timestamp":"2026-05-05T17:05:33.347Z"}
{"level":"info","message":"⌛ Validating mensajeros.wlk","timeElapsed":109,"timestamp":"2026-05-05T17:05:33.495Z"}
{"level":"info","message":"⌛ Validating mensajeros.wlk","timeElapsed":112,"timestamp":"2026-05-05T17:05:33.696Z"}
{"level":"info","message":"⌛ Validating mensajeros.wlk","timeElapsed":113,"timestamp":"2026-05-05T17:05:33.896Z"}
{"level":"info","message":"⌛ Building environment","timeElapsed":154,"timestamp":"2026-05-05T17:05:34.052Z"}
{"level":"info","message":"⌛ Validating mensajeros.wlk","timeElapsed":111,"timestamp":"2026-05-05T17:05:34.303Z"}
{"level":"info","message":"⌛ Building environment","timeElapsed":121,"timestamp":"2026-05-05T17:05:34.427Z"}
{"level":"info","message":"⌛ Validating mensajeros.wlk","timeElapsed":108,"timestamp":"2026-05-05T17:05:34.536Z"}
{"level":"info","message":"⌛ Validating mensajeros.wlk","timeElapsed":107,"timestamp":"2026-05-05T17:05:34.836Z"}
{"level":"info","message":"⌛ Validating mensajeros.wlk","timeElapsed":113,"timestamp":"2026-05-05T17:05:36.087Z"}
{"level":"info","message":"⌛ Validating mensajeros.wlk","timeElapsed":108,"timestamp":"2026-05-05T17:05:36.376Z"}
{"level":"info","message":"⌛ Validating mensajeros.wlk","timeElapsed":105,"timestamp":"2026-05-05T17:05:36.599Z"}
{"level":"info","message":"⌛ Validating mensajeros.wlk","timeElapsed":142,"timestamp":"2026-05-05T17:05:36.825Z"}
{"level":"info","message":"⌛ Validating mensajeros.wlk","timeElapsed":117,"timestamp":"2026-05-05T17:05:37.307Z"}
{"level":"info","message":"⌛ Validating mensajeros.wlk","timeElapsed":104,"timestamp":"2026-05-05T17:05:37.516Z"}
{"level":"info","message":"⌛ Building environment","timeElapsed":125,"timestamp":"2026-05-05T17:05:37.643Z"}
{"level":"info","message":"⌛ Validating mensajeros.wlk","timeElapsed":118,"timestamp":"2026-05-05T17:05:37.763Z"}
{"level":"info","message":"⌛ Validating mensajeros.wlk","timeElapsed":158,"timestamp":"2026-05-05T17:05:38.240Z"}
{"level":"info","message":"⌛ Validating mensajeros.wlk","timeElapsed":104,"timestamp":"2026-05-05T17:05:38.513Z"}
{"level":"info","message":"⌛ Validating mensajeros.wlk","timeElapsed":101,"timestamp":"2026-05-05T17:05:40.141Z"}
{"level":"info","message":"⌛ Building environment","timeElapsed":116,"timestamp":"2026-05-05T17:05:41.625Z"}
{"level":"info","message":"⌛ Validating mensajeros.wlk","timeElapsed":103,"timestamp":"2026-05-05T17:05:41.730Z"}
{"level":"info","message":"⌛ Validating mensajeros.wlk","timeElapsed":148,"timestamp":"2026-05-05T17:05:42.325Z"}
{"level":"info","message":"⌛ Validating mensajeros.wlk","timeElapsed":113,"timestamp":"2026-05-05T17:05:43.025Z"}
{"level":"info","message":"⌛ Validating mensajeros.wlk","timeElapsed":120,"timestamp":"2026-05-05T17:05:45.317Z"}
{"level":"info","message":"⌛ Validating mensajeros.wlk","timeElapsed":105,"timestamp":"2026-05-05T17:05:46.208Z"}
{"level":"info","message":"⌛ Building environment","timeElapsed":149,"timestamp":"2026-05-05T17:05:46.423Z"}
{"level":"info","message":"⌛ Validating mensajeros.wlk","timeElapsed":108,"timestamp":"2026-05-05T17:05:46.564Z"}
{"level":"info","message":"⌛ Validating mensajeros.wlk","timeElapsed":108,"timestamp":"2026-05-05T17:05:46.750Z"}
{"level":"info","message":"⌛ Validating mensajeros.wlk","timeElapsed":138,"timestamp":"2026-05-05T17:05:46.994Z"}
{"level":"info","message":"⌛ Validating mensajeros.wlk","timeElapsed":105,"timestamp":"2026-05-05T17:05:47.182Z"}
{"level":"info","message":"⌛ Validating mensajeros.wlk","timeElapsed":106,"timestamp":"2026-05-05T17:05:47.433Z"}
{"level":"error","message":"✘ Failed to rebuild document Failed to parse mensajeros.wlk: \n-- PARSING FAILED --------------------------------------------------\n\n  13 | \n  14 |     method\n> 15 | }\n     | ^\n\nExpected one of the following: \n\n'!=', '!==', '%', '&&', '*', '**', '+', '-', '->', '..', '..<', '/', '<', '<<', '<<<', '<=', '<=>', '<>', '==', '===', '>', '>..', '>=', '>>', '>>>', '?:', '@', 'and', 'class', 'const', 'describe', 'invert', 'mixin', 'negate', 'object', 'only', 'or', 'package', 'plus', 'program', 'test', 'var', '{', '||', EOF, comment, identifier, not \"}\", whitespace\n","stack":"Error: Failed to parse mensajeros.wlk: \n-- PARSING FAILED --------------------------------------------------\n\n  13 | \n  14 |     method\n> 15 | }\n     | ^\n\nExpected one of the following: \n\n'!=', '!==', '%', '&&', '*', '**', '+', '-', '->', '..', '..<', '/', '<', '<<', '<<<', '<=', '<=>', '<>', '==', '===', '>', '>..', '>=', '>>', '>>>', '?:', '@', 'and', 'class', 'const', 'describe', 'invert', 'mixin', 'negate', 'object', 'only', 'or', 'package', 'plus', 'program', 'test', 'var', '{', '||', EOF, comment, identifier, not \"}\", whitespace\n\n    at c:\\Users\\E495\\.vscode\\extensions\\uqbar.wollok-lsp-ide-0.5.4\\out\\server\\src\\server.js:2353:13026\n    at Array.map (<anonymous>)\n    at U1n (c:\\Users\\E495\\.vscode\\extensions\\uqbar.wollok-lsp-ide-0.5.4\\out\\server\\src\\server.js:2353:12950)\n    at H2.buildEnvironmentFrom (c:\\Users\\E495\\.vscode\\extensions\\uqbar.wollok-lsp-ide-0.5.4\\out\\server\\src\\server.js:2398:5254)\n    at H2.updateEnvironmentWith (c:\\Users\\E495\\.vscode\\extensions\\uqbar.wollok-lsp-ide-0.5.4\\out\\server\\src\\server.js:2398:4989)\n    at GF (c:\\Users\\E495\\.vscode\\extensions\\uqbar.wollok-lsp-ide-0.5.4\\out\\server\\src\\server.js:2398:7383)\n    at V3.invoke (c:\\Users\\E495\\.vscode\\extensions\\uqbar.wollok-lsp-ide-0.5.4\\out\\server\\src\\server.js:3:157328)\n    at o.fire (c:\\Users\\E495\\.vscode\\extensions\\uqbar.wollok-lsp-ide-0.5.4\\out\\server\\src\\server.js:3:158098)\n    at c:\\Users\\E495\\.vscode\\extensions\\uqbar.wollok-lsp-ide-0.5.4\\out\\server\\src\\server.js:37:57871\n    at nd (c:\\Users\\E495\\.vscode\\extensions\\uqbar.wollok-lsp-ide-0.5.4\\out\\server\\src\\server.js:8:1561)","timestamp":"2026-05-05T17:05:47.439Z"}
{"level":"error","message":"✘ Failed to rebuild document Failed to parse mensajeros.wlk: \n-- PARSING FAILED --------------------------------------------------\n\n  13 | \n  14 |     method \n> 15 | }\n     | ^\n\nExpected one of the following: \n\n'!=', '!==', '%', '&&', '*', '**', '+', '-', '->', '..', '..<', '/', '<', '<<', '<<<', '<=', '<=>', '<>', '==', '===', '>', '>..', '>=', '>>', '>>>', '?:', '@', 'and', 'class', 'const', 'describe', 'invert', 'mixin', 'negate', 'object', 'only', 'or', 'package', 'plus', 'program', 'test', 'var', '{', '||', EOF, comment, identifier, not \"}\", whitespace\n","stack":"Error: Failed to parse mensajeros.wlk: \n-- PARSING FAILED --------------------------------------------------\n\n  13 | \n  14 |     method \n> 15 | }\n     | ^\n\nExpected one of the following: \n\n'!=', '!==', '%', '&&', '*', '**', '+', '-', '->', '..', '..<', '/', '<', '<<', '<<<', '<=', '<=>', '<>', '==', '===', '>', '>..', '>=', '>>', '>>>', '?:', '@', 'and', 'class', 'const', 'describe', 'invert', 'mixin', 'negate', 'object', 'only', 'or', 'package', 'plus', 'program', 'test', 'var', '{', '||', EOF, comment, identifier, not \"}\", whitespace\n\n    at c:\\Users\\E495\\.vscode\\extensions\\uqbar.wollok-lsp-ide-0.5.4\\out\\server\\src\\server.js:2353:13026\n    at Array.map (<anonymous>)\n    at U1n (c:\\Users\\E495\\.vscode\\extensions\\uqbar.wollok-lsp-ide-0.5.4\\out\\server\\src\\server.js:2353:12950)\n    at H2.buildEnvironmentFrom (c:\\Users\\E495\\.vscode\\extensions\\uqbar.wollok-lsp-ide-0.5.4\\out\\server\\src\\server.js:2398:5254)\n    at H2.updateEnvironmentWith (c:\\Users\\E495\\.vscode\\extensions\\uqbar.wollok-lsp-ide-0.5.4\\out\\server\\src\\server.js:2398:4989)\n    at GF (c:\\Users\\E495\\.vscode\\extensions\\uqbar.wollok-lsp-ide-0.5.4\\out\\server\\src\\server.js:2398:7383)\n    at V3.invoke (c:\\Users\\E495\\.vscode\\extensions\\uqbar.wollok-lsp-ide-0.5.4\\out\\server\\src\\server.js:3:157328)\n    at o.fire (c:\\Users\\E495\\.vscode\\extensions\\uqbar.wollok-lsp-ide-0.5.4\\out\\server\\src\\server.js:3:158098)\n    at c:\\Users\\E495\\.vscode\\extensions\\uqbar.wollok-lsp-ide-0.5.4\\out\\server\\src\\server.js:37:57871\n    at nd (c:\\Users\\E495\\.vscode\\extensions\\uqbar.wollok-lsp-ide-0.5.4\\out\\server\\src\\server.js:8:1561)","timestamp":"2026-05-05T17:05:47.859Z"}
{"level":"info","message":"⌛ Validating mensajeros.wlk","timeElapsed":114,"timestamp":"2026-05-05T17:05:48.213Z"}
{"level":"info","message":"⌛ Validating mensajeros.wlk","timeElapsed":115,"timestamp":"2026-05-05T17:05:48.558Z"}
{"level":"info","message":"⌛ Validating mensajeros.wlk","timeElapsed":127,"timestamp":"2026-05-05T17:05:49.531Z"}
{"level":"info","message":"⌛ Validating mensajeros.wlk","timeElapsed":101,"timestamp":"2026-05-05T17:05:50.196Z"}
{"level":"info","message":"⌛ Validating mensajeros.wlk","timeElapsed":106,"timestamp":"2026-05-05T17:05:50.998Z"}
{"level":"error","message":"✘ Completions for node Return (undefined - mensajeros.wlk) failed: Error: [Return]{03de30} at mensajeros.wlk:-- exhausted all cases without a match [Return]{03de30} at mensajeros.wlk:-- exhausted all cases without a match","stack":"Error: [Return]{03de30} at mensajeros.wlk:-- exhausted all cases without a match\n    at c:\\Users\\E495\\.vscode\\extensions\\uqbar.wollok-lsp-ide-0.5.4\\out\\server\\src\\server.js:38:6142\n    at L2 (c:\\Users\\E495\\.vscode\\extensions\\uqbar.wollok-lsp-ide-0.5.4\\out\\server\\src\\server.js:2389:42)\n    at Jh (c:\\Users\\E495\\.vscode\\extensions\\uqbar.wollok-lsp-ide-0.5.4\\out\\server\\src\\server.js:2389:1092)\n    at M5n (c:\\Users\\E495\\.vscode\\extensions\\uqbar.wollok-lsp-ide-0.5.4\\out\\server\\src\\server.js:2389:1248)\n    at c:\\Users\\E495\\.vscode\\extensions\\uqbar.wollok-lsp-ide-0.5.4\\out\\server\\src\\server.js:38:6131\n    at L2 (c:\\Users\\E495\\.vscode\\extensions\\uqbar.wollok-lsp-ide-0.5.4\\out\\server\\src\\server.js:2389:42)\n    at c:\\Users\\E495\\.vscode\\extensions\\uqbar.wollok-lsp-ide-0.5.4\\out\\server\\src\\server.js:2389:2988\n    at c:\\Users\\E495\\.vscode\\extensions\\uqbar.wollok-lsp-ide-0.5.4\\out\\server\\src\\server.js:2398:8440\n    at c:\\Users\\E495\\.vscode\\extensions\\uqbar.wollok-lsp-ide-0.5.4\\out\\server\\src\\server.js:37:74872\n    at Ke (c:\\Users\\E495\\.vscode\\extensions\\uqbar.wollok-lsp-ide-0.5.4\\out\\server\\src\\server.js:7:8527)","timestamp":"2026-05-05T17:05:51.351Z"}
{"level":"info","message":"⌛ Validating mensajeros.wlk","timeElapsed":113,"timestamp":"2026-05-05T17:05:51.468Z"}
{"level":"info","message":"⌛ Validating mensajeros.wlk","timeElapsed":129,"timestamp":"2026-05-05T17:05:51.689Z"}
{"level":"info","message":"⌛ Validating mensajeros.wlk","timeElapsed":103,"timestamp":"2026-05-05T17:05:51.875Z"}
{"level":"info","message":"⌛ Building environment","timeElapsed":139,"timestamp":"2026-05-05T17:05:52.344Z"}
{"level":"info","message":"⌛ Validating mensajeros.wlk","timeElapsed":104,"timestamp":"2026-05-05T17:05:52.449Z"}
{"level":"info","message":"⌛ Validating mensajeros.wlk","timeElapsed":101,"timestamp":"2026-05-05T17:05:52.929Z"}
{"level":"info","message":"⌛ Validating mensajeros.wlk","timeElapsed":121,"timestamp":"2026-05-05T17:05:54.224Z"}
{"level":"info","message":"⌛ Validating mensajeros.wlk","timeElapsed":105,"timestamp":"2026-05-05T17:05:57.562Z"}
{"level":"info","message":"⌛ Validating mensajeros.wlk","timeElapsed":102,"timestamp":"2026-05-05T17:05:58.224Z"}
{"level":"info","message":"⌛ Building environment","timeElapsed":165,"timestamp":"2026-05-05T17:05:58.390Z"}
{"level":"info","message":"⌛ Validating mensajeros.wlk","timeElapsed":105,"timestamp":"2026-05-05T17:05:58.495Z"}
{"level":"info","message":"⌛ Validating mensajeros.wlk","timeElapsed":112,"timestamp":"2026-05-05T17:05:58.800Z"}
{"level":"info","message":"⌛ Validating mensajeros.wlk","timeElapsed":109,"timestamp":"2026-05-05T17:05:59.394Z"}
{"level":"info","message":"⌛ Validating mensajeros.wlk","timeElapsed":138,"timestamp":"2026-05-05T17:05:59.701Z"}
{"level":"info","message":"⌛ Validating mensajeros.wlk","timeElapsed":114,"timestamp":"2026-05-05T17:06:00.096Z"}
{"level":"info","message":"⌛ Validating mensajeros.wlk","timeElapsed":121,"timestamp":"2026-05-05T17:06:00.426Z"}
{"level":"info","message":"⌛ Validating mensajeros.wlk","timeElapsed":109,"timestamp":"2026-05-05T17:06:00.867Z"}
{"level":"info","message":"⌛ Validating mensajeros.wlk","timeElapsed":101,"timestamp":"2026-05-05T17:06:02.601Z"}
{"level":"info","message":"⌛ Validating mensajeros.wlk","timeElapsed":103,"timestamp":"2026-05-05T17:06:02.825Z"}
{"level":"info","message":"⌛ Validating mensajeros.wlk","timeElapsed":131,"timestamp":"2026-05-05T17:06:03.241Z"}
{"level":"info","message":"⌛ Validating mensajeros.wlk","timeElapsed":120,"timestamp":"2026-05-05T17:06:03.488Z"}
{"level":"info","message":"⌛ Building environment","timeElapsed":157,"timestamp":"2026-05-05T17:06:03.645Z"}
{"level":"info","message":"⌛ Building environment","timeElapsed":130,"timestamp":"2026-05-05T17:06:04.078Z"}
{"level":"info","message":"⌛ Validating mensajeros.wlk","timeElapsed":122,"timestamp":"2026-05-05T17:06:04.205Z"}
{"level":"info","message":"⌛ Validating mensajeros.wlk","timeElapsed":122,"timestamp":"2026-05-05T17:06:04.473Z"}
{"level":"info","message":"⌛ Validating mensajeros.wlk","timeElapsed":105,"timestamp":"2026-05-05T17:06:04.645Z"}
{"level":"info","message":"⌛ Validating mensajeros.wlk","timeElapsed":102,"timestamp":"2026-05-05T17:06:05.179Z"}
{"level":"info","message":"⌛ Building environment","timeElapsed":127,"timestamp":"2026-05-05T17:06:05.380Z"}
{"level":"info","message":"⌛ Validating mensajeros.wlk","timeElapsed":108,"timestamp":"2026-05-05T17:06:05.489Z"}
{"level":"error","message":"✘ Completions for node Send ([15:21, 15:38] - mensajeros.wlk) failed: Error: [Send]{bdbe0e} at mensajeros.wlk:15 exhausted all cases without a match [Send]{bdbe0e} at mensajeros.wlk:15 exhausted all cases without a match","stack":"Error: [Send]{bdbe0e} at mensajeros.wlk:15 exhausted all cases without a match\n    at c:\\Users\\E495\\.vscode\\extensions\\uqbar.wollok-lsp-ide-0.5.4\\out\\server\\src\\server.js:38:6142\n    at L2 (c:\\Users\\E495\\.vscode\\extensions\\uqbar.wollok-lsp-ide-0.5.4\\out\\server\\src\\server.js:2389:42)\n    at Jh (c:\\Users\\E495\\.vscode\\extensions\\uqbar.wollok-lsp-ide-0.5.4\\out\\server\\src\\server.js:2389:1092)\n    at M5n (c:\\Users\\E495\\.vscode\\extensions\\uqbar.wollok-lsp-ide-0.5.4\\out\\server\\src\\server.js:2389:1248)\n    at c:\\Users\\E495\\.vscode\\extensions\\uqbar.wollok-lsp-ide-0.5.4\\out\\server\\src\\server.js:38:6131\n    at L2 (c:\\Users\\E495\\.vscode\\extensions\\uqbar.wollok-lsp-ide-0.5.4\\out\\server\\src\\server.js:2389:42)\n    at c:\\Users\\E495\\.vscode\\extensions\\uqbar.wollok-lsp-ide-0.5.4\\out\\server\\src\\server.js:2389:2988\n    at c:\\Users\\E495\\.vscode\\extensions\\uqbar.wollok-lsp-ide-0.5.4\\out\\server\\src\\server.js:2398:8440\n    at c:\\Users\\E495\\.vscode\\extensions\\uqbar.wollok-lsp-ide-0.5.4\\out\\server\\src\\server.js:37:74872\n    at Ke (c:\\Users\\E495\\.vscode\\extensions\\uqbar.wollok-lsp-ide-0.5.4\\out\\server\\src\\server.js:7:8527)","timestamp":"2026-05-05T17:06:09.539Z"}
{"level":"error","message":"✘ Completions for node Return (undefined - mensajeros.wlk) failed: Error: [Return]{a8eedb} at mensajeros.wlk:-- exhausted all cases without a match [Return]{a8eedb} at mensajeros.wlk:-- exhausted all cases without a match","stack":"Error: [Return]{a8eedb} at mensajeros.wlk:-- exhausted all cases without a match\n    at c:\\Users\\E495\\.vscode\\extensions\\uqbar.wollok-lsp-ide-0.5.4\\out\\server\\src\\server.js:38:6142\n    at L2 (c:\\Users\\E495\\.vscode\\extensions\\uqbar.wollok-lsp-ide-0.5.4\\out\\server\\src\\server.js:2389:42)\n    at Jh (c:\\Users\\E495\\.vscode\\extensions\\uqbar.wollok-lsp-ide-0.5.4\\out\\server\\src\\server.js:2389:1092)\n    at L2 (c:\\Users\\E495\\.vscode\\extensions\\uqbar.wollok-lsp-ide-0.5.4\\out\\server\\src\\server.js:2389:544)\n    at Jh (c:\\Users\\E495\\.vscode\\extensions\\uqbar.wollok-lsp-ide-0.5.4\\out\\server\\src\\server.js:2389:1092)\n    at M5n (c:\\Users\\E495\\.vscode\\extensions\\uqbar.wollok-lsp-ide-0.5.4\\out\\server\\src\\server.js:2389:1248)\n    at c:\\Users\\E495\\.vscode\\extensions\\uqbar.wollok-lsp-ide-0.5.4\\out\\server\\src\\server.js:38:6131\n    at L2 (c:\\Users\\E495\\.vscode\\extensions\\uqbar.wollok-lsp-ide-0.5.4\\out\\server\\src\\server.js:2389:42)\n    at c:\\Users\\E495\\.vscode\\extensions\\uqbar.wollok-lsp-ide-0.5.4\\out\\server\\src\\server.js:2389:2988\n    at c:\\Users\\E495\\.vscode\\extensions\\uqbar.wollok-lsp-ide-0.5.4\\out\\server\\src\\server.js:2398:8440","timestamp":"2026-05-05T17:06:09.539Z"}
{"level":"info","message":"⌛ Validating mensajeros.wlk","timeElapsed":107,"timestamp":"2026-05-05T17:06:09.650Z"}
{"level":"info","message":"⌛ Validating mensajeros.wlk","timeElapsed":112,"timestamp":"2026-05-05T17:06:09.933Z"}
{"level":"info","message":"⌛ Building environment","timeElapsed":121,"timestamp":"2026-05-05T17:06:10.057Z"}
{"level":"info","message":"⌛ Validating mensajeros.wlk","timeElapsed":117,"timestamp":"2026-05-05T17:06:10.174Z"}
{"level":"info","message":"⌛ Validating mensajeros.wlk","timeElapsed":103,"timestamp":"2026-05-05T17:06:10.544Z"}
{"level":"info","message":"⌛ Building environment","timeElapsed":105,"timestamp":"2026-05-05T17:06:17.610Z"}
{"level":"info","message":"⌛ Validating mensajeros.wlk","timeElapsed":144,"timestamp":"2026-05-05T17:06:17.756Z"}
{"level":"info","message":"⌛ Validating mensajeros.wlk","timeElapsed":128,"timestamp":"2026-05-05T17:06:35.031Z"}
{"level":"info","message":"⌛ Validating mensajeros.wlk","timeElapsed":103,"timestamp":"2026-05-05T17:06:35.217Z"}
{"level":"info","message":"⌛ Validating mensajeros.wlk","timeElapsed":109,"timestamp":"2026-05-05T17:06:35.627Z"}
{"level":"info","message":"⌛ Validating mensajeros.wlk","timeElapsed":114,"timestamp":"2026-05-05T17:06:35.812Z"}
{"level":"info","message":"⌛ Validating mensajeros.wlk","timeElapsed":169,"timestamp":"2026-05-05T17:06:36.307Z"}
{"level":"info","message":"⌛ Validating mensajeros.wlk","timeElapsed":121,"timestamp":"2026-05-05T17:06:36.605Z"}
{"level":"error","message":"✘ Failed to rebuild document Failed to parse mensajeros.wlk: \n-- PARSING FAILED --------------------------------------------------\n\n   6 | \n   7 |     method\n>  8 | }\n     | ^\n   9 | \n  10 | object bicicleta {\n\nExpected one of the following: \n\n'!=', '!==', '%', '&&', '*', '**', '+', '-', '->', '..', '..<', '/', '<', '<<', '<<<', '<=', '<=>', '<>', '==', '===', '>', '>..', '>=', '>>', '>>>', '?:', '@', 'and', 'class', 'const', 'describe', 'invert', 'mixin', 'negate', 'object', 'only', 'or', 'package', 'plus', 'program', 'test', 'var', '{', '||', EOF, comment, identifier, not \"}\r\n\r\n\", whitespace\n","stack":"Error: Failed to parse mensajeros.wlk: \n-- PARSING FAILED --------------------------------------------------\n\n   6 | \n   7 |     method\n>  8 | }\n     | ^\n   9 | \n  10 | object bicicleta {\n\nExpected one of the following: \n\n'!=', '!==', '%', '&&', '*', '**', '+', '-', '->', '..', '..<', '/', '<', '<<', '<<<', '<=', '<=>', '<>', '==', '===', '>', '>..', '>=', '>>', '>>>', '?:', '@', 'and', 'class', 'const', 'describe', 'invert', 'mixin', 'negate', 'object', 'only', 'or', 'package', 'plus', 'program', 'test', 'var', '{', '||', EOF, comment, identifier, not \"}\r\n\r\n\", whitespace\n\n    at c:\\Users\\E495\\.vscode\\extensions\\uqbar.wollok-lsp-ide-0.5.4\\out\\server\\src\\server.js:2353:13026\n    at Array.map (<anonymous>)\n    at U1n (c:\\Users\\E495\\.vscode\\extensions\\uqbar.wollok-lsp-ide-0.5.4\\out\\server\\src\\server.js:2353:12950)\n    at H2.buildEnvironmentFrom (c:\\Users\\E495\\.vscode\\extensions\\uqbar.wollok-lsp-ide-0.5.4\\out\\server\\src\\server.js:2398:5254)\n    at H2.updateEnvironmentWith (c:\\Users\\E495\\.vscode\\extensions\\uqbar.wollok-lsp-ide-0.5.4\\out\\server\\src\\server.js:2398:4989)\n    at GF (c:\\Users\\E495\\.vscode\\extensions\\uqbar.wollok-lsp-ide-0.5.4\\out\\server\\src\\server.js:2398:7383)\n    at V3.invoke (c:\\Users\\E495\\.vscode\\extensions\\uqbar.wollok-lsp-ide-0.5.4\\out\\server\\src\\server.js:3:157328)\n    at o.fire (c:\\Users\\E495\\.vscode\\extensions\\uqbar.wollok-lsp-ide-0.5.4\\out\\server\\src\\server.js:3:158098)\n    at c:\\Users\\E495\\.vscode\\extensions\\uqbar.wollok-lsp-ide-0.5.4\\out\\server\\src\\server.js:37:57871\n    at nd (c:\\Users\\E495\\.vscode\\extensions\\uqbar.wollok-lsp-ide-0.5.4\\out\\server\\src\\server.js:8:1561)","timestamp":"2026-05-05T17:06:36.708Z"}
{"level":"error","message":"✘ Failed to rebuild document Failed to parse mensajeros.wlk: \n-- PARSING FAILED --------------------------------------------------\n\n   6 | \n   7 |     method \n>  8 | }\n     | ^\n   9 | \n  10 | object bicicleta {\n\nExpected one of the following: \n\n'!=', '!==', '%', '&&', '*', '**', '+', '-', '->', '..', '..<', '/', '<', '<<', '<<<', '<=', '<=>', '<>', '==', '===', '>', '>..', '>=', '>>', '>>>', '?:', '@', 'and', 'class', 'const', 'describe', 'invert', 'mixin', 'negate', 'object', 'only', 'or', 'package', 'plus', 'program', 'test', 'var', '{', '||', EOF, comment, identifier, not \"}\r\n\r\n\", whitespace\n","stack":"Error: Failed to parse mensajeros.wlk: \n-- PARSING FAILED --------------------------------------------------\n\n   6 | \n   7 |     method \n>  8 | }\n     | ^\n   9 | \n  10 | object bicicleta {\n\nExpected one of the following: \n\n'!=', '!==', '%', '&&', '*', '**', '+', '-', '->', '..', '..<', '/', '<', '<<', '<<<', '<=', '<=>', '<>', '==', '===', '>', '>..', '>=', '>>', '>>>', '?:', '@', 'and', 'class', 'const', 'describe', 'invert', 'mixin', 'negate', 'object', 'only', 'or', 'package', 'plus', 'program', 'test', 'var', '{', '||', EOF, comment, identifier, not \"}\r\n\r\n\", whitespace\n\n    at c:\\Users\\E495\\.vscode\\extensions\\uqbar.wollok-lsp-ide-0.5.4\\out\\server\\src\\server.js:2353:13026\n    at Array.map (<anonymous>)\n    at U1n (c:\\Users\\E495\\.vscode\\extensions\\uqbar.wollok-lsp-ide-0.5.4\\out\\server\\src\\server.js:2353:12950)\n    at H2.buildEnvironmentFrom (c:\\Users\\E495\\.vscode\\extensions\\uqbar.wollok-lsp-ide-0.5.4\\out\\server\\src\\server.js:2398:5254)\n    at H2.updateEnvironmentWith (c:\\Users\\E495\\.vscode\\extensions\\uqbar.wollok-lsp-ide-0.5.4\\out\\server\\src\\server.js:2398:4989)\n    at GF (c:\\Users\\E495\\.vscode\\extensions\\uqbar.wollok-lsp-ide-0.5.4\\out\\server\\src\\server.js:2398:7383)\n    at V3.invoke (c:\\Users\\E495\\.vscode\\extensions\\uqbar.wollok-lsp-ide-0.5.4\\out\\server\\src\\server.js:3:157328)\n    at o.fire (c:\\Users\\E495\\.vscode\\extensions\\uqbar.wollok-lsp-ide-0.5.4\\out\\server\\src\\server.js:3:158098)\n    at c:\\Users\\E495\\.vscode\\extensions\\uqbar.wollok-lsp-ide-0.5.4\\out\\server\\src\\server.js:37:57871\n    at nd (c:\\Users\\E495\\.vscode\\extensions\\uqbar.wollok-lsp-ide-0.5.4\\out\\server\\src\\server.js:8:1561)","timestamp":"2026-05-05T17:06:37.189Z"}
{"level":"info","message":"⌛ Validating mensajeros.wlk","timeElapsed":105,"timestamp":"2026-05-05T17:06:37.675Z"}
{"level":"info","message":"⌛ Building environment","timeElapsed":137,"timestamp":"2026-05-05T17:06:37.819Z"}
{"level":"info","message":"⌛ Validating mensajeros.wlk","timeElapsed":110,"timestamp":"2026-05-05T17:06:37.968Z"}
{"level":"info","message":"⌛ Building environment","timeElapsed":132,"timestamp":"2026-05-05T17:06:38.434Z"}
{"level":"info","message":"⌛ Validating mensajeros.wlk","timeElapsed":108,"timestamp":"2026-05-05T17:06:38.544Z"}
{"level":"info","message":"⌛ Validating mensajeros.wlk","timeElapsed":116,"timestamp":"2026-05-05T17:06:38.996Z"}
{"level":"info","message":"⌛ Validating mensajeros.wlk","timeElapsed":106,"timestamp":"2026-05-05T17:06:39.176Z"}
{"level":"info","message":"⌛ Building environment","timeElapsed":137,"timestamp":"2026-05-05T17:06:39.314Z"}
{"level":"info","message":"⌛ Validating mensajeros.wlk","timeElapsed":101,"timestamp":"2026-05-05T17:06:39.417Z"}
{"level":"info","message":"⌛ Validating mensajeros.wlk","timeElapsed":106,"timestamp":"2026-05-05T17:06:39.678Z"}
{"level":"info","message":"⌛ Validating mensajeros.wlk","timeElapsed":101,"timestamp":"2026-05-05T17:06:40.000Z"}
{"level":"info","message":"⌛ Validating mensajeros.wlk","timeElapsed":101,"timestamp":"2026-05-05T17:06:43.248Z"}
{"level":"error","message":"✘ Completions for node Parameter ([7:21, 7:22] - mensajeros.wlk) failed: Error: [Parameter]{e60aca} at mensajeros.wlk:7 exhausted all cases without a match [Parameter]{e60aca} at mensajeros.wlk:7 exhausted all cases without a match","stack":"Error: [Parameter]{e60aca} at mensajeros.wlk:7 exhausted all cases without a match\n    at c:\\Users\\E495\\.vscode\\extensions\\uqbar.wollok-lsp-ide-0.5.4\\out\\server\\src\\server.js:38:6142\n    at L2 (c:\\Users\\E495\\.vscode\\extensions\\uqbar.wollok-lsp-ide-0.5.4\\out\\server\\src\\server.js:2389:42)\n    at c:\\Users\\E495\\.vscode\\extensions\\uqbar.wollok-lsp-ide-0.5.4\\out\\server\\src\\server.js:2389:2988\n    at c:\\Users\\E495\\.vscode\\extensions\\uqbar.wollok-lsp-ide-0.5.4\\out\\server\\src\\server.js:2398:8440\n    at c:\\Users\\E495\\.vscode\\extensions\\uqbar.wollok-lsp-ide-0.5.4\\out\\server\\src\\server.js:37:74872\n    at Ke (c:\\Users\\E495\\.vscode\\extensions\\uqbar.wollok-lsp-ide-0.5.4\\out\\server\\src\\server.js:7:8527)\n    at Lt (c:\\Users\\E495\\.vscode\\extensions\\uqbar.wollok-lsp-ide-0.5.4\\out\\server\\src\\server.js:7:6189)\n    at ct (c:\\Users\\E495\\.vscode\\extensions\\uqbar.wollok-lsp-ide-0.5.4\\out\\server\\src\\server.js:7:6378)\n    at Immediate._onImmediate (c:\\Users\\E495\\.vscode\\extensions\\uqbar.wollok-lsp-ide-0.5.4\\out\\server\\src\\server.js:7:6142)\n    at process.processImmediate (node:internal/timers:484:21)","timestamp":"2026-05-05T17:06:43.946Z"}
{"level":"info","message":"⌛ Validating mensajeros.wlk","timeElapsed":109,"timestamp":"2026-05-05T17:06:44.058Z"}
{"level":"info","message":"⌛ Validating mensajeros.wlk","timeElapsed":133,"timestamp":"2026-05-05T17:06:44.429Z"}
{"level":"error","message":"✘ Completions for node Parameter ([7:21, 7:24] - mensajeros.wlk) failed: Error: [Parameter]{76719e} at mensajeros.wlk:7 exhausted all cases without a match [Parameter]{76719e} at mensajeros.wlk:7 exhausted all cases without a match","stack":"Error: [Parameter]{76719e} at mensajeros.wlk:7 exhausted all cases without a match\n    at c:\\Users\\E495\\.vscode\\extensions\\uqbar.wollok-lsp-ide-0.5.4\\out\\server\\src\\server.js:38:6142\n    at L2 (c:\\Users\\E495\\.vscode\\extensions\\uqbar.wollok-lsp-ide-0.5.4\\out\\server\\src\\server.js:2389:42)\n    at c:\\Users\\E495\\.vscode\\extensions\\uqbar.wollok-lsp-ide-0.5.4\\out\\server\\src\\server.js:2389:2988\n    at c:\\Users\\E495\\.vscode\\extensions\\uqbar.wollok-lsp-ide-0.5.4\\out\\server\\src\\server.js:2398:8440\n    at c:\\Users\\E495\\.vscode\\extensions\\uqbar.wollok-lsp-ide-0.5.4\\out\\server\\src\\server.js:37:74872\n    at Ke (c:\\Users\\E495\\.vscode\\extensions\\uqbar.wollok-lsp-ide-0.5.4\\out\\server\\src\\server.js:7:8527)\n    at Lt (c:\\Users\\E495\\.vscode\\extensions\\uqbar.wollok-lsp-ide-0.5.4\\out\\server\\src\\server.js:7:6189)\n    at ct (c:\\Users\\E495\\.vscode\\extensions\\uqbar.wollok-lsp-ide-0.5.4\\out\\server\\src\\server.js:7:6378)\n    at Immediate._onImmediate (c:\\Users\\E495\\.vscode\\extensions\\uqbar.wollok-lsp-ide-0.5.4\\out\\server\\src\\server.js:7:6142)\n    at process.processImmediate (node:internal/timers:484:21)","timestamp":"2026-05-05T17:06:44.929Z"}
{"level":"info","message":"⌛ Validating mensajeros.wlk","timeElapsed":105,"timestamp":"2026-05-05T17:06:45.036Z"}
{"level":"error","message":"✘ Completions for node Parameter ([7:21, 7:23] - mensajeros.wlk) failed: Error: [Parameter]{18d6b0} at mensajeros.wlk:7 exhausted all cases without a match [Parameter]{18d6b0} at mensajeros.wlk:7 exhausted all cases without a match","stack":"Error: [Parameter]{18d6b0} at mensajeros.wlk:7 exhausted all cases without a match\n    at c:\\Users\\E495\\.vscode\\extensions\\uqbar.wollok-lsp-ide-0.5.4\\out\\server\\src\\server.js:38:6142\n    at L2 (c:\\Users\\E495\\.vscode\\extensions\\uqbar.wollok-lsp-ide-0.5.4\\out\\server\\src\\server.js:2389:42)\n    at c:\\Users\\E495\\.vscode\\extensions\\uqbar.wollok-lsp-ide-0.5.4\\out\\server\\src\\server.js:2389:2988\n    at c:\\Users\\E495\\.vscode\\extensions\\uqbar.wollok-lsp-ide-0.5.4\\out\\server\\src\\server.js:2398:8440\n    at c:\\Users\\E495\\.vscode\\extensions\\uqbar.wollok-lsp-ide-0.5.4\\out\\server\\src\\server.js:37:74872\n    at Ke (c:\\Users\\E495\\.vscode\\extensions\\uqbar.wollok-lsp-ide-0.5.4\\out\\server\\src\\server.js:7:8527)\n    at Lt (c:\\Users\\E495\\.vscode\\extensions\\uqbar.wollok-lsp-ide-0.5.4\\out\\server\\src\\server.js:7:6189)\n    at ct (c:\\Users\\E495\\.vscode\\extensions\\uqbar.wollok-lsp-ide-0.5.4\\out\\server\\src\\server.js:7:6378)\n    at Immediate._onImmediate (c:\\Users\\E495\\.vscode\\extensions\\uqbar.wollok-lsp-ide-0.5.4\\out\\server\\src\\server.js:7:6142)\n    at process.processImmediate (node:internal/timers:484:21)","timestamp":"2026-05-05T17:06:45.727Z"}
{"level":"info","message":"⌛ Validating mensajeros.wlk","timeElapsed":107,"timestamp":"2026-05-05T17:06:46.167Z"}
{"level":"info","message":"⌛ Building environment","timeElapsed":183,"timestamp":"2026-05-05T17:06:46.354Z"}
{"level":"info","message":"⌛ Building environment","timeElapsed":105,"timestamp":"2026-05-05T17:06:46.460Z"}
{"level":"info","message":"⌛ Validating mensajeros.wlk","timeElapsed":133,"timestamp":"2026-05-05T17:06:46.605Z"}
{"level":"info","message":"⌛ Validating mensajeros.wlk","timeElapsed":118,"timestamp":"2026-05-05T17:06:46.898Z"}
{"level":"info","message":"⌛ Validating mensajeros.wlk","timeElapsed":109,"timestamp":"2026-05-05T17:06:47.088Z"}
{"level":"info","message":"⌛ Building environment","timeElapsed":120,"timestamp":"2026-05-05T17:06:47.208Z"}
{"level":"info","message":"⌛ Validating mensajeros.wlk","timeElapsed":126,"timestamp":"2026-05-05T17:06:47.336Z"}
{"level":"error","message":"✘ Completions for node Parameter ([7:21, 7:30] - mensajeros.wlk) failed: Error: [Parameter]{ade436} at mensajeros.wlk:7 exhausted all cases without a match [Parameter]{ade436} at mensajeros.wlk:7 exhausted all cases without a match","stack":"Error: [Parameter]{ade436} at mensajeros.wlk:7 exhausted all cases without a match\n    at c:\\Users\\E495\\.vscode\\extensions\\uqbar.wollok-lsp-ide-0.5.4\\out\\server\\src\\server.js:38:6142\n    at L2 (c:\\Users\\E495\\.vscode\\extensions\\uqbar.wollok-lsp-ide-0.5.4\\out\\server\\src\\server.js:2389:42)\n    at c:\\Users\\E495\\.vscode\\extensions\\uqbar.wollok-lsp-ide-0.5.4\\out\\server\\src\\server.js:2389:2988\n    at c:\\Users\\E495\\.vscode\\extensions\\uqbar.wollok-lsp-ide-0.5.4\\out\\server\\src\\server.js:2398:8440\n    at c:\\Users\\E495\\.vscode\\extensions\\uqbar.wollok-lsp-ide-0.5.4\\out\\server\\src\\server.js:37:74872\n    at Ke (c:\\Users\\E495\\.vscode\\extensions\\uqbar.wollok-lsp-ide-0.5.4\\out\\server\\src\\server.js:7:8527)\n    at Lt (c:\\Users\\E495\\.vscode\\extensions\\uqbar.wollok-lsp-ide-0.5.4\\out\\server\\src\\server.js:7:6189)\n    at ct (c:\\Users\\E495\\.vscode\\extensions\\uqbar.wollok-lsp-ide-0.5.4\\out\\server\\src\\server.js:7:6378)\n    at Immediate._onImmediate (c:\\Users\\E495\\.vscode\\extensions\\uqbar.wollok-lsp-ide-0.5.4\\out\\server\\src\\server.js:7:6142)\n    at process.processImmediate (node:internal/timers:484:21)","timestamp":"2026-05-05T17:06:47.440Z"}
{"level":"error","message":"✘ Completions for node Parameter ([7:21, 7:31] - mensajeros.wlk) failed: Error: [Parameter]{23f84e} at mensajeros.wlk:7 exhausted all cases without a match [Parameter]{23f84e} at mensajeros.wlk:7 exhausted all cases without a match","stack":"Error: [Parameter]{23f84e} at mensajeros.wlk:7 exhausted all cases without a match\n    at c:\\Users\\E495\\.vscode\\extensions\\uqbar.wollok-lsp-ide-0.5.4\\out\\server\\src\\server.js:38:6142\n    at L2 (c:\\Users\\E495\\.vscode\\extensions\\uqbar.wollok-lsp-ide-0.5.4\\out\\server\\src\\server.js:2389:42)\n    at c:\\Users\\E495\\.vscode\\extensions\\uqbar.wollok-lsp-ide-0.5.4\\out\\server\\src\\server.js:2389:2988\n    at c:\\Users\\E495\\.vscode\\extensions\\uqbar.wollok-lsp-ide-0.5.4\\out\\server\\src\\server.js:2398:8440\n    at c:\\Users\\E495\\.vscode\\extensions\\uqbar.wollok-lsp-ide-0.5.4\\out\\server\\src\\server.js:37:74872\n    at Ke (c:\\Users\\E495\\.vscode\\extensions\\uqbar.wollok-lsp-ide-0.5.4\\out\\server\\src\\server.js:7:8527)\n    at Lt (c:\\Users\\E495\\.vscode\\extensions\\uqbar.wollok-lsp-ide-0.5.4\\out\\server\\src\\server.js:7:6189)\n    at ct (c:\\Users\\E495\\.vscode\\extensions\\uqbar.wollok-lsp-ide-0.5.4\\out\\server\\src\\server.js:7:6378)\n    at Immediate._onImmediate (c:\\Users\\E495\\.vscode\\extensions\\uqbar.wollok-lsp-ide-0.5.4\\out\\server\\src\\server.js:7:6142)\n    at process.processImmediate (node:internal/timers:484:21)","timestamp":"2026-05-05T17:06:48.557Z"}
{"level":"info","message":"⌛ Validating mensajeros.wlk","timeElapsed":101,"timestamp":"2026-05-05T17:06:48.661Z"}
{"level":"error","message":"✘ Completions for node Parameter ([7:21, 7:32] - mensajeros.wlk) failed: Error: [Parameter]{2cf850} at mensajeros.wlk:7 exhausted all cases without a match [Parameter]{2cf850} at mensajeros.wlk:7 exhausted all cases without a match","stack":"Error: [Parameter]{2cf850} at mensajeros.wlk:7 exhausted all cases without a match\n    at c:\\Users\\E495\\.vscode\\extensions\\uqbar.wollok-lsp-ide-0.5.4\\out\\server\\src\\server.js:38:6142\n    at L2 (c:\\Users\\E495\\.vscode\\extensions\\uqbar.wollok-lsp-ide-0.5.4\\out\\server\\src\\server.js:2389:42)\n    at c:\\Users\\E495\\.vscode\\extensions\\uqbar.wollok-lsp-ide-0.5.4\\out\\server\\src\\server.js:2389:2988\n    at c:\\Users\\E495\\.vscode\\extensions\\uqbar.wollok-lsp-ide-0.5.4\\out\\server\\src\\server.js:2398:8440\n    at c:\\Users\\E495\\.vscode\\extensions\\uqbar.wollok-lsp-ide-0.5.4\\out\\server\\src\\server.js:37:74872\n    at Ke (c:\\Users\\E495\\.vscode\\extensions\\uqbar.wollok-lsp-ide-0.5.4\\out\\server\\src\\server.js:7:8527)\n    at Lt (c:\\Users\\E495\\.vscode\\extensions\\uqbar.wollok-lsp-ide-0.5.4\\out\\server\\src\\server.js:7:6189)\n    at ct (c:\\Users\\E495\\.vscode\\extensions\\uqbar.wollok-lsp-ide-0.5.4\\out\\server\\src\\server.js:7:6378)\n    at Immediate._onImmediate (c:\\Users\\E495\\.vscode\\extensions\\uqbar.wollok-lsp-ide-0.5.4\\out\\server\\src\\server.js:7:6142)\n    at process.processImmediate (node:internal/timers:484:21)","timestamp":"2026-05-05T17:06:49.007Z"}
{"level":"info","message":"⌛ Validating mensajeros.wlk","timeElapsed":108,"timestamp":"2026-05-05T17:06:49.117Z"}
{"level":"error","message":"✘ Completions for node Parameter ([7:21, 7:33] - mensajeros.wlk) failed: Error: [Parameter]{15c427} at mensajeros.wlk:7 exhausted all cases without a match [Parameter]{15c427} at mensajeros.wlk:7 exhausted all cases without a match","stack":"Error: [Parameter]{15c427} at mensajeros.wlk:7 exhausted all cases without a match\n    at c:\\Users\\E495\\.vscode\\extensions\\uqbar.wollok-lsp-ide-0.5.4\\out\\server\\src\\server.js:38:6142\n    at L2 (c:\\Users\\E495\\.vscode\\extensions\\uqbar.wollok-lsp-ide-0.5.4\\out\\server\\src\\server.js:2389:42)\n    at c:\\Users\\E495\\.vscode\\extensions\\uqbar.wollok-lsp-ide-0.5.4\\out\\server\\src\\server.js:2389:2988\n    at c:\\Users\\E495\\.vscode\\extensions\\uqbar.wollok-lsp-ide-0.5.4\\out\\server\\src\\server.js:2398:8440\n    at c:\\Users\\E495\\.vscode\\extensions\\uqbar.wollok-lsp-ide-0.5.4\\out\\server\\src\\server.js:37:74872\n    at Ke (c:\\Users\\E495\\.vscode\\extensions\\uqbar.wollok-lsp-ide-0.5.4\\out\\server\\src\\server.js:7:8527)\n    at Lt (c:\\Users\\E495\\.vscode\\extensions\\uqbar.wollok-lsp-ide-0.5.4\\out\\server\\src\\server.js:7:6189)\n    at ct (c:\\Users\\E495\\.vscode\\extensions\\uqbar.wollok-lsp-ide-0.5.4\\out\\server\\src\\server.js:7:6378)\n    at Immediate._onImmediate (c:\\Users\\E495\\.vscode\\extensions\\uqbar.wollok-lsp-ide-0.5.4\\out\\server\\src\\server.js:7:6142)\n    at process.processImmediate (node:internal/timers:484:21)","timestamp":"2026-05-05T17:06:49.773Z"}
{"level":"error","message":"✘ Completions for node Parameter ([7:21, 7:34] - mensajeros.wlk) failed: Error: [Parameter]{a816aa} at mensajeros.wlk:7 exhausted all cases without a match [Parameter]{a816aa} at mensajeros.wlk:7 exhausted all cases without a match","stack":"Error: [Parameter]{a816aa} at mensajeros.wlk:7 exhausted all cases without a match\n    at c:\\Users\\E495\\.vscode\\extensions\\uqbar.wollok-lsp-ide-0.5.4\\out\\server\\src\\server.js:38:6142\n    at L2 (c:\\Users\\E495\\.vscode\\extensions\\uqbar.wollok-lsp-ide-0.5.4\\out\\server\\src\\server.js:2389:42)\n    at c:\\Users\\E495\\.vscode\\extensions\\uqbar.wollok-lsp-ide-0.5.4\\out\\server\\src\\server.js:2389:2988\n    at c:\\Users\\E495\\.vscode\\extensions\\uqbar.wollok-lsp-ide-0.5.4\\out\\server\\src\\server.js:2398:8440\n    at c:\\Users\\E495\\.vscode\\extensions\\uqbar.wollok-lsp-ide-0.5.4\\out\\server\\src\\server.js:37:74872\n    at Ke (c:\\Users\\E495\\.vscode\\extensions\\uqbar.wollok-lsp-ide-0.5.4\\out\\server\\src\\server.js:7:8527)\n    at Lt (c:\\Users\\E495\\.vscode\\extensions\\uqbar.wollok-lsp-ide-0.5.4\\out\\server\\src\\server.js:7:6189)\n    at ct (c:\\Users\\E495\\.vscode\\extensions\\uqbar.wollok-lsp-ide-0.5.4\\out\\server\\src\\server.js:7:6378)\n    at Immediate._onImmediate (c:\\Users\\E495\\.vscode\\extensions\\uqbar.wollok-lsp-ide-0.5.4\\out\\server\\src\\server.js:7:6142)\n    at process.processImmediate (node:internal/timers:484:21)","timestamp":"2026-05-05T17:06:50.077Z"}
{"level":"info","message":"⌛ Validating mensajeros.wlk","timeElapsed":127,"timestamp":"2026-05-05T17:06:50.208Z"}
{"level":"error","message":"✘ Completions for node Parameter ([7:21, 7:35] - mensajeros.wlk) failed: Error: [Parameter]{ef6609} at mensajeros.wlk:7 exhausted all cases without a match [Parameter]{ef6609} at mensajeros.wlk:7 exhausted all cases without a match","stack":"Error: [Parameter]{ef6609} at mensajeros.wlk:7 exhausted all cases without a match\n    at c:\\Users\\E495\\.vscode\\extensions\\uqbar.wollok-lsp-ide-0.5.4\\out\\server\\src\\server.js:38:6142\n    at L2 (c:\\Users\\E495\\.vscode\\extensions\\uqbar.wollok-lsp-ide-0.5.4\\out\\server\\src\\server.js:2389:42)\n    at c:\\Users\\E495\\.vscode\\extensions\\uqbar.wollok-lsp-ide-0.5.4\\out\\server\\src\\server.js:2389:2988\n    at c:\\Users\\E495\\.vscode\\extensions\\uqbar.wollok-lsp-ide-0.5.4\\out\\server\\src\\server.js:2398:8440\n    at c:\\Users\\E495\\.vscode\\extensions\\uqbar.wollok-lsp-ide-0.5.4\\out\\server\\src\\server.js:37:74872\n    at Ke (c:\\Users\\E495\\.vscode\\extensions\\uqbar.wollok-lsp-ide-0.5.4\\out\\server\\src\\server.js:7:8527)\n    at Lt (c:\\Users\\E495\\.vscode\\extensions\\uqbar.wollok-lsp-ide-0.5.4\\out\\server\\src\\server.js:7:6189)\n    at ct (c:\\Users\\E495\\.vscode\\extensions\\uqbar.wollok-lsp-ide-0.5.4\\out\\server\\src\\server.js:7:6378)\n    at Immediate._onImmediate (c:\\Users\\E495\\.vscode\\extensions\\uqbar.wollok-lsp-ide-0.5.4\\out\\server\\src\\server.js:7:6142)\n    at process.processImmediate (node:internal/timers:484:21)","timestamp":"2026-05-05T17:06:50.340Z"}
{"level":"info","message":"⌛ Validating mensajeros.wlk","timeElapsed":110,"timestamp":"2026-05-05T17:06:50.534Z"}
{"level":"info","message":"⌛ Building environment","timeElapsed":114,"timestamp":"2026-05-05T17:06:50.740Z"}
{"level":"error","message":"✘ Completions for node Parameter ([7:21, 7:37] - mensajeros.wlk) failed: Error: [Parameter]{28fe2f} at mensajeros.wlk:7 exhausted all cases without a match [Parameter]{28fe2f} at mensajeros.wlk:7 exhausted all cases without a match","stack":"Error: [Parameter]{28fe2f} at mensajeros.wlk:7 exhausted all cases without a match\n    at c:\\Users\\E495\\.vscode\\extensions\\uqbar.wollok-lsp-ide-0.5.4\\out\\server\\src\\server.js:38:6142\n    at L2 (c:\\Users\\E495\\.vscode\\extensions\\uqbar.wollok-lsp-ide-0.5.4\\out\\server\\src\\server.js:2389:42)\n    at c:\\Users\\E495\\.vscode\\extensions\\uqbar.wollok-lsp-ide-0.5.4\\out\\server\\src\\server.js:2389:2988\n    at c:\\Users\\E495\\.vscode\\extensions\\uqbar.wollok-lsp-ide-0.5.4\\out\\server\\src\\server.js:2398:8440\n    at c:\\Users\\E495\\.vscode\\extensions\\uqbar.wollok-lsp-ide-0.5.4\\out\\server\\src\\server.js:37:74872\n    at Ke (c:\\Users\\E495\\.vscode\\extensions\\uqbar.wollok-lsp-ide-0.5.4\\out\\server\\src\\server.js:7:8527)\n    at Lt (c:\\Users\\E495\\.vscode\\extensions\\uqbar.wollok-lsp-ide-0.5.4\\out\\server\\src\\server.js:7:6189)\n    at ct (c:\\Users\\E495\\.vscode\\extensions\\uqbar.wollok-lsp-ide-0.5.4\\out\\server\\src\\server.js:7:6378)\n    at Immediate._onImmediate (c:\\Users\\E495\\.vscode\\extensions\\uqbar.wollok-lsp-ide-0.5.4\\out\\server\\src\\server.js:7:6142)\n    at process.processImmediate (node:internal/timers:484:21)","timestamp":"2026-05-05T17:06:50.771Z"}
{"level":"info","message":"⌛ Validating mensajeros.wlk","timeElapsed":188,"timestamp":"2026-05-05T17:06:50.964Z"}
{"level":"info","message":"⌛ Validating mensajeros.wlk","timeElapsed":110,"timestamp":"2026-05-05T17:06:51.691Z"}
{"level":"info","message":"⌛ Validating mensajeros.wlk","timeElapsed":118,"timestamp":"2026-05-05T17:06:52.750Z"}
{"level":"info","message":"⌛ Validating mensajeros.wlk","timeElapsed":130,"timestamp":"2026-05-05T17:06:58.370Z"}
{"level":"info","message":"⌛ Validating mensajeros.wlk","timeElapsed":106,"timestamp":"2026-05-05T17:06:58.558Z"}
{"level":"info","message":"⌛ Validating mensajeros.wlk","timeElapsed":101,"timestamp":"2026-05-05T17:07:00.183Z"}
{"level":"info","message":"⌛ Validating mensajeros.wlk","timeElapsed":124,"timestamp":"2026-05-05T17:07:00.524Z"}
{"level":"info","message":"⌛ Validating mensajeros.wlk","timeElapsed":111,"timestamp":"2026-05-05T17:07:01.542Z"}
{"level":"info","message":"⌛ Validating mensajeros.wlk","timeElapsed":112,"timestamp":"2026-05-05T17:07:01.763Z"}
{"level":"error","message":"✘ Completions for node Assignment ([8:9, 8:21] - mensajeros.wlk) failed: Error: [Assignment]{dfa7c3} at mensajeros.wlk:8 exhausted all cases without a match [Assignment]{dfa7c3} at mensajeros.wlk:8 exhausted all cases without a match","stack":"Error: [Assignment]{dfa7c3} at mensajeros.wlk:8 exhausted all cases without a match\n    at c:\\Users\\E495\\.vscode\\extensions\\uqbar.wollok-lsp-ide-0.5.4\\out\\server\\src\\server.js:38:6142\n    at L2 (c:\\Users\\E495\\.vscode\\extensions\\uqbar.wollok-lsp-ide-0.5.4\\out\\server\\src\\server.js:2389:42)\n    at Jh (c:\\Users\\E495\\.vscode\\extensions\\uqbar.wollok-lsp-ide-0.5.4\\out\\server\\src\\server.js:2389:1092)\n    at M5n (c:\\Users\\E495\\.vscode\\extensions\\uqbar.wollok-lsp-ide-0.5.4\\out\\server\\src\\server.js:2389:1248)\n    at c:\\Users\\E495\\.vscode\\extensions\\uqbar.wollok-lsp-ide-0.5.4\\out\\server\\src\\server.js:38:6131\n    at L2 (c:\\Users\\E495\\.vscode\\extensions\\uqbar.wollok-lsp-ide-0.5.4\\out\\server\\src\\server.js:2389:42)\n    at c:\\Users\\E495\\.vscode\\extensions\\uqbar.wollok-lsp-ide-0.5.4\\out\\server\\src\\server.js:2389:2988\n    at c:\\Users\\E495\\.vscode\\extensions\\uqbar.wollok-lsp-ide-0.5.4\\out\\server\\src\\server.js:2398:8440\n    at c:\\Users\\E495\\.vscode\\extensions\\uqbar.wollok-lsp-ide-0.5.4\\out\\server\\src\\server.js:37:74872\n    at Ke (c:\\Users\\E495\\.vscode\\extensions\\uqbar.wollok-lsp-ide-0.5.4\\out\\server\\src\\server.js:7:8527)","timestamp":"2026-05-05T17:07:02.153Z"}
{"level":"info","message":"⌛ Building environment","timeElapsed":153,"timestamp":"2026-05-05T17:07:02.640Z"}
{"level":"info","message":"⌛ Validating mensajeros.wlk","timeElapsed":114,"timestamp":"2026-05-05T17:07:02.756Z"}
{"level":"info","message":"⌛ Validating mensajeros.wlk","timeElapsed":118,"timestamp":"2026-05-05T17:07:15.649Z"}
{"level":"info","message":"⌛ Validating mensajeros.wlk","timeElapsed":117,"timestamp":"2026-05-05T17:07:15.859Z"}
{"level":"info","message":"⌛ Validating mensajeros.wlk","timeElapsed":120,"timestamp":"2026-05-05T17:07:16.144Z"}
{"level":"info","message":"⌛ Validating mensajeros.wlk","timeElapsed":145,"timestamp":"2026-05-05T17:07:16.291Z"}
{"level":"info","message":"⌛ Building environment","timeElapsed":102,"timestamp":"2026-05-05T17:07:16.476Z"}
{"level":"info","message":"⌛ Validating mensajeros.wlk","timeElapsed":152,"timestamp":"2026-05-05T17:07:16.628Z"}
{"level":"info","message":"⌛ Building environment","timeElapsed":102,"timestamp":"2026-05-05T17:07:16.731Z"}
{"level":"info","message":"⌛ Validating mensajeros.wlk","timeElapsed":122,"timestamp":"2026-05-05T17:07:16.854Z"}
{"level":"info","message":"⌛ Building environment","timeElapsed":212,"timestamp":"2026-05-05T17:07:17.144Z"}
{"level":"info","message":"⌛ Validating mensajeros.wlk","timeElapsed":112,"timestamp":"2026-05-05T17:07:17.257Z"}
{"level":"info","message":"⌛ Validating mensajeros.wlk","timeElapsed":107,"timestamp":"2026-05-05T17:07:17.643Z"}
{"level":"info","message":"⌛ Building environment","timeElapsed":126,"timestamp":"2026-05-05T17:07:17.870Z"}
{"level":"info","message":"⌛ Validating mensajeros.wlk","timeElapsed":101,"timestamp":"2026-05-05T17:07:17.979Z"}
{"level":"info","message":"⌛ Validating mensajeros.wlk","timeElapsed":104,"timestamp":"2026-05-05T17:07:18.196Z"}
{"level":"info","message":"⌛ Validating mensajeros.wlk","timeElapsed":127,"timestamp":"2026-05-05T17:07:18.393Z"}
{"level":"info","message":"⌛ Building environment","timeElapsed":139,"timestamp":"2026-05-05T17:07:18.659Z"}
{"level":"info","message":"⌛ Validating mensajeros.wlk","timeElapsed":138,"timestamp":"2026-05-05T17:07:18.907Z"}
{"level":"info","message":"⌛ Validating mensajeros.wlk","timeElapsed":112,"timestamp":"2026-05-05T17:07:19.019Z"}
{"level":"info","message":"⌛ Validating mensajeros.wlk","timeElapsed":128,"timestamp":"2026-05-05T17:07:19.319Z"}
{"level":"info","message":"⌛ Validating mensajeros.wlk","timeElapsed":158,"timestamp":"2026-05-05T17:07:19.480Z"}
{"level":"info","message":"⌛ Validating mensajeros.wlk","timeElapsed":133,"timestamp":"2026-05-05T17:07:19.842Z"}
{"level":"info","message":"⌛ Validating mensajeros.wlk","timeElapsed":110,"timestamp":"2026-05-05T17:07:19.953Z"}
{"level":"info","message":"⌛ Validating mensajeros.wlk","timeElapsed":103,"timestamp":"2026-05-05T17:07:20.285Z"}
{"level":"info","message":"⌛ Building environment","timeElapsed":104,"timestamp":"2026-05-05T17:07:20.389Z"}
{"level":"info","message":"⌛ Validating mensajeros.wlk","timeElapsed":101,"timestamp":"2026-05-05T17:07:20.491Z"}
{"level":"info","message":"⌛ Building environment","timeElapsed":126,"timestamp":"2026-05-05T17:07:21.358Z"}
{"level":"info","message":"⌛ Validating mensajeros.wlk","timeElapsed":104,"timestamp":"2026-05-05T17:07:21.463Z"}
{"level":"info","message":"⌛ Building environment","timeElapsed":120,"timestamp":"2026-05-05T17:07:21.695Z"}
{"level":"info","message":"⌛ Validating mensajeros.wlk","timeElapsed":108,"timestamp":"2026-05-05T17:07:21.804Z"}
{"level":"info","message":"⌛ Validating mensajeros.wlk","timeElapsed":116,"timestamp":"2026-05-05T17:07:24.148Z"}
{"level":"error","message":"✘ Failed to get type description: Error: Failed to print, found malformed node Failed to print, found malformed node","node":{"compiled":false,"id":"5bb886ee-c80f-4883-b1d0-38757ecbe212","isOverride":false,"metadata":[],"name":"pesoPropio","parameters":[],"problems":[{"code":"malformedMember","sourceMap":{"end":{"column":27,"line":4,"offset":76},"start":{"column":22,"line":4,"offset":71}}}],"scope":{"containerScope":{"containerScope":{"containerScope":{"contributions":{},"includedScopes":[]},"contributions":{},"includedScopes":[]},"contributions":{},"includedScopes":[{"containerScope":{"containerScope":{"containerScope":{"contributions":{},"includedScopes":[]},"contributions":{},"includedScopes":[]},"contributions":{},"includedScopes":[]},"contributions":{},"includedScopes":[]}]},"contributions":{},"includedScopes":[]},"sourceMap":{"end":{"column":27,"line":4,"offset":76},"start":{"column":5,"line":4,"offset":54}}},"stack":"Error: Failed to print, found malformed node\n    at c:\\Users\\E495\\.vscode\\extensions\\uqbar.wollok-lsp-ide-0.5.4\\out\\server\\src\\server.js:68:3585\n    at Kbn (c:\\Users\\E495\\.vscode\\extensions\\uqbar.wollok-lsp-ide-0.5.4\\out\\server\\src\\server.js:68:3396)\n    at c:\\Users\\E495\\.vscode\\extensions\\uqbar.wollok-lsp-ide-0.5.4\\out\\server\\src\\server.js:2398:847\n    at c:\\Users\\E495\\.vscode\\extensions\\uqbar.wollok-lsp-ide-0.5.4\\out\\server\\src\\server.js:2398:8440\n    at c:\\Users\\E495\\.vscode\\extensions\\uqbar.wollok-lsp-ide-0.5.4\\out\\server\\src\\server.js:37:74770\n    at Ke (c:\\Users\\E495\\.vscode\\extensions\\uqbar.wollok-lsp-ide-0.5.4\\out\\server\\src\\server.js:7:8527)\n    at Lt (c:\\Users\\E495\\.vscode\\extensions\\uqbar.wollok-lsp-ide-0.5.4\\out\\server\\src\\server.js:7:6189)\n    at ct (c:\\Users\\E495\\.vscode\\extensions\\uqbar.wollok-lsp-ide-0.5.4\\out\\server\\src\\server.js:7:6378)\n    at Immediate._onImmediate (c:\\Users\\E495\\.vscode\\extensions\\uqbar.wollok-lsp-ide-0.5.4\\out\\server\\src\\server.js:7:6142)\n    at process.processImmediate (node:internal/timers:484:21)","timestamp":"2026-05-05T17:07:26.849Z"}
{"level":"error","message":"✘ Failed to get type description: Error: Failed to print, found malformed node Failed to print, found malformed node","node":{"compiled":false,"id":"5bb886ee-c80f-4883-b1d0-38757ecbe212","isOverride":false,"metadata":[],"name":"pesoPropio","parameters":[],"problems":[{"code":"malformedMember","sourceMap":{"end":{"column":27,"line":4,"offset":76},"start":{"column":22,"line":4,"offset":71}}}],"scope":{"containerScope":{"containerScope":{"containerScope":{"contributions":{},"includedScopes":[]},"contributions":{},"includedScopes":[]},"contributions":{},"includedScopes":[{"containerScope":{"containerScope":{"containerScope":{"contributions":{},"includedScopes":[]},"contributions":{},"includedScopes":[]},"contributions":{},"includedScopes":[]},"contributions":{},"includedScopes":[]}]},"contributions":{},"includedScopes":[]},"sourceMap":{"end":{"column":27,"line":4,"offset":76},"start":{"column":5,"line":4,"offset":54}}},"stack":"Error: Failed to print, found malformed node\n    at c:\\Users\\E495\\.vscode\\extensions\\uqbar.wollok-lsp-ide-0.5.4\\out\\server\\src\\server.js:68:3585\n    at Kbn (c:\\Users\\E495\\.vscode\\extensions\\uqbar.wollok-lsp-ide-0.5.4\\out\\server\\src\\server.js:68:3396)\n    at c:\\Users\\E495\\.vscode\\extensions\\uqbar.wollok-lsp-ide-0.5.4\\out\\server\\src\\server.js:2398:847\n    at c:\\Users\\E495\\.vscode\\extensions\\uqbar.wollok-lsp-ide-0.5.4\\out\\server\\src\\server.js:2398:8440\n    at c:\\Users\\E495\\.vscode\\extensions\\uqbar.wollok-lsp-ide-0.5.4\\out\\server\\src\\server.js:37:74770\n    at Ke (c:\\Users\\E495\\.vscode\\extensions\\uqbar.wollok-lsp-ide-0.5.4\\out\\server\\src\\server.js:7:8527)\n    at Lt (c:\\Users\\E495\\.vscode\\extensions\\uqbar.wollok-lsp-ide-0.5.4\\out\\server\\src\\server.js:7:6189)\n    at ct (c:\\Users\\E495\\.vscode\\extensions\\uqbar.wollok-lsp-ide-0.5.4\\out\\server\\src\\server.js:7:6378)\n    at Immediate._onImmediate (c:\\Users\\E495\\.vscode\\extensions\\uqbar.wollok-lsp-ide-0.5.4\\out\\server\\src\\server.js:7:6142)\n    at process.processImmediate (node:internal/timers:484:21)","timestamp":"2026-05-05T17:07:28.666Z"}
{"level":"error","message":"✘ Failed to get type description: Error: Failed to print, found malformed node Failed to print, found malformed node","node":{"compiled":false,"id":"5bb886ee-c80f-4883-b1d0-38757ecbe212","isOverride":false,"metadata":[],"name":"pesoPropio","parameters":[],"problems":[{"code":"malformedMember","sourceMap":{"end":{"column":27,"line":4,"offset":76},"start":{"column":22,"line":4,"offset":71}}}],"scope":{"containerScope":{"containerScope":{"containerScope":{"contributions":{},"includedScopes":[]},"contributions":{},"includedScopes":[]},"contributions":{},"includedScopes":[{"containerScope":{"containerScope":{"containerScope":{"contributions":{},"includedScopes":[]},"contributions":{},"includedScopes":[]},"contributions":{},"includedScopes":[]},"contributions":{},"includedScopes":[]}]},"contributions":{},"includedScopes":[]},"sourceMap":{"end":{"column":27,"line":4,"offset":76},"start":{"column":5,"line":4,"offset":54}}},"stack":"Error: Failed to print, found malformed node\n    at c:\\Users\\E495\\.vscode\\extensions\\uqbar.wollok-lsp-ide-0.5.4\\out\\server\\src\\server.js:68:3585\n    at Kbn (c:\\Users\\E495\\.vscode\\extensions\\uqbar.wollok-lsp-ide-0.5.4\\out\\server\\src\\server.js:68:3396)\n    at c:\\Users\\E495\\.vscode\\extensions\\uqbar.wollok-lsp-ide-0.5.4\\out\\server\\src\\server.js:2398:847\n    at c:\\Users\\E495\\.vscode\\extensions\\uqbar.wollok-lsp-ide-0.5.4\\out\\server\\src\\server.js:2398:8440\n    at c:\\Users\\E495\\.vscode\\extensions\\uqbar.wollok-lsp-ide-0.5.4\\out\\server\\src\\server.js:37:74770\n    at Ke (c:\\Users\\E495\\.vscode\\extensions\\uqbar.wollok-lsp-ide-0.5.4\\out\\server\\src\\server.js:7:8527)\n    at Lt (c:\\Users\\E495\\.vscode\\extensions\\uqbar.wollok-lsp-ide-0.5.4\\out\\server\\src\\server.js:7:6189)\n    at ct (c:\\Users\\E495\\.vscode\\extensions\\uqbar.wollok-lsp-ide-0.5.4\\out\\server\\src\\server.js:7:6378)\n    at Immediate._onImmediate (c:\\Users\\E495\\.vscode\\extensions\\uqbar.wollok-lsp-ide-0.5.4\\out\\server\\src\\server.js:7:6142)\n    at process.processImmediate (node:internal/timers:484:21)","timestamp":"2026-05-05T17:07:28.967Z"}
{"level":"info","message":"⌛ Validating mensajeros.wlk","timeElapsed":128,"timestamp":"2026-05-05T17:13:46.576Z"}
{"level":"error","message":"✘ Completions for node Return (undefined - mensajeros.wlk) failed: Error: [Return]{2cd53f} at mensajeros.wlk:-- exhausted all cases without a match [Return]{2cd53f} at mensajeros.wlk:-- exhausted all cases without a match","stack":"Error: [Return]{2cd53f} at mensajeros.wlk:-- exhausted all cases without a match\n    at c:\\Users\\E495\\.vscode\\extensions\\uqbar.wollok-lsp-ide-0.5.4\\out\\server\\src\\server.js:38:6142\n    at L2 (c:\\Users\\E495\\.vscode\\extensions\\uqbar.wollok-lsp-ide-0.5.4\\out\\server\\src\\server.js:2389:42)\n    at Jh (c:\\Users\\E495\\.vscode\\extensions\\uqbar.wollok-lsp-ide-0.5.4\\out\\server\\src\\server.js:2389:1092)\n    at M5n (c:\\Users\\E495\\.vscode\\extensions\\uqbar.wollok-lsp-ide-0.5.4\\out\\server\\src\\server.js:2389:1248)\n    at c:\\Users\\E495\\.vscode\\extensions\\uqbar.wollok-lsp-ide-0.5.4\\out\\server\\src\\server.js:38:6131\n    at L2 (c:\\Users\\E495\\.vscode\\extensions\\uqbar.wollok-lsp-ide-0.5.4\\out\\server\\src\\server.js:2389:42)\n    at c:\\Users\\E495\\.vscode\\extensions\\uqbar.wollok-lsp-ide-0.5.4\\out\\server\\src\\server.js:2389:2988\n    at c:\\Users\\E495\\.vscode\\extensions\\uqbar.wollok-lsp-ide-0.5.4\\out\\server\\src\\server.js:2398:8440\n    at c:\\Users\\E495\\.vscode\\extensions\\uqbar.wollok-lsp-ide-0.5.4\\out\\server\\src\\server.js:37:74872\n    at Ke (c:\\Users\\E495\\.vscode\\extensions\\uqbar.wollok-lsp-ide-0.5.4\\out\\server\\src\\server.js:7:8527)","timestamp":"2026-05-05T17:13:46.900Z"}
{"level":"info","message":"⌛ Validating mensajeros.wlk","timeElapsed":109,"timestamp":"2026-05-05T17:13:47.014Z"}
{"level":"info","message":"⌛ Building environment","timeElapsed":111,"timestamp":"2026-05-05T17:13:47.126Z"}
{"level":"info","message":"⌛ Validating mensajeros.wlk","timeElapsed":125,"timestamp":"2026-05-05T17:13:47.332Z"}
{"level":"error","message":"✘ Completions for node Return (undefined - mensajeros.wlk) failed: Error: [Return]{4468fc} at mensajeros.wlk:-- exhausted all cases without a match [Return]{4468fc} at mensajeros.wlk:-- exhausted all cases without a match","stack":"Error: [Return]{4468fc} at mensajeros.wlk:-- exhausted all cases without a match\n    at c:\\Users\\E495\\.vscode\\extensions\\uqbar.wollok-lsp-ide-0.5.4\\out\\server\\src\\server.js:38:6142\n    at L2 (c:\\Users\\E495\\.vscode\\extensions\\uqbar.wollok-lsp-ide-0.5.4\\out\\server\\src\\server.js:2389:42)\n    at Jh (c:\\Users\\E495\\.vscode\\extensions\\uqbar.wollok-lsp-ide-0.5.4\\out\\server\\src\\server.js:2389:1092)\n    at M5n (c:\\Users\\E495\\.vscode\\extensions\\uqbar.wollok-lsp-ide-0.5.4\\out\\server\\src\\server.js:2389:1248)\n    at c:\\Users\\E495\\.vscode\\extensions\\uqbar.wollok-lsp-ide-0.5.4\\out\\server\\src\\server.js:38:6131\n    at L2 (c:\\Users\\E495\\.vscode\\extensions\\uqbar.wollok-lsp-ide-0.5.4\\out\\server\\src\\server.js:2389:42)\n    at c:\\Users\\E495\\.vscode\\extensions\\uqbar.wollok-lsp-ide-0.5.4\\out\\server\\src\\server.js:2389:2988\n    at c:\\Users\\E495\\.vscode\\extensions\\uqbar.wollok-lsp-ide-0.5.4\\out\\server\\src\\server.js:2398:8440\n    at c:\\Users\\E495\\.vscode\\extensions\\uqbar.wollok-lsp-ide-0.5.4\\out\\server\\src\\server.js:37:74872\n    at Ke (c:\\Users\\E495\\.vscode\\extensions\\uqbar.wollok-lsp-ide-0.5.4\\out\\server\\src\\server.js:7:8527)","timestamp":"2026-05-05T17:13:47.367Z"}
{"level":"info","message":"⌛ Validating mensajeros.wlk","timeElapsed":103,"timestamp":"2026-05-05T17:13:47.642Z"}
{"level":"error","message":"✘ Completions for node Return (undefined - mensajeros.wlk) failed: Error: [Return]{09cbec} at mensajeros.wlk:-- exhausted all cases without a match [Return]{09cbec} at mensajeros.wlk:-- exhausted all cases without a match","stack":"Error: [Return]{09cbec} at mensajeros.wlk:-- exhausted all cases without a match\n    at c:\\Users\\E495\\.vscode\\extensions\\uqbar.wollok-lsp-ide-0.5.4\\out\\server\\src\\server.js:38:6142\n    at L2 (c:\\Users\\E495\\.vscode\\extensions\\uqbar.wollok-lsp-ide-0.5.4\\out\\server\\src\\server.js:2389:42)\n    at Jh (c:\\Users\\E495\\.vscode\\extensions\\uqbar.wollok-lsp-ide-0.5.4\\out\\server\\src\\server.js:2389:1092)\n    at M5n (c:\\Users\\E495\\.vscode\\extensions\\uqbar.wollok-lsp-ide-0.5.4\\out\\server\\src\\server.js:2389:1248)\n    at c:\\Users\\E495\\.vscode\\extensions\\uqbar.wollok-lsp-ide-0.5.4\\out\\server\\src\\server.js:38:6131\n    at L2 (c:\\Users\\E495\\.vscode\\extensions\\uqbar.wollok-lsp-ide-0.5.4\\out\\server\\src\\server.js:2389:42)\n    at c:\\Users\\E495\\.vscode\\extensions\\uqbar.wollok-lsp-ide-0.5.4\\out\\server\\src\\server.js:2389:2988\n    at c:\\Users\\E495\\.vscode\\extensions\\uqbar.wollok-lsp-ide-0.5.4\\out\\server\\src\\server.js:2398:8440\n    at c:\\Users\\E495\\.vscode\\extensions\\uqbar.wollok-lsp-ide-0.5.4\\out\\server\\src\\server.js:37:74872\n    at Ke (c:\\Users\\E495\\.vscode\\extensions\\uqbar.wollok-lsp-ide-0.5.4\\out\\server\\src\\server.js:7:8527)","timestamp":"2026-05-05T17:13:48.753Z"}
{"level":"info","message":"⌛ Validating mensajeros.wlk","timeElapsed":135,"timestamp":"2026-05-05T17:13:49.155Z"}
{"level":"info","message":"⌛ Building environment","timeElapsed":107,"timestamp":"2026-05-05T17:13:49.351Z"}
{"level":"info","message":"⌛ Validating mensajeros.wlk","timeElapsed":129,"timestamp":"2026-05-05T17:13:49.482Z"}
{"level":"info","message":"⌛ Validating mensajeros.wlk","timeElapsed":157,"timestamp":"2026-05-05T17:13:49.640Z"}
{"level":"info","message":"⌛ Building environment","timeElapsed":117,"timestamp":"2026-05-05T17:13:49.758Z"}
{"level":"info","message":"⌛ Building environment","timeElapsed":164,"timestamp":"2026-05-05T17:13:50.009Z"}
{"level":"error","message":"✘ Completions for node Return (undefined - mensajeros.wlk) failed: Error: [Return]{ee0c4b} at mensajeros.wlk:-- exhausted all cases without a match [Return]{ee0c4b} at mensajeros.wlk:-- exhausted all cases without a match","stack":"Error: [Return]{ee0c4b} at mensajeros.wlk:-- exhausted all cases without a match\n    at c:\\Users\\E495\\.vscode\\extensions\\uqbar.wollok-lsp-ide-0.5.4\\out\\server\\src\\server.js:38:6142\n    at L2 (c:\\Users\\E495\\.vscode\\extensions\\uqbar.wollok-lsp-ide-0.5.4\\out\\server\\src\\server.js:2389:42)\n    at Jh (c:\\Users\\E495\\.vscode\\extensions\\uqbar.wollok-lsp-ide-0.5.4\\out\\server\\src\\server.js:2389:1092)\n    at M5n (c:\\Users\\E495\\.vscode\\extensions\\uqbar.wollok-lsp-ide-0.5.4\\out\\server\\src\\server.js:2389:1248)\n    at c:\\Users\\E495\\.vscode\\extensions\\uqbar.wollok-lsp-ide-0.5.4\\out\\server\\src\\server.js:38:6131\n    at L2 (c:\\Users\\E495\\.vscode\\extensions\\uqbar.wollok-lsp-ide-0.5.4\\out\\server\\src\\server.js:2389:42)\n    at c:\\Users\\E495\\.vscode\\extensions\\uqbar.wollok-lsp-ide-0.5.4\\out\\server\\src\\server.js:2389:2988\n    at c:\\Users\\E495\\.vscode\\extensions\\uqbar.wollok-lsp-ide-0.5.4\\out\\server\\src\\server.js:2398:8440\n    at c:\\Users\\E495\\.vscode\\extensions\\uqbar.wollok-lsp-ide-0.5.4\\out\\server\\src\\server.js:37:74872\n    at Ke (c:\\Users\\E495\\.vscode\\extensions\\uqbar.wollok-lsp-ide-0.5.4\\out\\server\\src\\server.js:7:8527)","timestamp":"2026-05-05T17:13:50.072Z"}
{"level":"info","message":"⌛ Validating mensajeros.wlk","timeElapsed":150,"timestamp":"2026-05-05T17:13:50.226Z"}
{"level":"info","message":"⌛ Validating mensajeros.wlk","timeElapsed":131,"timestamp":"2026-05-05T17:13:50.360Z"}
{"level":"info","message":"⌛ Validating mensajeros.wlk","timeElapsed":119,"timestamp":"2026-05-05T17:13:51.193Z"}
{"level":"info","message":"⌛ Validating mensajeros.wlk","timeElapsed":110,"timestamp":"2026-05-05T17:13:51.305Z"}
{"level":"info","message":"⌛ Validating mensajeros.wlk","timeElapsed":104,"timestamp":"2026-05-05T17:13:52.323Z"}
{"level":"info","message":"⌛ Validating mensajeros.wlk","timeElapsed":101,"timestamp":"2026-05-05T17:13:54.210Z"}
{"level":"info","message":"⌛ Validating mensajeros.wlk","timeElapsed":124,"timestamp":"2026-05-05T17:13:54.895Z"}
{"level":"info","message":"⌛ Validating mensajeros.wlk","timeElapsed":106,"timestamp":"2026-05-05T17:13:56.330Z"}
{"level":"info","message":"⌛ Building environment","timeElapsed":146,"timestamp":"2026-05-05T17:13:57.773Z"}
{"level":"error","message":"✘ Completions for node Send ([5:21, 5:42] - mensajeros.wlk) failed: Error: [Send]{a2e9eb} at mensajeros.wlk:5 exhausted all cases without a match [Send]{a2e9eb} at mensajeros.wlk:5 exhausted all cases without a match","stack":"Error: [Send]{a2e9eb} at mensajeros.wlk:5 exhausted all cases without a match\n    at c:\\Users\\E495\\.vscode\\extensions\\uqbar.wollok-lsp-ide-0.5.4\\out\\server\\src\\server.js:38:6142\n    at L2 (c:\\Users\\E495\\.vscode\\extensions\\uqbar.wollok-lsp-ide-0.5.4\\out\\server\\src\\server.js:2389:42)\n    at Jh (c:\\Users\\E495\\.vscode\\extensions\\uqbar.wollok-lsp-ide-0.5.4\\out\\server\\src\\server.js:2389:1092)\n    at M5n (c:\\Users\\E495\\.vscode\\extensions\\uqbar.wollok-lsp-ide-0.5.4\\out\\server\\src\\server.js:2389:1248)\n    at c:\\Users\\E495\\.vscode\\extensions\\uqbar.wollok-lsp-ide-0.5.4\\out\\server\\src\\server.js:38:6131\n    at L2 (c:\\Users\\E495\\.vscode\\extensions\\uqbar.wollok-lsp-ide-0.5.4\\out\\server\\src\\server.js:2389:42)\n    at c:\\Users\\E495\\.vscode\\extensions\\uqbar.wollok-lsp-ide-0.5.4\\out\\server\\src\\server.js:2389:2988\n    at c:\\Users\\E495\\.vscode\\extensions\\uqbar.wollok-lsp-ide-0.5.4\\out\\server\\src\\server.js:2398:8440\n    at c:\\Users\\E495\\.vscode\\extensions\\uqbar.wollok-lsp-ide-0.5.4\\out\\server\\src\\server.js:37:74872\n    at Ke (c:\\Users\\E495\\.vscode\\extensions\\uqbar.wollok-lsp-ide-0.5.4\\out\\server\\src\\server.js:7:8527)","timestamp":"2026-05-05T17:13:57.808Z"}
{"level":"error","message":"✘ Completions for node Return (undefined - mensajeros.wlk) failed: Error: [Return]{fa43d0} at mensajeros.wlk:-- exhausted all cases without a match [Return]{fa43d0} at mensajeros.wlk:-- exhausted all cases without a match","stack":"Error: [Return]{fa43d0} at mensajeros.wlk:-- exhausted all cases without a match\n    at c:\\Users\\E495\\.vscode\\extensions\\uqbar.wollok-lsp-ide-0.5.4\\out\\server\\src\\server.js:38:6142\n    at L2 (c:\\Users\\E495\\.vscode\\extensions\\uqbar.wollok-lsp-ide-0.5.4\\out\\server\\src\\server.js:2389:42)\n    at Jh (c:\\Users\\E495\\.vscode\\extensions\\uqbar.wollok-lsp-ide-0.5.4\\out\\server\\src\\server.js:2389:1092)\n    at L2 (c:\\Users\\E495\\.vscode\\extensions\\uqbar.wollok-lsp-ide-0.5.4\\out\\server\\src\\server.js:2389:544)\n    at Jh (c:\\Users\\E495\\.vscode\\extensions\\uqbar.wollok-lsp-ide-0.5.4\\out\\server\\src\\server.js:2389:1092)\n    at M5n (c:\\Users\\E495\\.vscode\\extensions\\uqbar.wollok-lsp-ide-0.5.4\\out\\server\\src\\server.js:2389:1248)\n    at c:\\Users\\E495\\.vscode\\extensions\\uqbar.wollok-lsp-ide-0.5.4\\out\\server\\src\\server.js:38:6131\n    at L2 (c:\\Users\\E495\\.vscode\\extensions\\uqbar.wollok-lsp-ide-0.5.4\\out\\server\\src\\server.js:2389:42)\n    at c:\\Users\\E495\\.vscode\\extensions\\uqbar.wollok-lsp-ide-0.5.4\\out\\server\\src\\server.js:2389:2988\n    at c:\\Users\\E495\\.vscode\\extensions\\uqbar.wollok-lsp-ide-0.5.4\\out\\server\\src\\server.js:2398:8440","timestamp":"2026-05-05T17:13:57.808Z"}
{"level":"info","message":"⌛ Validating mensajeros.wlk","timeElapsed":105,"timestamp":"2026-05-05T17:13:57.916Z"}
{"level":"info","message":"⌛ Building environment","timeElapsed":121,"timestamp":"2026-05-05T17:13:58.046Z"}
{"level":"info","message":"⌛ Validating mensajeros.wlk","timeElapsed":131,"timestamp":"2026-05-05T17:13:58.178Z"}
{"level":"info","message":"⌛ Validating mensajeros.wlk","timeElapsed":110,"timestamp":"2026-05-05T17:13:58.816Z"}
{"level":"info","message":"⌛ Validating mensajeros.wlk","timeElapsed":103,"timestamp":"2026-05-05T17:13:59.163Z"}
{"level":"info","message":"⌛ Validating mensajeros.wlk","timeElapsed":114,"timestamp":"2026-05-05T17:14:09.925Z"}
{"level":"info","message":"⌛ Validating mensajeros.wlk","timeElapsed":114,"timestamp":"2026-05-05T17:14:10.601Z"}
{"level":"info","message":"⌛ Validating mensajeros.wlk","timeElapsed":230,"timestamp":"2026-05-05T17:14:10.903Z"}
{"level":"info","message":"⌛ Building environment","timeElapsed":108,"timestamp":"2026-05-05T17:14:11.044Z"}
{"level":"info","message":"⌛ Validating mensajeros.wlk","timeElapsed":116,"timestamp":"2026-05-05T17:14:11.349Z"}
{"level":"info","message":"⌛ Validating mensajeros.wlk","timeElapsed":104,"timestamp":"2026-05-05T17:14:11.453Z"}
{"level":"info","message":"⌛ Validating mensajeros.wlk","timeElapsed":102,"timestamp":"2026-05-05T17:14:11.631Z"}
{"level":"info","message":"⌛ Validating mensajeros.wlk","timeElapsed":114,"timestamp":"2026-05-05T17:14:11.787Z"}
{"level":"info","message":"⌛ Building environment","timeElapsed":116,"timestamp":"2026-05-05T17:14:16.603Z"}
{"level":"info","message":"⌛ Validating mensajeros.wlk","timeElapsed":142,"timestamp":"2026-05-05T17:14:16.746Z"}
{"level":"info","message":"⌛ Building environment","timeElapsed":102,"timestamp":"2026-05-05T17:14:16.848Z"}
{"level":"info","message":"⌛ Validating mensajeros.wlk","timeElapsed":161,"timestamp":"2026-05-05T17:14:17.054Z"}
{"level":"info","message":"⌛ Building environment","timeElapsed":101,"timestamp":"2026-05-05T17:14:17.155Z"}
{"level":"info","message":"⌛ Building environment","timeElapsed":124,"timestamp":"2026-05-05T17:14:17.280Z"}
{"level":"info","message":"⌛ Validating mensajeros.wlk","timeElapsed":134,"timestamp":"2026-05-05T17:14:17.415Z"}
{"level":"info","message":"⌛ Building environment","timeElapsed":120,"timestamp":"2026-05-05T17:14:17.536Z"}
{"level":"info","message":"⌛ Validating mensajeros.wlk","timeElapsed":106,"timestamp":"2026-05-05T17:14:17.650Z"}
{"level":"info","message":"⌛ Validating mensajeros.wlk","timeElapsed":118,"timestamp":"2026-05-05T17:14:17.844Z"}
{"level":"info","message":"⌛ Validating mensajeros.wlk","timeElapsed":115,"timestamp":"2026-05-05T17:14:17.965Z"}
{"level":"info","message":"⌛ Validating mensajeros.wlk","timeElapsed":111,"timestamp":"2026-05-05T17:14:18.270Z"}
{"level":"info","message":"⌛ Validating mensajeros.wlk","timeElapsed":114,"timestamp":"2026-05-05T17:14:18.585Z"}
{"level":"info","message":"⌛ Building environment","timeElapsed":117,"timestamp":"2026-05-05T17:14:18.707Z"}
{"level":"info","message":"⌛ Validating mensajeros.wlk","timeElapsed":116,"timestamp":"2026-05-05T17:14:18.852Z"}
{"level":"info","message":"⌛ Validating mensajeros.wlk","timeElapsed":101,"timestamp":"2026-05-05T17:14:19.071Z"}
{"level":"info","message":"⌛ Validating mensajeros.wlk","timeElapsed":117,"timestamp":"2026-05-05T17:14:19.710Z"}
{"level":"info","message":"⌛ Building environment","timeElapsed":120,"timestamp":"2026-05-05T17:14:19.831Z"}
{"level":"info","message":"⌛ Validating mensajeros.wlk","timeElapsed":120,"timestamp":"2026-05-05T17:14:19.983Z"}
{"level":"info","message":"⌛ Validating mensajeros.wlk","timeElapsed":101,"timestamp":"2026-05-05T17:14:20.805Z"}
{"level":"info","message":"⌛ Validating mensajeros.wlk","timeElapsed":123,"timestamp":"2026-05-05T17:14:21.165Z"}
{"level":"info","message":"⌛ Validating mensajeros.wlk","timeElapsed":104,"timestamp":"2026-05-05T17:14:21.395Z"}
{"level":"info","message":"⌛ Validating mensajeros.wlk","timeElapsed":111,"timestamp":"2026-05-05T17:14:21.691Z"}
{"level":"info","message":"⌛ Validating mensajeros.wlk","timeElapsed":113,"timestamp":"2026-05-05T17:14:21.828Z"}
{"level":"info","message":"⌛ Building environment","timeElapsed":147,"timestamp":"2026-05-05T17:14:21.976Z"}
{"level":"info","message":"⌛ Validating mensajeros.wlk","timeElapsed":116,"timestamp":"2026-05-05T17:14:22.127Z"}
{"level":"info","message":"⌛ Validating mensajeros.wlk","timeElapsed":106,"timestamp":"2026-05-05T17:14:22.353Z"}
{"level":"info","message":"⌛ Validating mensajeros.wlk","timeElapsed":102,"timestamp":"2026-05-05T17:14:23.041Z"}
{"level":"info","message":"⌛ Validating mensajeros.wlk","timeElapsed":129,"timestamp":"2026-05-05T17:14:24.839Z"}
{"level":"info","message":"⌛ Building environment","timeElapsed":115,"timestamp":"2026-05-05T17:14:25.038Z"}
{"level":"info","message":"⌛ Validating mensajeros.wlk","timeElapsed":148,"timestamp":"2026-05-05T17:14:25.187Z"}
{"level":"info","message":"⌛ Building environment","timeElapsed":116,"timestamp":"2026-05-05T17:14:25.303Z"}
{"level":"error","message":"✘ Completions for node Return (undefined - mensajeros.wlk) failed: Error: [Return]{80c31a} at mensajeros.wlk:-- exhausted all cases without a match [Return]{80c31a} at mensajeros.wlk:-- exhausted all cases without a match","stack":"Error: [Return]{80c31a} at mensajeros.wlk:-- exhausted all cases without a match\n    at c:\\Users\\E495\\.vscode\\extensions\\uqbar.wollok-lsp-ide-0.5.4\\out\\server\\src\\server.js:38:6142\n    at L2 (c:\\Users\\E495\\.vscode\\extensions\\uqbar.wollok-lsp-ide-0.5.4\\out\\server\\src\\server.js:2389:42)\n    at Jh (c:\\Users\\E495\\.vscode\\extensions\\uqbar.wollok-lsp-ide-0.5.4\\out\\server\\src\\server.js:2389:1092)\n    at M5n (c:\\Users\\E495\\.vscode\\extensions\\uqbar.wollok-lsp-ide-0.5.4\\out\\server\\src\\server.js:2389:1248)\n    at c:\\Users\\E495\\.vscode\\extensions\\uqbar.wollok-lsp-ide-0.5.4\\out\\server\\src\\server.js:38:6131\n    at L2 (c:\\Users\\E495\\.vscode\\extensions\\uqbar.wollok-lsp-ide-0.5.4\\out\\server\\src\\server.js:2389:42)\n    at c:\\Users\\E495\\.vscode\\extensions\\uqbar.wollok-lsp-ide-0.5.4\\out\\server\\src\\server.js:2389:2988\n    at c:\\Users\\E495\\.vscode\\extensions\\uqbar.wollok-lsp-ide-0.5.4\\out\\server\\src\\server.js:2398:8440\n    at c:\\Users\\E495\\.vscode\\extensions\\uqbar.wollok-lsp-ide-0.5.4\\out\\server\\src\\server.js:37:74872\n    at Ke (c:\\Users\\E495\\.vscode\\extensions\\uqbar.wollok-lsp-ide-0.5.4\\out\\server\\src\\server.js:7:8527)","timestamp":"2026-05-05T17:14:25.370Z"}
{"level":"info","message":"⌛ Validating mensajeros.wlk","timeElapsed":198,"timestamp":"2026-05-05T17:14:25.573Z"}
{"level":"info","message":"⌛ Building environment","timeElapsed":186,"timestamp":"2026-05-05T17:14:25.764Z"}
{"level":"info","message":"⌛ Building environment","timeElapsed":113,"timestamp":"2026-05-05T17:14:25.878Z"}
{"level":"error","message":"✘ Completions for node Return (undefined - mensajeros.wlk) failed: Error: [Return]{123b4b} at mensajeros.wlk:-- exhausted all cases without a match [Return]{123b4b} at mensajeros.wlk:-- exhausted all cases without a match","stack":"Error: [Return]{123b4b} at mensajeros.wlk:-- exhausted all cases without a match\n    at c:\\Users\\E495\\.vscode\\extensions\\uqbar.wollok-lsp-ide-0.5.4\\out\\server\\src\\server.js:38:6142\n    at L2 (c:\\Users\\E495\\.vscode\\extensions\\uqbar.wollok-lsp-ide-0.5.4\\out\\server\\src\\server.js:2389:42)\n    at Jh (c:\\Users\\E495\\.vscode\\extensions\\uqbar.wollok-lsp-ide-0.5.4\\out\\server\\src\\server.js:2389:1092)\n    at M5n (c:\\Users\\E495\\.vscode\\extensions\\uqbar.wollok-lsp-ide-0.5.4\\out\\server\\src\\server.js:2389:1248)\n    at c:\\Users\\E495\\.vscode\\extensions\\uqbar.wollok-lsp-ide-0.5.4\\out\\server\\src\\server.js:38:6131\n    at L2 (c:\\Users\\E495\\.vscode\\extensions\\uqbar.wollok-lsp-ide-0.5.4\\out\\server\\src\\server.js:2389:42)\n    at c:\\Users\\E495\\.vscode\\extensions\\uqbar.wollok-lsp-ide-0.5.4\\out\\server\\src\\server.js:2389:2988\n    at c:\\Users\\E495\\.vscode\\extensions\\uqbar.wollok-lsp-ide-0.5.4\\out\\server\\src\\server.js:2398:8440\n    at c:\\Users\\E495\\.vscode\\extensions\\uqbar.wollok-lsp-ide-0.5.4\\out\\server\\src\\server.js:37:74872\n    at Ke (c:\\Users\\E495\\.vscode\\extensions\\uqbar.wollok-lsp-ide-0.5.4\\out\\server\\src\\server.js:7:8527)","timestamp":"2026-05-05T17:14:25.940Z"}
{"level":"info","message":"⌛ Validating mensajeros.wlk","timeElapsed":154,"timestamp":"2026-05-05T17:14:26.201Z"}
{"level":"info","message":"⌛ Validating mensajeros.wlk","timeElapsed":155,"timestamp":"2026-05-05T17:14:26.358Z"}
{"level":"info","message":"⌛ Validating mensajeros.wlk","timeElapsed":151,"timestamp":"2026-05-05T17:14:26.520Z"}
{"level":"info","message":"⌛ Building environment","timeElapsed":151,"timestamp":"2026-05-05T17:14:26.673Z"}
{"level":"error","message":"✘ Completions for node Literal ([6:34, 6:39] - mensajeros.wlk) failed: Error: false [Literal]{f50d29} at mensajeros.wlk:6 exhausted all cases without a match false [Literal]{f50d29} at mensajeros.wlk:6 exhausted all cases without a match","stack":"Error: false [Literal]{f50d29} at mensajeros.wlk:6 exhausted all cases without a match\n    at c:\\Users\\E495\\.vscode\\extensions\\uqbar.wollok-lsp-ide-0.5.4\\out\\server\\src\\server.js:38:6142\n    at L2 (c:\\Users\\E495\\.vscode\\extensions\\uqbar.wollok-lsp-ide-0.5.4\\out\\server\\src\\server.js:2389:42)\n    at c:\\Users\\E495\\.vscode\\extensions\\uqbar.wollok-lsp-ide-0.5.4\\out\\server\\src\\server.js:2389:2988\n    at c:\\Users\\E495\\.vscode\\extensions\\uqbar.wollok-lsp-ide-0.5.4\\out\\server\\src\\server.js:2398:8440\n    at c:\\Users\\E495\\.vscode\\extensions\\uqbar.wollok-lsp-ide-0.5.4\\out\\server\\src\\server.js:37:74872\n    at Ke (c:\\Users\\E495\\.vscode\\extensions\\uqbar.wollok-lsp-ide-0.5.4\\out\\server\\src\\server.js:7:8527)\n    at Lt (c:\\Users\\E495\\.vscode\\extensions\\uqbar.wollok-lsp-ide-0.5.4\\out\\server\\src\\server.js:7:6189)\n    at ct (c:\\Users\\E495\\.vscode\\extensions\\uqbar.wollok-lsp-ide-0.5.4\\out\\server\\src\\server.js:7:6378)\n    at Immediate._onImmediate (c:\\Users\\E495\\.vscode\\extensions\\uqbar.wollok-lsp-ide-0.5.4\\out\\server\\src\\server.js:7:6142)\n    at process.processImmediate (node:internal/timers:484:21)","timestamp":"2026-05-05T17:14:26.710Z"}
{"level":"error","message":"✘ Completions for node Return (undefined - mensajeros.wlk) failed: Error: [Return]{4efbc9} at mensajeros.wlk:-- exhausted all cases without a match [Return]{4efbc9} at mensajeros.wlk:-- exhausted all cases without a match","stack":"Error: [Return]{4efbc9} at mensajeros.wlk:-- exhausted all cases without a match\n    at c:\\Users\\E495\\.vscode\\extensions\\uqbar.wollok-lsp-ide-0.5.4\\out\\server\\src\\server.js:38:6142\n    at L2 (c:\\Users\\E495\\.vscode\\extensions\\uqbar.wollok-lsp-ide-0.5.4\\out\\server\\src\\server.js:2389:42)\n    at Jh (c:\\Users\\E495\\.vscode\\extensions\\uqbar.wollok-lsp-ide-0.5.4\\out\\server\\src\\server.js:2389:1092)\n    at L2 (c:\\Users\\E495\\.vscode\\extensions\\uqbar.wollok-lsp-ide-0.5.4\\out\\server\\src\\server.js:2389:544)\n    at c:\\Users\\E495\\.vscode\\extensions\\uqbar.wollok-lsp-ide-0.5.4\\out\\server\\src\\server.js:2389:2988\n    at c:\\Users\\E495\\.vscode\\extensions\\uqbar.wollok-lsp-ide-0.5.4\\out\\server\\src\\server.js:2398:8440\n    at c:\\Users\\E495\\.vscode\\extensions\\uqbar.wollok-lsp-ide-0.5.4\\out\\server\\src\\server.js:37:74872\n    at Ke (c:\\Users\\E495\\.vscode\\extensions\\uqbar.wollok-lsp-ide-0.5.4\\out\\server\\src\\server.js:7:8527)\n    at Lt (c:\\Users\\E495\\.vscode\\extensions\\uqbar.wollok-lsp-ide-0.5.4\\out\\server\\src\\server.js:7:6189)\n    at ct (c:\\Users\\E495\\.vscode\\extensions\\uqbar.wollok-lsp-ide-0.5.4\\out\\server\\src\\server.js:7:6378)","timestamp":"2026-05-05T17:14:26.710Z"}
{"level":"info","message":"⌛ Validating mensajeros.wlk","timeElapsed":136,"timestamp":"2026-05-05T17:14:26.853Z"}
{"level":"info","message":"⌛ Validating mensajeros.wlk","timeElapsed":110,"timestamp":"2026-05-05T17:14:37.835Z"}
{"level":"info","message":"⌛ Validating mensajeros.wlk","timeElapsed":114,"timestamp":"2026-05-05T17:14:38.426Z"}
{"level":"info","message":"⌛ Validating mensajeros.wlk","timeElapsed":105,"timestamp":"2026-05-05T17:14:43.659Z"}
{"level":"info","message":"⌛ Building environment","timeElapsed":127,"timestamp":"2026-05-05T17:14:43.921Z"}
{"level":"info","message":"⌛ Validating mensajeros.wlk","timeElapsed":107,"timestamp":"2026-05-05T17:14:44.150Z"}
{"level":"info","message":"⌛ Validating mensajeros.wlk","timeElapsed":106,"timestamp":"2026-05-05T17:14:44.458Z"}
{"level":"info","message":"⌛ Validating mensajeros.wlk","timeElapsed":101,"timestamp":"2026-05-05T17:14:45.604Z"}
{"level":"info","message":"⌛ Building environment","timeElapsed":141,"timestamp":"2026-05-05T17:14:45.749Z"}
{"level":"info","message":"⌛ Validating mensajeros.wlk","timeElapsed":117,"timestamp":"2026-05-05T17:14:45.957Z"}
{"level":"info","message":"⌛ Validating mensajeros.wlk","timeElapsed":103,"timestamp":"2026-05-05T17:14:46.222Z"}
{"level":"info","message":"⌛ Validating mensajeros.wlk","timeElapsed":116,"timestamp":"2026-05-05T17:14:47.734Z"}
{"level":"info","message":"⌛ Building environment","timeElapsed":125,"timestamp":"2026-05-05T17:14:47.860Z"}
{"level":"info","message":"⌛ Validating mensajeros.wlk","timeElapsed":107,"timestamp":"2026-05-05T17:14:48.005Z"}
{"level":"info","message":"⌛ Building environment","timeElapsed":145,"timestamp":"2026-05-05T17:14:48.150Z"}
{"level":"info","message":"⌛ Building environment","timeElapsed":120,"timestamp":"2026-05-05T17:14:49.640Z"}
{"level":"info","message":"⌛ Autocomplete - Singleton","timeElapsed":101,"timestamp":"2026-05-05T17:14:49.741Z"}
{"level":"info","message":"⌛ Building environment","timeElapsed":168,"timestamp":"2026-05-05T17:14:49.910Z"}
{"level":"info","message":"⌛ Validating mensajeros.wlk","timeElapsed":206,"timestamp":"2026-05-05T17:14:50.117Z"}
{"level":"info","message":"⌛ Validating mensajeros.wlk","timeElapsed":157,"timestamp":"2026-05-05T17:14:50.335Z"}
{"level":"info","message":"⌛ Building environment","timeElapsed":124,"timestamp":"2026-05-05T17:14:50.460Z"}
{"level":"info","message":"⌛ Building environment","timeElapsed":105,"timestamp":"2026-05-05T17:14:50.610Z"}
{"level":"info","message":"⌛ Building environment","timeElapsed":128,"timestamp":"2026-05-05T17:14:50.739Z"}
{"level":"info","message":"⌛ Validating mensajeros.wlk","timeElapsed":136,"timestamp":"2026-05-05T17:14:50.875Z"}
{"level":"info","message":"⌛ Validating mensajeros.wlk","timeElapsed":120,"timestamp":"2026-05-05T17:14:50.996Z"}
{"level":"info","message":"⌛ Validating mensajeros.wlk","timeElapsed":119,"timestamp":"2026-05-05T17:14:51.252Z"}
{"level":"info","message":"⌛ Validating mensajeros.wlk","timeElapsed":108,"timestamp":"2026-05-05T17:14:51.642Z"}
{"level":"info","message":"⌛ Validating mensajeros.wlk","timeElapsed":121,"timestamp":"2026-05-05T17:14:51.819Z"}
{"level":"info","message":"⌛ Validating mensajeros.wlk","timeElapsed":104,"timestamp":"2026-05-05T17:14:52.056Z"}
{"level":"info","message":"⌛ Building environment","timeElapsed":104,"timestamp":"2026-05-05T17:14:52.488Z"}
{"level":"info","message":"⌛ Validating mensajeros.wlk","timeElapsed":110,"timestamp":"2026-05-05T17:14:52.710Z"}
{"level":"info","message":"⌛ Validating mensajeros.wlk","timeElapsed":107,"timestamp":"2026-05-05T17:14:53.093Z"}
{"level":"info","message":"⌛ Building environment","timeElapsed":114,"timestamp":"2026-05-05T17:17:20.092Z"}
{"level":"info","message":"⌛ Validating mensajeros.wlk","timeElapsed":109,"timestamp":"2026-05-05T17:17:20.221Z"}
{"level":"info","message":"⌛ Building environment","timeElapsed":107,"timestamp":"2026-05-05T17:17:20.734Z"}
{"level":"info","message":"⌛ Validating mensajeros.wlk","timeElapsed":150,"timestamp":"2026-05-05T17:17:20.889Z"}
{"level":"error","message":"✘ Completions for node Return (undefined - mensajeros.wlk) failed: Error: [Return]{327719} at mensajeros.wlk:-- exhausted all cases without a match [Return]{327719} at mensajeros.wlk:-- exhausted all cases without a match","stack":"Error: [Return]{327719} at mensajeros.wlk:-- exhausted all cases without a match\n    at c:\\Users\\E495\\.vscode\\extensions\\uqbar.wollok-lsp-ide-0.5.4\\out\\server\\src\\server.js:38:6142\n    at L2 (c:\\Users\\E495\\.vscode\\extensions\\uqbar.wollok-lsp-ide-0.5.4\\out\\server\\src\\server.js:2389:42)\n    at Jh (c:\\Users\\E495\\.vscode\\extensions\\uqbar.wollok-lsp-ide-0.5.4\\out\\server\\src\\server.js:2389:1092)\n    at M5n (c:\\Users\\E495\\.vscode\\extensions\\uqbar.wollok-lsp-ide-0.5.4\\out\\server\\src\\server.js:2389:1248)\n    at c:\\Users\\E495\\.vscode\\extensions\\uqbar.wollok-lsp-ide-0.5.4\\out\\server\\src\\server.js:38:6131\n    at L2 (c:\\Users\\E495\\.vscode\\extensions\\uqbar.wollok-lsp-ide-0.5.4\\out\\server\\src\\server.js:2389:42)\n    at c:\\Users\\E495\\.vscode\\extensions\\uqbar.wollok-lsp-ide-0.5.4\\out\\server\\src\\server.js:2389:2988\n    at c:\\Users\\E495\\.vscode\\extensions\\uqbar.wollok-lsp-ide-0.5.4\\out\\server\\src\\server.js:2398:8440\n    at c:\\Users\\E495\\.vscode\\extensions\\uqbar.wollok-lsp-ide-0.5.4\\out\\server\\src\\server.js:37:74872\n    at Ke (c:\\Users\\E495\\.vscode\\extensions\\uqbar.wollok-lsp-ide-0.5.4\\out\\server\\src\\server.js:7:8527)","timestamp":"2026-05-05T17:17:27.146Z"}
{"level":"info","message":"⌛ Validating mensajeros.wlk","timeElapsed":114,"timestamp":"2026-05-05T17:17:27.263Z"}
{"level":"info","message":"⌛ Validating mensajeros.wlk","timeElapsed":199,"timestamp":"2026-05-05T17:17:27.558Z"}
{"level":"error","message":"✘ Completions for node Return (undefined - mensajeros.wlk) failed: Error: [Return]{bdf734} at mensajeros.wlk:-- exhausted all cases without a match [Return]{bdf734} at mensajeros.wlk:-- exhausted all cases without a match","stack":"Error: [Return]{bdf734} at mensajeros.wlk:-- exhausted all cases without a match\n    at c:\\Users\\E495\\.vscode\\extensions\\uqbar.wollok-lsp-ide-0.5.4\\out\\server\\src\\server.js:38:6142\n    at L2 (c:\\Users\\E495\\.vscode\\extensions\\uqbar.wollok-lsp-ide-0.5.4\\out\\server\\src\\server.js:2389:42)\n    at Jh (c:\\Users\\E495\\.vscode\\extensions\\uqbar.wollok-lsp-ide-0.5.4\\out\\server\\src\\server.js:2389:1092)\n    at M5n (c:\\Users\\E495\\.vscode\\extensions\\uqbar.wollok-lsp-ide-0.5.4\\out\\server\\src\\server.js:2389:1248)\n    at c:\\Users\\E495\\.vscode\\extensions\\uqbar.wollok-lsp-ide-0.5.4\\out\\server\\src\\server.js:38:6131\n    at L2 (c:\\Users\\E495\\.vscode\\extensions\\uqbar.wollok-lsp-ide-0.5.4\\out\\server\\src\\server.js:2389:42)\n    at c:\\Users\\E495\\.vscode\\extensions\\uqbar.wollok-lsp-ide-0.5.4\\out\\server\\src\\server.js:2389:2988\n    at c:\\Users\\E495\\.vscode\\extensions\\uqbar.wollok-lsp-ide-0.5.4\\out\\server\\src\\server.js:2398:8440\n    at c:\\Users\\E495\\.vscode\\extensions\\uqbar.wollok-lsp-ide-0.5.4\\out\\server\\src\\server.js:37:74872\n    at Ke (c:\\Users\\E495\\.vscode\\extensions\\uqbar.wollok-lsp-ide-0.5.4\\out\\server\\src\\server.js:7:8527)","timestamp":"2026-05-05T17:17:27.685Z"}
{"level":"info","message":"⌛ Validating mensajeros.wlk","timeElapsed":105,"timestamp":"2026-05-05T17:17:27.876Z"}
{"level":"info","message":"⌛ Validating mensajeros.wlk","timeElapsed":112,"timestamp":"2026-05-05T17:17:28.026Z"}
{"level":"info","message":"⌛ Validating mensajeros.wlk","timeElapsed":111,"timestamp":"2026-05-05T17:17:33.297Z"}
{"level":"info","message":"⌛ Validating mensajeros.wlk","timeElapsed":110,"timestamp":"2026-05-05T17:17:35.361Z"}
{"level":"info","message":"⌛ Validating mensajeros.wlk","timeElapsed":139,"timestamp":"2026-05-05T17:17:35.978Z"}
{"level":"info","message":"⌛ Validating mensajeros.wlk","timeElapsed":107,"timestamp":"2026-05-05T17:17:45.572Z"}
{"level":"info","message":"⌛ Validating mensajeros.wlk","timeElapsed":115,"timestamp":"2026-05-05T17:17:48.862Z"}
{"level":"info","message":"⌛ Validating mensajeros.wlk","timeElapsed":124,"timestamp":"2026-05-05T17:17:49.276Z"}
{"level":"info","message":"⌛ Building environment","timeElapsed":143,"timestamp":"2026-05-05T17:17:51.954Z"}
{"level":"info","message":"⌛ Building environment","timeElapsed":110,"timestamp":"2026-05-05T17:17:52.065Z"}
{"level":"info","message":"⌛ Validating mensajeros.wlk","timeElapsed":118,"timestamp":"2026-05-05T17:17:52.183Z"}
{"level":"info","message":"⌛ Validating mensajeros.wlk","timeElapsed":127,"timestamp":"2026-05-05T17:17:52.312Z"}
{"level":"info","message":"⌛ Validating mensajeros.wlk","timeElapsed":105,"timestamp":"2026-05-05T17:17:52.820Z"}
{"level":"info","message":"⌛ Validating mensajeros.wlk","timeElapsed":112,"timestamp":"2026-05-05T17:17:53.327Z"}
{"level":"info","message":"⌛ Validating mensajeros.wlk","timeElapsed":126,"timestamp":"2026-05-05T17:17:53.681Z"}
{"level":"info","message":"⌛ Building environment","timeElapsed":108,"timestamp":"2026-05-05T17:17:53.818Z"}
{"level":"info","message":"⌛ Validating mensajeros.wlk","timeElapsed":144,"timestamp":"2026-05-05T17:17:54.054Z"}
{"level":"info","message":"⌛ Validating mensajeros.wlk","timeElapsed":118,"timestamp":"2026-05-05T17:17:54.172Z"}
{"level":"info","message":"⌛ Validating mensajeros.wlk","timeElapsed":106,"timestamp":"2026-05-05T17:17:54.371Z"}
{"level":"info","message":"⌛ Validating mensajeros.wlk","timeElapsed":131,"timestamp":"2026-05-05T17:17:54.731Z"}
{"level":"info","message":"⌛ Building environment","timeElapsed":114,"timestamp":"2026-05-05T17:17:56.378Z"}
{"level":"info","message":"⌛ Validating mensajeros.wlk","timeElapsed":192,"timestamp":"2026-05-05T17:17:56.630Z"}
{"level":"info","message":"⌛ Building environment","timeElapsed":108,"timestamp":"2026-05-05T17:17:56.739Z"}
{"level":"info","message":"⌛ Validating mensajeros.wlk","timeElapsed":113,"timestamp":"2026-05-05T17:17:56.975Z"}
{"level":"info","message":"⌛ Validating mensajeros.wlk","timeElapsed":118,"timestamp":"2026-05-05T17:17:57.093Z"}
{"level":"info","message":"⌛ Validating mensajeros.wlk","timeElapsed":131,"timestamp":"2026-05-05T17:17:57.364Z"}
{"level":"info","message":"⌛ Building environment","timeElapsed":106,"timestamp":"2026-05-05T17:17:57.470Z"}
{"level":"info","message":"⌛ Validating mensajeros.wlk","timeElapsed":125,"timestamp":"2026-05-05T17:17:57.597Z"}
{"level":"info","message":"⌛ Validating mensajeros.wlk","timeElapsed":114,"timestamp":"2026-05-05T17:17:57.795Z"}
{"level":"info","message":"⌛ Validating mensajeros.wlk","timeElapsed":258,"timestamp":"2026-05-05T17:17:59.298Z"}
{"level":"info","message":"⌛ Building environment","timeElapsed":248,"timestamp":"2026-05-05T17:17:59.565Z"}
{"level":"info","message":"⌛ Validating mensajeros.wlk","timeElapsed":293,"timestamp":"2026-05-05T17:17:59.888Z"}
{"level":"info","message":"⌛ Building environment","timeElapsed":111,"timestamp":"2026-05-05T17:18:00.269Z"}
{"level":"info","message":"⌛ Validating mensajeros.wlk","timeElapsed":126,"timestamp":"2026-05-05T17:18:00.405Z"}
{"level":"info","message":"⌛ Building environment","timeElapsed":104,"timestamp":"2026-05-05T17:18:00.644Z"}
{"level":"info","message":"⌛ Validating mensajeros.wlk","timeElapsed":119,"timestamp":"2026-05-05T17:18:00.764Z"}
{"level":"info","message":"⌛ Validating mensajeros.wlk","timeElapsed":101,"timestamp":"2026-05-05T17:18:01.058Z"}
{"level":"info","message":"⌛ Validating mensajeros.wlk","timeElapsed":125,"timestamp":"2026-05-05T17:18:01.756Z"}
{"level":"info","message":"⌛ Validating mensajeros.wlk","timeElapsed":126,"timestamp":"2026-05-05T17:18:02.077Z"}
{"level":"info","message":"⌛ Building environment","timeElapsed":109,"timestamp":"2026-05-05T17:18:02.188Z"}
{"level":"info","message":"⌛ Validating mensajeros.wlk","timeElapsed":129,"timestamp":"2026-05-05T17:18:02.317Z"}
{"level":"info","message":"⌛ Validating mensajeros.wlk","timeElapsed":115,"timestamp":"2026-05-05T17:18:02.477Z"}
{"level":"info","message":"⌛ Validating mensajeros.wlk","timeElapsed":106,"timestamp":"2026-05-05T17:18:02.679Z"}
{"level":"info","message":"⌛ Building environment","timeElapsed":153,"timestamp":"2026-05-05T17:18:08.580Z"}
{"level":"info","message":"⌛ Building environment","timeElapsed":102,"timestamp":"2026-05-05T17:18:10.721Z"}
{"level":"info","message":"⌛ Validating mensajeros.wlk","timeElapsed":128,"timestamp":"2026-05-05T17:18:10.850Z"}
{"level":"info","message":"⌛ Validating mensajeros.wlk","timeElapsed":127,"timestamp":"2026-05-05T17:18:13.575Z"}
{"level":"info","message":"⌛ Building environment","timeElapsed":104,"timestamp":"2026-05-05T17:18:13.740Z"}
{"level":"info","message":"⌛ Validating mensajeros.wlk","timeElapsed":148,"timestamp":"2026-05-05T17:18:13.894Z"}
{"level":"info","message":"⌛ Validating mensajeros.wlk","timeElapsed":138,"timestamp":"2026-05-05T17:18:16.486Z"}
{"level":"error","message":"✘ Completions for node Return (undefined - mensajeros.wlk) failed: Error: [Return]{e54a8d} at mensajeros.wlk:-- exhausted all cases without a match [Return]{e54a8d} at mensajeros.wlk:-- exhausted all cases without a match","stack":"Error: [Return]{e54a8d} at mensajeros.wlk:-- exhausted all cases without a match\n    at c:\\Users\\E495\\.vscode\\extensions\\uqbar.wollok-lsp-ide-0.5.4\\out\\server\\src\\server.js:38:6142\n    at L2 (c:\\Users\\E495\\.vscode\\extensions\\uqbar.wollok-lsp-ide-0.5.4\\out\\server\\src\\server.js:2389:42)\n    at Jh (c:\\Users\\E495\\.vscode\\extensions\\uqbar.wollok-lsp-ide-0.5.4\\out\\server\\src\\server.js:2389:1092)\n    at M5n (c:\\Users\\E495\\.vscode\\extensions\\uqbar.wollok-lsp-ide-0.5.4\\out\\server\\src\\server.js:2389:1248)\n    at c:\\Users\\E495\\.vscode\\extensions\\uqbar.wollok-lsp-ide-0.5.4\\out\\server\\src\\server.js:38:6131\n    at L2 (c:\\Users\\E495\\.vscode\\extensions\\uqbar.wollok-lsp-ide-0.5.4\\out\\server\\src\\server.js:2389:42)\n    at c:\\Users\\E495\\.vscode\\extensions\\uqbar.wollok-lsp-ide-0.5.4\\out\\server\\src\\server.js:2389:2988\n    at c:\\Users\\E495\\.vscode\\extensions\\uqbar.wollok-lsp-ide-0.5.4\\out\\server\\src\\server.js:2398:8440\n    at c:\\Users\\E495\\.vscode\\extensions\\uqbar.wollok-lsp-ide-0.5.4\\out\\server\\src\\server.js:37:74872\n    at Ke (c:\\Users\\E495\\.vscode\\extensions\\uqbar.wollok-lsp-ide-0.5.4\\out\\server\\src\\server.js:7:8527)","timestamp":"2026-05-05T17:18:26.061Z"}
{"level":"info","message":"⌛ Validating mensajeros.wlk","timeElapsed":105,"timestamp":"2026-05-05T17:18:26.509Z"}
{"level":"error","message":"✘ Completions for node Return (undefined - mensajeros.wlk) failed: Error: [Return]{232cb1} at mensajeros.wlk:-- exhausted all cases without a match [Return]{232cb1} at mensajeros.wlk:-- exhausted all cases without a match","stack":"Error: [Return]{232cb1} at mensajeros.wlk:-- exhausted all cases without a match\n    at c:\\Users\\E495\\.vscode\\extensions\\uqbar.wollok-lsp-ide-0.5.4\\out\\server\\src\\server.js:38:6142\n    at L2 (c:\\Users\\E495\\.vscode\\extensions\\uqbar.wollok-lsp-ide-0.5.4\\out\\server\\src\\server.js:2389:42)\n    at Jh (c:\\Users\\E495\\.vscode\\extensions\\uqbar.wollok-lsp-ide-0.5.4\\out\\server\\src\\server.js:2389:1092)\n    at M5n (c:\\Users\\E495\\.vscode\\extensions\\uqbar.wollok-lsp-ide-0.5.4\\out\\server\\src\\server.js:2389:1248)\n    at c:\\Users\\E495\\.vscode\\extensions\\uqbar.wollok-lsp-ide-0.5.4\\out\\server\\src\\server.js:38:6131\n    at L2 (c:\\Users\\E495\\.vscode\\extensions\\uqbar.wollok-lsp-ide-0.5.4\\out\\server\\src\\server.js:2389:42)\n    at c:\\Users\\E495\\.vscode\\extensions\\uqbar.wollok-lsp-ide-0.5.4\\out\\server\\src\\server.js:2389:2988\n    at c:\\Users\\E495\\.vscode\\extensions\\uqbar.wollok-lsp-ide-0.5.4\\out\\server\\src\\server.js:2398:8440\n    at c:\\Users\\E495\\.vscode\\extensions\\uqbar.wollok-lsp-ide-0.5.4\\out\\server\\src\\server.js:37:74872\n    at Ke (c:\\Users\\E495\\.vscode\\extensions\\uqbar.wollok-lsp-ide-0.5.4\\out\\server\\src\\server.js:7:8527)","timestamp":"2026-05-05T17:18:26.690Z"}
{"level":"info","message":"⌛ Validating mensajeros.wlk","timeElapsed":191,"timestamp":"2026-05-05T17:18:26.884Z"}
{"level":"info","message":"⌛ Validating mensajeros.wlk","timeElapsed":101,"timestamp":"2026-05-05T17:18:27.175Z"}
{"level":"error","message":"✘ Completions for node Return (undefined - mensajeros.wlk) failed: Error: [Return]{b4b339} at mensajeros.wlk:-- exhausted all cases without a match [Return]{b4b339} at mensajeros.wlk:-- exhausted all cases without a match","stack":"Error: [Return]{b4b339} at mensajeros.wlk:-- exhausted all cases without a match\n    at c:\\Users\\E495\\.vscode\\extensions\\uqbar.wollok-lsp-ide-0.5.4\\out\\server\\src\\server.js:38:6142\n    at L2 (c:\\Users\\E495\\.vscode\\extensions\\uqbar.wollok-lsp-ide-0.5.4\\out\\server\\src\\server.js:2389:42)\n    at Jh (c:\\Users\\E495\\.vscode\\extensions\\uqbar.wollok-lsp-ide-0.5.4\\out\\server\\src\\server.js:2389:1092)\n    at M5n (c:\\Users\\E495\\.vscode\\extensions\\uqbar.wollok-lsp-ide-0.5.4\\out\\server\\src\\server.js:2389:1248)\n    at c:\\Users\\E495\\.vscode\\extensions\\uqbar.wollok-lsp-ide-0.5.4\\out\\server\\src\\server.js:38:6131\n    at L2 (c:\\Users\\E495\\.vscode\\extensions\\uqbar.wollok-lsp-ide-0.5.4\\out\\server\\src\\server.js:2389:42)\n    at c:\\Users\\E495\\.vscode\\extensions\\uqbar.wollok-lsp-ide-0.5.4\\out\\server\\src\\server.js:2389:2988\n    at c:\\Users\\E495\\.vscode\\extensions\\uqbar.wollok-lsp-ide-0.5.4\\out\\server\\src\\server.js:2398:8440\n    at c:\\Users\\E495\\.vscode\\extensions\\uqbar.wollok-lsp-ide-0.5.4\\out\\server\\src\\server.js:37:74872\n    at Ke (c:\\Users\\E495\\.vscode\\extensions\\uqbar.wollok-lsp-ide-0.5.4\\out\\server\\src\\server.js:7:8527)","timestamp":"2026-05-05T17:18:27.566Z"}
{"level":"info","message":"⌛ Validating mensajeros.wlk","timeElapsed":117,"timestamp":"2026-05-05T17:18:27.687Z"}
{"level":"info","message":"⌛ Building environment","timeElapsed":141,"timestamp":"2026-05-05T17:18:27.830Z"}
{"level":"info","message":"⌛ Validating mensajeros.wlk","timeElapsed":120,"timestamp":"2026-05-05T17:18:28.045Z"}
{"level":"info","message":"⌛ Validating mensajeros.wlk","timeElapsed":109,"timestamp":"2026-05-05T17:18:28.457Z"}
{"level":"info","message":"⌛ Validating mensajeros.wlk","timeElapsed":129,"timestamp":"2026-05-05T17:18:28.588Z"}
{"level":"info","message":"⌛ Validating mensajeros.wlk","timeElapsed":108,"timestamp":"2026-05-05T17:18:29.515Z"}
{"level":"info","message":"⌛ Validating mensajeros.wlk","timeElapsed":125,"timestamp":"2026-05-05T17:18:29.719Z"}
{"level":"info","message":"⌛ Validating mensajeros.wlk","timeElapsed":170,"timestamp":"2026-05-05T17:18:30.070Z"}
{"level":"info","message":"⌛ Building environment","timeElapsed":135,"timestamp":"2026-05-05T17:18:30.207Z"}
{"level":"info","message":"⌛ Validating mensajeros.wlk","timeElapsed":121,"timestamp":"2026-05-05T17:18:30.328Z"}
{"level":"info","message":"⌛ Validating mensajeros.wlk","timeElapsed":108,"timestamp":"2026-05-05T17:18:30.441Z"}
{"level":"info","message":"⌛ Building environment","timeElapsed":124,"timestamp":"2026-05-05T17:18:31.170Z"}
{"level":"info","message":"⌛ Validating mensajeros.wlk","timeElapsed":252,"timestamp":"2026-05-05T17:18:31.509Z"}
{"level":"info","message":"⌛ Building environment","timeElapsed":166,"timestamp":"2026-05-05T17:18:31.677Z"}
{"level":"info","message":"⌛ Building environment","timeElapsed":101,"timestamp":"2026-05-05T17:18:31.779Z"}
{"level":"info","message":"⌛ Validating mensajeros.wlk","timeElapsed":111,"timestamp":"2026-05-05T17:18:32.031Z"}
{"level":"info","message":"⌛ Building environment","timeElapsed":101,"timestamp":"2026-05-05T17:18:32.370Z"}
{"level":"info","message":"⌛ Validating mensajeros.wlk","timeElapsed":147,"timestamp":"2026-05-05T17:18:32.550Z"}
{"level":"info","message":"⌛ Validating mensajeros.wlk","timeElapsed":105,"timestamp":"2026-05-05T17:18:33.365Z"}
{"level":"info","message":"⌛ Building environment","timeElapsed":104,"timestamp":"2026-05-05T17:18:34.687Z"}
{"level":"info","message":"⌛ Validating mensajeros.wlk","timeElapsed":135,"timestamp":"2026-05-05T17:18:34.823Z"}
{"level":"info","message":"⌛ Building environment","timeElapsed":135,"timestamp":"2026-05-05T17:18:34.961Z"}
{"level":"info","message":"⌛ Validating mensajeros.wlk","timeElapsed":132,"timestamp":"2026-05-05T17:18:35.095Z"}
{"level":"info","message":"⌛ Validating mensajeros.wlk","timeElapsed":113,"timestamp":"2026-05-05T17:18:35.693Z"}
{"level":"info","message":"⌛ Validating mensajeros.wlk","timeElapsed":113,"timestamp":"2026-05-05T17:18:35.898Z"}
{"level":"info","message":"⌛ Validating mensajeros.wlk","timeElapsed":110,"timestamp":"2026-05-05T17:18:36.185Z"}
{"level":"info","message":"⌛ Building environment","timeElapsed":118,"timestamp":"2026-05-05T17:18:36.304Z"}
{"level":"info","message":"⌛ Validating mensajeros.wlk","timeElapsed":121,"timestamp":"2026-05-05T17:18:36.429Z"}
{"level":"info","message":"⌛ Validating mensajeros.wlk","timeElapsed":110,"timestamp":"2026-05-05T17:18:36.622Z"}
{"level":"error","message":"✘ Failed to rebuild document Failed to parse mensajeros.wlk: \n-- PARSING FAILED --------------------------------------------------\n\n  32 | \n  33 |     method\n> 34 | }\n     | ^\n  35 | \n  36 | \n\nExpected one of the following: \n\n'!=', '!==', '%', '&&', '*', '**', '+', '-', '->', '..', '..<', '/', '<', '<<', '<<<', '<=', '<=>', '<>', '==', '===', '>', '>..', '>=', '>>', '>>>', '?:', '@', 'and', 'class', 'const', 'describe', 'invert', 'mixin', 'negate', 'object', 'only', 'or', 'package', 'plus', 'program', 'test', 'var', '{', '||', EOF, comment, identifier, not \"}\r\n\r\n\", whitespace\n","stack":"Error: Failed to parse mensajeros.wlk: \n-- PARSING FAILED --------------------------------------------------\n\n  32 | \n  33 |     method\n> 34 | }\n     | ^\n  35 | \n  36 | \n\nExpected one of the following: \n\n'!=', '!==', '%', '&&', '*', '**', '+', '-', '->', '..', '..<', '/', '<', '<<', '<<<', '<=', '<=>', '<>', '==', '===', '>', '>..', '>=', '>>', '>>>', '?:', '@', 'and', 'class', 'const', 'describe', 'invert', 'mixin', 'negate', 'object', 'only', 'or', 'package', 'plus', 'program', 'test', 'var', '{', '||', EOF, comment, identifier, not \"}\r\n\r\n\", whitespace\n\n    at c:\\Users\\E495\\.vscode\\extensions\\uqbar.wollok-lsp-ide-0.5.4\\out\\server\\src\\server.js:2353:13026\n    at Array.map (<anonymous>)\n    at U1n (c:\\Users\\E495\\.vscode\\extensions\\uqbar.wollok-lsp-ide-0.5.4\\out\\server\\src\\server.js:2353:12950)\n    at H2.buildEnvironmentFrom (c:\\Users\\E495\\.vscode\\extensions\\uqbar.wollok-lsp-ide-0.5.4\\out\\server\\src\\server.js:2398:5254)\n    at H2.updateEnvironmentWith (c:\\Users\\E495\\.vscode\\extensions\\uqbar.wollok-lsp-ide-0.5.4\\out\\server\\src\\server.js:2398:4989)\n    at GF (c:\\Users\\E495\\.vscode\\extensions\\uqbar.wollok-lsp-ide-0.5.4\\out\\server\\src\\server.js:2398:7383)\n    at V3.invoke (c:\\Users\\E495\\.vscode\\extensions\\uqbar.wollok-lsp-ide-0.5.4\\out\\server\\src\\server.js:3:157328)\n    at o.fire (c:\\Users\\E495\\.vscode\\extensions\\uqbar.wollok-lsp-ide-0.5.4\\out\\server\\src\\server.js:3:158098)\n    at c:\\Users\\E495\\.vscode\\extensions\\uqbar.wollok-lsp-ide-0.5.4\\out\\server\\src\\server.js:37:57871\n    at nd (c:\\Users\\E495\\.vscode\\extensions\\uqbar.wollok-lsp-ide-0.5.4\\out\\server\\src\\server.js:8:1561)","timestamp":"2026-05-05T17:18:36.641Z"}
{"level":"error","message":"✘ Failed to rebuild document Failed to parse mensajeros.wlk: \n-- PARSING FAILED --------------------------------------------------\n\n  32 | \n  33 |     method \n> 34 | }\n     | ^\n  35 | \n  36 | \n\nExpected one of the following: \n\n'!=', '!==', '%', '&&', '*', '**', '+', '-', '->', '..', '..<', '/', '<', '<<', '<<<', '<=', '<=>', '<>', '==', '===', '>', '>..', '>=', '>>', '>>>', '?:', '@', 'and', 'class', 'const', 'describe', 'invert', 'mixin', 'negate', 'object', 'only', 'or', 'package', 'plus', 'program', 'test', 'var', '{', '||', EOF, comment, identifier, not \"}\r\n\r\n\", whitespace\n","stack":"Error: Failed to parse mensajeros.wlk: \n-- PARSING FAILED --------------------------------------------------\n\n  32 | \n  33 |     method \n> 34 | }\n     | ^\n  35 | \n  36 | \n\nExpected one of the following: \n\n'!=', '!==', '%', '&&', '*', '**', '+', '-', '->', '..', '..<', '/', '<', '<<', '<<<', '<=', '<=>', '<>', '==', '===', '>', '>..', '>=', '>>', '>>>', '?:', '@', 'and', 'class', 'const', 'describe', 'invert', 'mixin', 'negate', 'object', 'only', 'or', 'package', 'plus', 'program', 'test', 'var', '{', '||', EOF, comment, identifier, not \"}\r\n\r\n\", whitespace\n\n    at c:\\Users\\E495\\.vscode\\extensions\\uqbar.wollok-lsp-ide-0.5.4\\out\\server\\src\\server.js:2353:13026\n    at Array.map (<anonymous>)\n    at U1n (c:\\Users\\E495\\.vscode\\extensions\\uqbar.wollok-lsp-ide-0.5.4\\out\\server\\src\\server.js:2353:12950)\n    at H2.buildEnvironmentFrom (c:\\Users\\E495\\.vscode\\extensions\\uqbar.wollok-lsp-ide-0.5.4\\out\\server\\src\\server.js:2398:5254)\n    at H2.updateEnvironmentWith (c:\\Users\\E495\\.vscode\\extensions\\uqbar.wollok-lsp-ide-0.5.4\\out\\server\\src\\server.js:2398:4989)\n    at GF (c:\\Users\\E495\\.vscode\\extensions\\uqbar.wollok-lsp-ide-0.5.4\\out\\server\\src\\server.js:2398:7383)\n    at V3.invoke (c:\\Users\\E495\\.vscode\\extensions\\uqbar.wollok-lsp-ide-0.5.4\\out\\server\\src\\server.js:3:157328)\n    at o.fire (c:\\Users\\E495\\.vscode\\extensions\\uqbar.wollok-lsp-ide-0.5.4\\out\\server\\src\\server.js:3:158098)\n    at c:\\Users\\E495\\.vscode\\extensions\\uqbar.wollok-lsp-ide-0.5.4\\out\\server\\src\\server.js:37:57871\n    at nd (c:\\Users\\E495\\.vscode\\extensions\\uqbar.wollok-lsp-ide-0.5.4\\out\\server\\src\\server.js:8:1561)","timestamp":"2026-05-05T17:18:38.247Z"}
{"level":"info","message":"⌛ Validating mensajeros.wlk","timeElapsed":106,"timestamp":"2026-05-05T17:18:38.631Z"}
{"level":"error","message":"✘ Failed to rebuild document Failed to parse mensajeros.wlk: \n-- PARSING FAILED --------------------------------------------------\n\n  32 | \n  33 |     method \n> 34 | }\n     | ^\n  35 | \n  36 | \n\nExpected one of the following: \n\n'!=', '!==', '%', '&&', '*', '**', '+', '-', '->', '..', '..<', '/', '<', '<<', '<<<', '<=', '<=>', '<>', '==', '===', '>', '>..', '>=', '>>', '>>>', '?:', '@', 'and', 'class', 'const', 'describe', 'invert', 'mixin', 'negate', 'object', 'only', 'or', 'package', 'plus', 'program', 'test', 'var', '{', '||', EOF, comment, identifier, not \"}\r\n\r\n\", whitespace\n","stack":"Error: Failed to parse mensajeros.wlk: \n-- PARSING FAILED --------------------------------------------------\n\n  32 | \n  33 |     method \n> 34 | }\n     | ^\n  35 | \n  36 | \n\nExpected one of the following: \n\n'!=', '!==', '%', '&&', '*', '**', '+', '-', '->', '..', '..<', '/', '<', '<<', '<<<', '<=', '<=>', '<>', '==', '===', '>', '>..', '>=', '>>', '>>>', '?:', '@', 'and', 'class', 'const', 'describe', 'invert', 'mixin', 'negate', 'object', 'only', 'or', 'package', 'plus', 'program', 'test', 'var', '{', '||', EOF, comment, identifier, not \"}\r\n\r\n\", whitespace\n\n    at c:\\Users\\E495\\.vscode\\extensions\\uqbar.wollok-lsp-ide-0.5.4\\out\\server\\src\\server.js:2353:13026\n    at Array.map (<anonymous>)\n    at U1n (c:\\Users\\E495\\.vscode\\extensions\\uqbar.wollok-lsp-ide-0.5.4\\out\\server\\src\\server.js:2353:12950)\n    at H2.buildEnvironmentFrom (c:\\Users\\E495\\.vscode\\extensions\\uqbar.wollok-lsp-ide-0.5.4\\out\\server\\src\\server.js:2398:5254)\n    at H2.updateEnvironmentWith (c:\\Users\\E495\\.vscode\\extensions\\uqbar.wollok-lsp-ide-0.5.4\\out\\server\\src\\server.js:2398:4989)\n    at GF (c:\\Users\\E495\\.vscode\\extensions\\uqbar.wollok-lsp-ide-0.5.4\\out\\server\\src\\server.js:2398:7383)\n    at V3.invoke (c:\\Users\\E495\\.vscode\\extensions\\uqbar.wollok-lsp-ide-0.5.4\\out\\server\\src\\server.js:3:157328)\n    at o.fire (c:\\Users\\E495\\.vscode\\extensions\\uqbar.wollok-lsp-ide-0.5.4\\out\\server\\src\\server.js:3:158098)\n    at c:\\Users\\E495\\.vscode\\extensions\\uqbar.wollok-lsp-ide-0.5.4\\out\\server\\src\\server.js:37:57871\n    at nd (c:\\Users\\E495\\.vscode\\extensions\\uqbar.wollok-lsp-ide-0.5.4\\out\\server\\src\\server.js:8:1561)","timestamp":"2026-05-05T17:18:39.402Z"}
{"level":"info","message":"⌛ Validating mensajeros.wlk","timeElapsed":115,"timestamp":"2026-05-05T17:18:39.859Z"}
{"level":"info","message":"⌛ Building environment","timeElapsed":122,"timestamp":"2026-05-05T17:18:39.981Z"}
{"level":"info","message":"⌛ Validating mensajeros.wlk","timeElapsed":112,"timestamp":"2026-05-05T17:18:40.237Z"}
{"level":"info","message":"⌛ Building environment","timeElapsed":106,"timestamp":"2026-05-05T17:18:40.344Z"}
{"level":"info","message":"⌛ Validating mensajeros.wlk","timeElapsed":118,"timestamp":"2026-05-05T17:18:40.577Z"}
{"level":"info","message":"⌛ Validating mensajeros.wlk","timeElapsed":120,"timestamp":"2026-05-05T17:18:40.697Z"}
{"level":"info","message":"⌛ Validating mensajeros.wlk","timeElapsed":113,"timestamp":"2026-05-05T17:18:40.815Z"}
{"level":"info","message":"⌛ Validating mensajeros.wlk","timeElapsed":103,"timestamp":"2026-05-05T17:18:41.313Z"}
{"level":"info","message":"⌛ Building environment","timeElapsed":118,"timestamp":"2026-05-05T17:18:41.573Z"}
{"level":"info","message":"⌛ Validating mensajeros.wlk","timeElapsed":102,"timestamp":"2026-05-05T17:18:41.715Z"}
{"level":"info","message":"⌛ Building environment","timeElapsed":106,"timestamp":"2026-05-05T17:18:41.957Z"}
{"level":"info","message":"⌛ Validating mensajeros.wlk","timeElapsed":132,"timestamp":"2026-05-05T17:18:42.218Z"}
{"level":"info","message":"⌛ Validating mensajeros.wlk","timeElapsed":154,"timestamp":"2026-05-05T17:18:42.372Z"}
{"level":"info","message":"⌛ Validating mensajeros.wlk","timeElapsed":135,"timestamp":"2026-05-05T17:18:42.808Z"}
{"level":"info","message":"⌛ Validating mensajeros.wlk","timeElapsed":108,"timestamp":"2026-05-05T17:18:44.228Z"}
{"level":"info","message":"⌛ Validating mensajeros.wlk","timeElapsed":107,"timestamp":"2026-05-05T17:18:45.015Z"}
{"level":"info","message":"⌛ Validating mensajeros.wlk","timeElapsed":115,"timestamp":"2026-05-05T17:18:50.899Z"}
{"level":"info","message":"⌛ Validating mensajeros.wlk","timeElapsed":182,"timestamp":"2026-05-05T17:18:51.169Z"}
{"level":"info","message":"⌛ Validating mensajeros.wlk","timeElapsed":103,"timestamp":"2026-05-05T17:19:08.699Z"}
{"level":"info","message":"⌛ Validating mensajeros.wlk","timeElapsed":116,"timestamp":"2026-05-05T17:19:09.760Z"}
{"level":"info","message":"⌛ Validating mensajeros.wlk","timeElapsed":116,"timestamp":"2026-05-05T17:19:10.057Z"}
{"level":"info","message":"⌛ Validating mensajeros.wlk","timeElapsed":118,"timestamp":"2026-05-05T17:19:10.177Z"}
{"level":"info","message":"⌛ Validating mensajeros.wlk","timeElapsed":105,"timestamp":"2026-05-05T17:19:11.986Z"}
{"level":"info","message":"⌛ Validating mensajeros.wlk","timeElapsed":116,"timestamp":"2026-05-05T17:19:12.187Z"}
{"level":"info","message":"⌛ Building environment","timeElapsed":125,"timestamp":"2026-05-05T17:19:12.314Z"}
{"level":"info","message":"⌛ Validating mensajeros.wlk","timeElapsed":134,"timestamp":"2026-05-05T17:19:12.450Z"}
{"level":"info","message":"⌛ Validating mensajeros.wlk","timeElapsed":103,"timestamp":"2026-05-05T17:19:12.633Z"}
{"level":"info","message":"⌛ Building environment","timeElapsed":150,"timestamp":"2026-05-05T17:19:13.125Z"}
{"level":"info","message":"⌛ Validating mensajeros.wlk","timeElapsed":104,"timestamp":"2026-05-05T17:19:13.230Z"}
{"level":"info","message":"⌛ Building environment","timeElapsed":121,"timestamp":"2026-05-05T17:19:15.435Z"}
{"level":"error","message":"✘ Completions for node Parameter ([22:26, 22:27] - mensajeros.wlk) failed: Error: [Parameter]{58ae51} at mensajeros.wlk:22 exhausted all cases without a match [Parameter]{58ae51} at mensajeros.wlk:22 exhausted all cases without a match","stack":"Error: [Parameter]{58ae51} at mensajeros.wlk:22 exhausted all cases without a match\n    at c:\\Users\\E495\\.vscode\\extensions\\uqbar.wollok-lsp-ide-0.5.4\\out\\server\\src\\server.js:38:6142\n    at L2 (c:\\Users\\E495\\.vscode\\extensions\\uqbar.wollok-lsp-ide-0.5.4\\out\\server\\src\\server.js:2389:42)\n    at c:\\Users\\E495\\.vscode\\extensions\\uqbar.wollok-lsp-ide-0.5.4\\out\\server\\src\\server.js:2389:2988\n    at c:\\Users\\E495\\.vscode\\extensions\\uqbar.wollok-lsp-ide-0.5.4\\out\\server\\src\\server.js:2398:8440\n    at c:\\Users\\E495\\.vscode\\extensions\\uqbar.wollok-lsp-ide-0.5.4\\out\\server\\src\\server.js:37:74872\n    at Ke (c:\\Users\\E495\\.vscode\\extensions\\uqbar.wollok-lsp-ide-0.5.4\\out\\server\\src\\server.js:7:8527)\n    at Lt (c:\\Users\\E495\\.vscode\\extensions\\uqbar.wollok-lsp-ide-0.5.4\\out\\server\\src\\server.js:7:6189)\n    at ct (c:\\Users\\E495\\.vscode\\extensions\\uqbar.wollok-lsp-ide-0.5.4\\out\\server\\src\\server.js:7:6378)\n    at Immediate._onImmediate (c:\\Users\\E495\\.vscode\\extensions\\uqbar.wollok-lsp-ide-0.5.4\\out\\server\\src\\server.js:7:6142)\n    at process.processImmediate (node:internal/timers:484:21)","timestamp":"2026-05-05T17:19:15.467Z"}
{"level":"info","message":"⌛ Validating mensajeros.wlk","timeElapsed":146,"timestamp":"2026-05-05T17:19:15.811Z"}
{"level":"info","message":"⌛ Validating mensajeros.wlk","timeElapsed":111,"timestamp":"2026-05-05T17:19:16.114Z"}
{"level":"info","message":"⌛ Building environment","timeElapsed":110,"timestamp":"2026-05-05T17:19:16.477Z"}
{"level":"info","message":"⌛ Validating mensajeros.wlk","timeElapsed":114,"timestamp":"2026-05-05T17:19:16.959Z"}
{"level":"info","message":"⌛ Validating mensajeros.wlk","timeElapsed":105,"timestamp":"2026-05-05T17:19:17.661Z"}
{"level":"info","message":"⌛ Validating mensajeros.wlk","timeElapsed":114,"timestamp":"2026-05-05T17:19:17.855Z"}
{"level":"info","message":"⌛ Building environment","timeElapsed":108,"timestamp":"2026-05-05T17:19:18.175Z"}
{"level":"info","message":"⌛ Validating mensajeros.wlk","timeElapsed":132,"timestamp":"2026-05-05T17:19:18.392Z"}
{"level":"error","message":"✘ Completions for node Parameter ([22:26, 22:34] - mensajeros.wlk) failed: Error: [Parameter]{6c2152} at mensajeros.wlk:22 exhausted all cases without a match [Parameter]{6c2152} at mensajeros.wlk:22 exhausted all cases without a match","stack":"Error: [Parameter]{6c2152} at mensajeros.wlk:22 exhausted all cases without a match\n    at c:\\Users\\E495\\.vscode\\extensions\\uqbar.wollok-lsp-ide-0.5.4\\out\\server\\src\\server.js:38:6142\n    at L2 (c:\\Users\\E495\\.vscode\\extensions\\uqbar.wollok-lsp-ide-0.5.4\\out\\server\\src\\server.js:2389:42)\n    at c:\\Users\\E495\\.vscode\\extensions\\uqbar.wollok-lsp-ide-0.5.4\\out\\server\\src\\server.js:2389:2988\n    at c:\\Users\\E495\\.vscode\\extensions\\uqbar.wollok-lsp-ide-0.5.4\\out\\server\\src\\server.js:2398:8440\n    at c:\\Users\\E495\\.vscode\\extensions\\uqbar.wollok-lsp-ide-0.5.4\\out\\server\\src\\server.js:37:74872\n    at Ke (c:\\Users\\E495\\.vscode\\extensions\\uqbar.wollok-lsp-ide-0.5.4\\out\\server\\src\\server.js:7:8527)\n    at Lt (c:\\Users\\E495\\.vscode\\extensions\\uqbar.wollok-lsp-ide-0.5.4\\out\\server\\src\\server.js:7:6189)\n    at ct (c:\\Users\\E495\\.vscode\\extensions\\uqbar.wollok-lsp-ide-0.5.4\\out\\server\\src\\server.js:7:6378)\n    at Immediate._onImmediate (c:\\Users\\E495\\.vscode\\extensions\\uqbar.wollok-lsp-ide-0.5.4\\out\\server\\src\\server.js:7:6142)\n    at process.processImmediate (node:internal/timers:484:21)","timestamp":"2026-05-05T17:19:18.418Z"}
{"level":"error","message":"✘ Completions for node Parameter ([22:26, 22:35] - mensajeros.wlk) failed: Error: [Parameter]{7000d1} at mensajeros.wlk:22 exhausted all cases without a match [Parameter]{7000d1} at mensajeros.wlk:22 exhausted all cases without a match","stack":"Error: [Parameter]{7000d1} at mensajeros.wlk:22 exhausted all cases without a match\n    at c:\\Users\\E495\\.vscode\\extensions\\uqbar.wollok-lsp-ide-0.5.4\\out\\server\\src\\server.js:38:6142\n    at L2 (c:\\Users\\E495\\.vscode\\extensions\\uqbar.wollok-lsp-ide-0.5.4\\out\\server\\src\\server.js:2389:42)\n    at c:\\Users\\E495\\.vscode\\extensions\\uqbar.wollok-lsp-ide-0.5.4\\out\\server\\src\\server.js:2389:2988\n    at c:\\Users\\E495\\.vscode\\extensions\\uqbar.wollok-lsp-ide-0.5.4\\out\\server\\src\\server.js:2398:8440\n    at c:\\Users\\E495\\.vscode\\extensions\\uqbar.wollok-lsp-ide-0.5.4\\out\\server\\src\\server.js:37:74872\n    at Ke (c:\\Users\\E495\\.vscode\\extensions\\uqbar.wollok-lsp-ide-0.5.4\\out\\server\\src\\server.js:7:8527)\n    at Lt (c:\\Users\\E495\\.vscode\\extensions\\uqbar.wollok-lsp-ide-0.5.4\\out\\server\\src\\server.js:7:6189)\n    at ct (c:\\Users\\E495\\.vscode\\extensions\\uqbar.wollok-lsp-ide-0.5.4\\out\\server\\src\\server.js:7:6378)\n    at Immediate._onImmediate (c:\\Users\\E495\\.vscode\\extensions\\uqbar.wollok-lsp-ide-0.5.4\\out\\server\\src\\server.js:7:6142)\n    at process.processImmediate (node:internal/timers:484:21)","timestamp":"2026-05-05T17:19:18.840Z"}
{"level":"info","message":"⌛ Validating mensajeros.wlk","timeElapsed":113,"timestamp":"2026-05-05T17:19:18.963Z"}
{"level":"error","message":"✘ Completions for node Parameter ([22:26, 22:36] - mensajeros.wlk) failed: Error: [Parameter]{00b458} at mensajeros.wlk:22 exhausted all cases without a match [Parameter]{00b458} at mensajeros.wlk:22 exhausted all cases without a match","stack":"Error: [Parameter]{00b458} at mensajeros.wlk:22 exhausted all cases without a match\n    at c:\\Users\\E495\\.vscode\\extensions\\uqbar.wollok-lsp-ide-0.5.4\\out\\server\\src\\server.js:38:6142\n    at L2 (c:\\Users\\E495\\.vscode\\extensions\\uqbar.wollok-lsp-ide-0.5.4\\out\\server\\src\\server.js:2389:42)\n    at c:\\Users\\E495\\.vscode\\extensions\\uqbar.wollok-lsp-ide-0.5.4\\out\\server\\src\\server.js:2389:2988\n    at c:\\Users\\E495\\.vscode\\extensions\\uqbar.wollok-lsp-ide-0.5.4\\out\\server\\src\\server.js:2398:8440\n    at c:\\Users\\E495\\.vscode\\extensions\\uqbar.wollok-lsp-ide-0.5.4\\out\\server\\src\\server.js:37:74872\n    at Ke (c:\\Users\\E495\\.vscode\\extensions\\uqbar.wollok-lsp-ide-0.5.4\\out\\server\\src\\server.js:7:8527)\n    at Lt (c:\\Users\\E495\\.vscode\\extensions\\uqbar.wollok-lsp-ide-0.5.4\\out\\server\\src\\server.js:7:6189)\n    at ct (c:\\Users\\E495\\.vscode\\extensions\\uqbar.wollok-lsp-ide-0.5.4\\out\\server\\src\\server.js:7:6378)\n    at Immediate._onImmediate (c:\\Users\\E495\\.vscode\\extensions\\uqbar.wollok-lsp-ide-0.5.4\\out\\server\\src\\server.js:7:6142)\n    at process.processImmediate (node:internal/timers:484:21)","timestamp":"2026-05-05T17:19:19.074Z"}
{"level":"info","message":"⌛ Validating mensajeros.wlk","timeElapsed":115,"timestamp":"2026-05-05T17:19:19.273Z"}
{"level":"info","message":"⌛ Validating mensajeros.wlk","timeElapsed":169,"timestamp":"2026-05-05T17:19:19.442Z"}
{"level":"info","message":"⌛ Building environment","timeElapsed":130,"timestamp":"2026-05-05T17:19:19.573Z"}
{"level":"error","message":"✘ Completions for node Parameter ([22:26, 22:38] - mensajeros.wlk) failed: Error: [Parameter]{491b03} at mensajeros.wlk:22 exhausted all cases without a match [Parameter]{491b03} at mensajeros.wlk:22 exhausted all cases without a match","stack":"Error: [Parameter]{491b03} at mensajeros.wlk:22 exhausted all cases without a match\n    at c:\\Users\\E495\\.vscode\\extensions\\uqbar.wollok-lsp-ide-0.5.4\\out\\server\\src\\server.js:38:6142\n    at L2 (c:\\Users\\E495\\.vscode\\extensions\\uqbar.wollok-lsp-ide-0.5.4\\out\\server\\src\\server.js:2389:42)\n    at c:\\Users\\E495\\.vscode\\extensions\\uqbar.wollok-lsp-ide-0.5.4\\out\\server\\src\\server.js:2389:2988\n    at c:\\Users\\E495\\.vscode\\extensions\\uqbar.wollok-lsp-ide-0.5.4\\out\\server\\src\\server.js:2398:8440\n    at c:\\Users\\E495\\.vscode\\extensions\\uqbar.wollok-lsp-ide-0.5.4\\out\\server\\src\\server.js:37:74872\n    at Ke (c:\\Users\\E495\\.vscode\\extensions\\uqbar.wollok-lsp-ide-0.5.4\\out\\server\\src\\server.js:7:8527)\n    at Lt (c:\\Users\\E495\\.vscode\\extensions\\uqbar.wollok-lsp-ide-0.5.4\\out\\server\\src\\server.js:7:6189)\n    at ct (c:\\Users\\E495\\.vscode\\extensions\\uqbar.wollok-lsp-ide-0.5.4\\out\\server\\src\\server.js:7:6378)\n    at Immediate._onImmediate (c:\\Users\\E495\\.vscode\\extensions\\uqbar.wollok-lsp-ide-0.5.4\\out\\server\\src\\server.js:7:6142)\n    at process.processImmediate (node:internal/timers:484:21)","timestamp":"2026-05-05T17:19:19.598Z"}
{"level":"info","message":"⌛ Validating mensajeros.wlk","timeElapsed":126,"timestamp":"2026-05-05T17:19:19.728Z"}
{"level":"info","message":"⌛ Validating mensajeros.wlk","timeElapsed":102,"timestamp":"2026-05-05T17:19:20.594Z"}
{"level":"info","message":"⌛ Validating mensajeros.wlk","timeElapsed":104,"timestamp":"2026-05-05T17:19:20.778Z"}
{"level":"info","message":"⌛ Validating mensajeros.wlk","timeElapsed":104,"timestamp":"2026-05-05T17:19:21.000Z"}
{"level":"info","message":"⌛ Validating mensajeros.wlk","timeElapsed":105,"timestamp":"2026-05-05T17:19:22.542Z"}
{"level":"info","message":"⌛ Validating mensajeros.wlk","timeElapsed":101,"timestamp":"2026-05-05T17:19:23.136Z"}
{"level":"info","message":"⌛ Validating mensajeros.wlk","timeElapsed":101,"timestamp":"2026-05-05T17:19:25.618Z"}
{"level":"info","message":"⌛ Validating mensajeros.wlk","timeElapsed":103,"timestamp":"2026-05-05T17:19:25.997Z"}
{"level":"error","message":"✘ Completions for node Assignment ([23:7, 23:24] - mensajeros.wlk) failed: Error: [Assignment]{595d08} at mensajeros.wlk:23 exhausted all cases without a match [Assignment]{595d08} at mensajeros.wlk:23 exhausted all cases without a match","stack":"Error: [Assignment]{595d08} at mensajeros.wlk:23 exhausted all cases without a match\n    at c:\\Users\\E495\\.vscode\\extensions\\uqbar.wollok-lsp-ide-0.5.4\\out\\server\\src\\server.js:38:6142\n    at L2 (c:\\Users\\E495\\.vscode\\extensions\\uqbar.wollok-lsp-ide-0.5.4\\out\\server\\src\\server.js:2389:42)\n    at Jh (c:\\Users\\E495\\.vscode\\extensions\\uqbar.wollok-lsp-ide-0.5.4\\out\\server\\src\\server.js:2389:1092)\n    at M5n (c:\\Users\\E495\\.vscode\\extensions\\uqbar.wollok-lsp-ide-0.5.4\\out\\server\\src\\server.js:2389:1248)\n    at c:\\Users\\E495\\.vscode\\extensions\\uqbar.wollok-lsp-ide-0.5.4\\out\\server\\src\\server.js:38:6131\n    at L2 (c:\\Users\\E495\\.vscode\\extensions\\uqbar.wollok-lsp-ide-0.5.4\\out\\server\\src\\server.js:2389:42)\n    at c:\\Users\\E495\\.vscode\\extensions\\uqbar.wollok-lsp-ide-0.5.4\\out\\server\\src\\server.js:2389:2988\n    at c:\\Users\\E495\\.vscode\\extensions\\uqbar.wollok-lsp-ide-0.5.4\\out\\server\\src\\server.js:2398:8440\n    at c:\\Users\\E495\\.vscode\\extensions\\uqbar.wollok-lsp-ide-0.5.4\\out\\server\\src\\server.js:37:74872\n    at Ke (c:\\Users\\E495\\.vscode\\extensions\\uqbar.wollok-lsp-ide-0.5.4\\out\\server\\src\\server.js:7:8527)","timestamp":"2026-05-05T17:19:29.468Z"}
{"level":"info","message":"⌛ Validating mensajeros.wlk","timeElapsed":106,"timestamp":"2026-05-05T17:19:29.578Z"}
{"level":"info","message":"⌛ Validating mensajeros.wlk","timeElapsed":122,"timestamp":"2026-05-05T17:19:29.795Z"}
{"level":"info","message":"⌛ Validating mensajeros.wlk","timeElapsed":126,"timestamp":"2026-05-05T17:19:34.080Z"}
{"level":"info","message":"⌛ Validating mensajeros.wlk","timeElapsed":123,"timestamp":"2026-05-05T17:19:34.212Z"}
{"level":"info","message":"⌛ Validating mensajeros.wlk","timeElapsed":106,"timestamp":"2026-05-05T17:19:34.417Z"}
{"level":"info","message":"⌛ Building environment","timeElapsed":109,"timestamp":"2026-05-05T17:20:00.881Z"}
{"level":"info","message":"⌛ Validating mensajeros.wlk","timeElapsed":108,"timestamp":"2026-05-05T17:20:00.990Z"}
{"level":"error","message":"✘ Completions for node Return (undefined - mensajeros.wlk) failed: Error: [Return]{58a879} at mensajeros.wlk:-- exhausted all cases without a match [Return]{58a879} at mensajeros.wlk:-- exhausted all cases without a match","stack":"Error: [Return]{58a879} at mensajeros.wlk:-- exhausted all cases without a match\n    at c:\\Users\\E495\\.vscode\\extensions\\uqbar.wollok-lsp-ide-0.5.4\\out\\server\\src\\server.js:38:6142\n    at L2 (c:\\Users\\E495\\.vscode\\extensions\\uqbar.wollok-lsp-ide-0.5.4\\out\\server\\src\\server.js:2389:42)\n    at Jh (c:\\Users\\E495\\.vscode\\extensions\\uqbar.wollok-lsp-ide-0.5.4\\out\\server\\src\\server.js:2389:1092)\n    at M5n (c:\\Users\\E495\\.vscode\\extensions\\uqbar.wollok-lsp-ide-0.5.4\\out\\server\\src\\server.js:2389:1248)\n    at c:\\Users\\E495\\.vscode\\extensions\\uqbar.wollok-lsp-ide-0.5.4\\out\\server\\src\\server.js:38:6131\n    at L2 (c:\\Users\\E495\\.vscode\\extensions\\uqbar.wollok-lsp-ide-0.5.4\\out\\server\\src\\server.js:2389:42)\n    at c:\\Users\\E495\\.vscode\\extensions\\uqbar.wollok-lsp-ide-0.5.4\\out\\server\\src\\server.js:2389:2988\n    at c:\\Users\\E495\\.vscode\\extensions\\uqbar.wollok-lsp-ide-0.5.4\\out\\server\\src\\server.js:2398:8440\n    at c:\\Users\\E495\\.vscode\\extensions\\uqbar.wollok-lsp-ide-0.5.4\\out\\server\\src\\server.js:37:74872\n    at Ke (c:\\Users\\E495\\.vscode\\extensions\\uqbar.wollok-lsp-ide-0.5.4\\out\\server\\src\\server.js:7:8527)","timestamp":"2026-05-05T17:20:06.888Z"}
{"level":"info","message":"⌛ Validating mensajeros.wlk","timeElapsed":129,"timestamp":"2026-05-05T17:20:07.020Z"}
{"level":"info","message":"⌛ Building environment","timeElapsed":172,"timestamp":"2026-05-05T17:20:07.280Z"}
{"level":"error","message":"✘ Completions for node Return (undefined - mensajeros.wlk) failed: Error: [Return]{10767e} at mensajeros.wlk:-- exhausted all cases without a match [Return]{10767e} at mensajeros.wlk:-- exhausted all cases without a match","stack":"Error: [Return]{10767e} at mensajeros.wlk:-- exhausted all cases without a match\n    at c:\\Users\\E495\\.vscode\\extensions\\uqbar.wollok-lsp-ide-0.5.4\\out\\server\\src\\server.js:38:6142\n    at L2 (c:\\Users\\E495\\.vscode\\extensions\\uqbar.wollok-lsp-ide-0.5.4\\out\\server\\src\\server.js:2389:42)\n    at Jh (c:\\Users\\E495\\.vscode\\extensions\\uqbar.wollok-lsp-ide-0.5.4\\out\\server\\src\\server.js:2389:1092)\n    at M5n (c:\\Users\\E495\\.vscode\\extensions\\uqbar.wollok-lsp-ide-0.5.4\\out\\server\\src\\server.js:2389:1248)\n    at c:\\Users\\E495\\.vscode\\extensions\\uqbar.wollok-lsp-ide-0.5.4\\out\\server\\src\\server.js:38:6131\n    at L2 (c:\\Users\\E495\\.vscode\\extensions\\uqbar.wollok-lsp-ide-0.5.4\\out\\server\\src\\server.js:2389:42)\n    at c:\\Users\\E495\\.vscode\\extensions\\uqbar.wollok-lsp-ide-0.5.4\\out\\server\\src\\server.js:2389:2988\n    at c:\\Users\\E495\\.vscode\\extensions\\uqbar.wollok-lsp-ide-0.5.4\\out\\server\\src\\server.js:2398:8440\n    at c:\\Users\\E495\\.vscode\\extensions\\uqbar.wollok-lsp-ide-0.5.4\\out\\server\\src\\server.js:37:74872\n    at Ke (c:\\Users\\E495\\.vscode\\extensions\\uqbar.wollok-lsp-ide-0.5.4\\out\\server\\src\\server.js:7:8527)","timestamp":"2026-05-05T17:20:07.411Z"}
{"level":"info","message":"⌛ Validating mensajeros.wlk","timeElapsed":107,"timestamp":"2026-05-05T17:20:07.601Z"}
{"level":"info","message":"⌛ Validating mensajeros.wlk","timeElapsed":111,"timestamp":"2026-05-05T17:20:07.748Z"}
{"level":"info","message":"⌛ Validating mensajeros.wlk","timeElapsed":108,"timestamp":"2026-05-05T17:20:09.396Z"}
{"level":"info","message":"⌛ Validating mensajeros.wlk","timeElapsed":109,"timestamp":"2026-05-05T17:20:14.561Z"}
{"level":"info","message":"⌛ Validating mensajeros.wlk","timeElapsed":120,"timestamp":"2026-05-05T17:20:15.306Z"}
{"level":"info","message":"⌛ Validating mensajeros.wlk","timeElapsed":115,"timestamp":"2026-05-05T17:20:15.515Z"}
{"level":"info","message":"⌛ Validating mensajeros.wlk","timeElapsed":102,"timestamp":"2026-05-05T17:20:15.790Z"}
{"level":"info","message":"⌛ Validating mensajeros.wlk","timeElapsed":148,"timestamp":"2026-05-05T17:20:15.939Z"}
{"level":"error","message":"✘ Failed to rebuild document Failed to parse mensajeros.wlk: \n-- PARSING FAILED --------------------------------------------------\n\n  36 | \n  37 |     method\n> 38 | }\n     | ^\n  39 | \n  40 | \n\nExpected one of the following: \n\n'!=', '!==', '%', '&&', '*', '**', '+', '-', '->', '..', '..<', '/', '<', '<<', '<<<', '<=', '<=>', '<>', '==', '===', '>', '>..', '>=', '>>', '>>>', '?:', '@', 'and', 'class', 'const', 'describe', 'invert', 'mixin', 'negate', 'object', 'only', 'or', 'package', 'plus', 'program', 'test', 'var', '{', '||', EOF, comment, identifier, not \"}\r\n\r\n\", whitespace\n","stack":"Error: Failed to parse mensajeros.wlk: \n-- PARSING FAILED --------------------------------------------------\n\n  36 | \n  37 |     method\n> 38 | }\n     | ^\n  39 | \n  40 | \n\nExpected one of the following: \n\n'!=', '!==', '%', '&&', '*', '**', '+', '-', '->', '..', '..<', '/', '<', '<<', '<<<', '<=', '<=>', '<>', '==', '===', '>', '>..', '>=', '>>', '>>>', '?:', '@', 'and', 'class', 'const', 'describe', 'invert', 'mixin', 'negate', 'object', 'only', 'or', 'package', 'plus', 'program', 'test', 'var', '{', '||', EOF, comment, identifier, not \"}\r\n\r\n\", whitespace\n\n    at c:\\Users\\E495\\.vscode\\extensions\\uqbar.wollok-lsp-ide-0.5.4\\out\\server\\src\\server.js:2353:13026\n    at Array.map (<anonymous>)\n    at U1n (c:\\Users\\E495\\.vscode\\extensions\\uqbar.wollok-lsp-ide-0.5.4\\out\\server\\src\\server.js:2353:12950)\n    at H2.buildEnvironmentFrom (c:\\Users\\E495\\.vscode\\extensions\\uqbar.wollok-lsp-ide-0.5.4\\out\\server\\src\\server.js:2398:5254)\n    at H2.updateEnvironmentWith (c:\\Users\\E495\\.vscode\\extensions\\uqbar.wollok-lsp-ide-0.5.4\\out\\server\\src\\server.js:2398:4989)\n    at GF (c:\\Users\\E495\\.vscode\\extensions\\uqbar.wollok-lsp-ide-0.5.4\\out\\server\\src\\server.js:2398:7383)\n    at V3.invoke (c:\\Users\\E495\\.vscode\\extensions\\uqbar.wollok-lsp-ide-0.5.4\\out\\server\\src\\server.js:3:157328)\n    at o.fire (c:\\Users\\E495\\.vscode\\extensions\\uqbar.wollok-lsp-ide-0.5.4\\out\\server\\src\\server.js:3:158098)\n    at c:\\Users\\E495\\.vscode\\extensions\\uqbar.wollok-lsp-ide-0.5.4\\out\\server\\src\\server.js:37:57871\n    at nd (c:\\Users\\E495\\.vscode\\extensions\\uqbar.wollok-lsp-ide-0.5.4\\out\\server\\src\\server.js:8:1561)","timestamp":"2026-05-05T17:20:16.054Z"}
{"level":"error","message":"✘ Failed to rebuild document Failed to parse mensajeros.wlk: \n-- PARSING FAILED --------------------------------------------------\n\n  36 | \n  37 |     method \n> 38 | }\n     | ^\n  39 | \n  40 | \n\nExpected one of the following: \n\n'!=', '!==', '%', '&&', '*', '**', '+', '-', '->', '..', '..<', '/', '<', '<<', '<<<', '<=', '<=>', '<>', '==', '===', '>', '>..', '>=', '>>', '>>>', '?:', '@', 'and', 'class', 'const', 'describe', 'invert', 'mixin', 'negate', 'object', 'only', 'or', 'package', 'plus', 'program', 'test', 'var', '{', '||', EOF, comment, identifier, not \"}\r\n\r\n\", whitespace\n","stack":"Error: Failed to parse mensajeros.wlk: \n-- PARSING FAILED --------------------------------------------------\n\n  36 | \n  37 |     method \n> 38 | }\n     | ^\n  39 | \n  40 | \n\nExpected one of the following: \n\n'!=', '!==', '%', '&&', '*', '**', '+', '-', '->', '..', '..<', '/', '<', '<<', '<<<', '<=', '<=>', '<>', '==', '===', '>', '>..', '>=', '>>', '>>>', '?:', '@', 'and', 'class', 'const', 'describe', 'invert', 'mixin', 'negate', 'object', 'only', 'or', 'package', 'plus', 'program', 'test', 'var', '{', '||', EOF, comment, identifier, not \"}\r\n\r\n\", whitespace\n\n    at c:\\Users\\E495\\.vscode\\extensions\\uqbar.wollok-lsp-ide-0.5.4\\out\\server\\src\\server.js:2353:13026\n    at Array.map (<anonymous>)\n    at U1n (c:\\Users\\E495\\.vscode\\extensions\\uqbar.wollok-lsp-ide-0.5.4\\out\\server\\src\\server.js:2353:12950)\n    at H2.buildEnvironmentFrom (c:\\Users\\E495\\.vscode\\extensions\\uqbar.wollok-lsp-ide-0.5.4\\out\\server\\src\\server.js:2398:5254)\n    at H2.updateEnvironmentWith (c:\\Users\\E495\\.vscode\\extensions\\uqbar.wollok-lsp-ide-0.5.4\\out\\server\\src\\server.js:2398:4989)\n    at GF (c:\\Users\\E495\\.vscode\\extensions\\uqbar.wollok-lsp-ide-0.5.4\\out\\server\\src\\server.js:2398:7383)\n    at V3.invoke (c:\\Users\\E495\\.vscode\\extensions\\uqbar.wollok-lsp-ide-0.5.4\\out\\server\\src\\server.js:3:157328)\n    at o.fire (c:\\Users\\E495\\.vscode\\extensions\\uqbar.wollok-lsp-ide-0.5.4\\out\\server\\src\\server.js:3:158098)\n    at c:\\Users\\E495\\.vscode\\extensions\\uqbar.wollok-lsp-ide-0.5.4\\out\\server\\src\\server.js:37:57871\n    at nd (c:\\Users\\E495\\.vscode\\extensions\\uqbar.wollok-lsp-ide-0.5.4\\out\\server\\src\\server.js:8:1561)","timestamp":"2026-05-05T17:20:16.450Z"}
{"level":"info","message":"⌛ Validating mensajeros.wlk","timeElapsed":104,"timestamp":"2026-05-05T17:20:16.856Z"}
{"level":"info","message":"⌛ Validating mensajeros.wlk","timeElapsed":123,"timestamp":"2026-05-05T17:20:17.150Z"}
{"level":"info","message":"⌛ Building environment","timeElapsed":112,"timestamp":"2026-05-05T17:20:17.264Z"}
{"level":"info","message":"⌛ Validating mensajeros.wlk","timeElapsed":102,"timestamp":"2026-05-05T17:20:17.373Z"}
{"level":"info","message":"⌛ Validating mensajeros.wlk","timeElapsed":108,"timestamp":"2026-05-05T17:20:18.991Z"}
{"level":"info","message":"⌛ Validating mensajeros.wlk","timeElapsed":102,"timestamp":"2026-05-05T17:20:19.394Z"}
{"level":"info","message":"⌛ Validating mensajeros.wlk","timeElapsed":106,"timestamp":"2026-05-05T17:20:19.818Z"}
{"level":"info","message":"⌛ Building environment","timeElapsed":125,"timestamp":"2026-05-05T17:20:20.151Z"}
{"level":"info","message":"⌛ Validating mensajeros.wlk","timeElapsed":141,"timestamp":"2026-05-05T17:20:20.408Z"}
{"level":"info","message":"⌛ Validating mensajeros.wlk","timeElapsed":108,"timestamp":"2026-05-05T17:20:20.815Z"}
{"level":"info","message":"⌛ Validating mensajeros.wlk","timeElapsed":116,"timestamp":"2026-05-05T17:20:21.058Z"}
{"level":"info","message":"⌛ Validating mensajeros.wlk","timeElapsed":103,"timestamp":"2026-05-05T17:20:21.877Z"}
{"level":"error","message":"✘ Completions for node Parameter ([37:27, 37:28] - mensajeros.wlk) failed: Error: [Parameter]{58ef2f} at mensajeros.wlk:37 exhausted all cases without a match [Parameter]{58ef2f} at mensajeros.wlk:37 exhausted all cases without a match","stack":"Error: [Parameter]{58ef2f} at mensajeros.wlk:37 exhausted all cases without a match\n    at c:\\Users\\E495\\.vscode\\extensions\\uqbar.wollok-lsp-ide-0.5.4\\out\\server\\src\\server.js:38:6142\n    at L2 (c:\\Users\\E495\\.vscode\\extensions\\uqbar.wollok-lsp-ide-0.5.4\\out\\server\\src\\server.js:2389:42)\n    at c:\\Users\\E495\\.vscode\\extensions\\uqbar.wollok-lsp-ide-0.5.4\\out\\server\\src\\server.js:2389:2988\n    at c:\\Users\\E495\\.vscode\\extensions\\uqbar.wollok-lsp-ide-0.5.4\\out\\server\\src\\server.js:2398:8440\n    at c:\\Users\\E495\\.vscode\\extensions\\uqbar.wollok-lsp-ide-0.5.4\\out\\server\\src\\server.js:37:74872\n    at Ke (c:\\Users\\E495\\.vscode\\extensions\\uqbar.wollok-lsp-ide-0.5.4\\out\\server\\src\\server.js:7:8527)\n    at Lt (c:\\Users\\E495\\.vscode\\extensions\\uqbar.wollok-lsp-ide-0.5.4\\out\\server\\src\\server.js:7:6189)\n    at ct (c:\\Users\\E495\\.vscode\\extensions\\uqbar.wollok-lsp-ide-0.5.4\\out\\server\\src\\server.js:7:6378)\n    at Immediate._onImmediate (c:\\Users\\E495\\.vscode\\extensions\\uqbar.wollok-lsp-ide-0.5.4\\out\\server\\src\\server.js:7:6142)\n    at process.processImmediate (node:internal/timers:484:21)","timestamp":"2026-05-05T17:20:22.576Z"}
{"level":"info","message":"⌛ Validating mensajeros.wlk","timeElapsed":135,"timestamp":"2026-05-05T17:20:22.715Z"}
{"level":"info","message":"⌛ Validating mensajeros.wlk","timeElapsed":122,"timestamp":"2026-05-05T17:20:23.468Z"}
{"level":"error","message":"✘ Completions for node Parameter ([37:27, 37:28] - mensajeros.wlk) failed: Error: [Parameter]{118b6c} at mensajeros.wlk:37 exhausted all cases without a match [Parameter]{118b6c} at mensajeros.wlk:37 exhausted all cases without a match","stack":"Error: [Parameter]{118b6c} at mensajeros.wlk:37 exhausted all cases without a match\n    at c:\\Users\\E495\\.vscode\\extensions\\uqbar.wollok-lsp-ide-0.5.4\\out\\server\\src\\server.js:38:6142\n    at L2 (c:\\Users\\E495\\.vscode\\extensions\\uqbar.wollok-lsp-ide-0.5.4\\out\\server\\src\\server.js:2389:42)\n    at c:\\Users\\E495\\.vscode\\extensions\\uqbar.wollok-lsp-ide-0.5.4\\out\\server\\src\\server.js:2389:2988\n    at c:\\Users\\E495\\.vscode\\extensions\\uqbar.wollok-lsp-ide-0.5.4\\out\\server\\src\\server.js:2398:8440\n    at c:\\Users\\E495\\.vscode\\extensions\\uqbar.wollok-lsp-ide-0.5.4\\out\\server\\src\\server.js:37:74872\n    at Ke (c:\\Users\\E495\\.vscode\\extensions\\uqbar.wollok-lsp-ide-0.5.4\\out\\server\\src\\server.js:7:8527)\n    at Lt (c:\\Users\\E495\\.vscode\\extensions\\uqbar.wollok-lsp-ide-0.5.4\\out\\server\\src\\server.js:7:6189)\n    at ct (c:\\Users\\E495\\.vscode\\extensions\\uqbar.wollok-lsp-ide-0.5.4\\out\\server\\src\\server.js:7:6378)\n    at Immediate._onImmediate (c:\\Users\\E495\\.vscode\\extensions\\uqbar.wollok-lsp-ide-0.5.4\\out\\server\\src\\server.js:7:6142)\n    at process.processImmediate (node:internal/timers:484:21)","timestamp":"2026-05-05T17:20:23.647Z"}
{"level":"info","message":"⌛ Validating mensajeros.wlk","timeElapsed":128,"timestamp":"2026-05-05T17:20:23.786Z"}
{"level":"error","message":"✘ Completions for node Parameter ([37:27, 37:29] - mensajeros.wlk) failed: Error: [Parameter]{12a5f1} at mensajeros.wlk:37 exhausted all cases without a match [Parameter]{12a5f1} at mensajeros.wlk:37 exhausted all cases without a match","stack":"Error: [Parameter]{12a5f1} at mensajeros.wlk:37 exhausted all cases without a match\n    at c:\\Users\\E495\\.vscode\\extensions\\uqbar.wollok-lsp-ide-0.5.4\\out\\server\\src\\server.js:38:6142\n    at L2 (c:\\Users\\E495\\.vscode\\extensions\\uqbar.wollok-lsp-ide-0.5.4\\out\\server\\src\\server.js:2389:42)\n    at c:\\Users\\E495\\.vscode\\extensions\\uqbar.wollok-lsp-ide-0.5.4\\out\\server\\src\\server.js:2389:2988\n    at c:\\Users\\E495\\.vscode\\extensions\\uqbar.wollok-lsp-ide-0.5.4\\out\\server\\src\\server.js:2398:8440\n    at c:\\Users\\E495\\.vscode\\extensions\\uqbar.wollok-lsp-ide-0.5.4\\out\\server\\src\\server.js:37:74872\n    at Ke (c:\\Users\\E495\\.vscode\\extensions\\uqbar.wollok-lsp-ide-0.5.4\\out\\server\\src\\server.js:7:8527)\n    at Lt (c:\\Users\\E495\\.vscode\\extensions\\uqbar.wollok-lsp-ide-0.5.4\\out\\server\\src\\server.js:7:6189)\n    at ct (c:\\Users\\E495\\.vscode\\extensions\\uqbar.wollok-lsp-ide-0.5.4\\out\\server\\src\\server.js:7:6378)\n    at Immediate._onImmediate (c:\\Users\\E495\\.vscode\\extensions\\uqbar.wollok-lsp-ide-0.5.4\\out\\server\\src\\server.js:7:6142)\n    at process.processImmediate (node:internal/timers:484:21)","timestamp":"2026-05-05T17:20:23.970Z"}
{"level":"info","message":"⌛ Validating mensajeros.wlk","timeElapsed":132,"timestamp":"2026-05-05T17:20:24.109Z"}
{"level":"error","message":"✘ Completions for node Parameter ([37:27, 37:31] - mensajeros.wlk) failed: Error: [Parameter]{395836} at mensajeros.wlk:37 exhausted all cases without a match [Parameter]{395836} at mensajeros.wlk:37 exhausted all cases without a match","stack":"Error: [Parameter]{395836} at mensajeros.wlk:37 exhausted all cases without a match\n    at c:\\Users\\E495\\.vscode\\extensions\\uqbar.wollok-lsp-ide-0.5.4\\out\\server\\src\\server.js:38:6142\n    at L2 (c:\\Users\\E495\\.vscode\\extensions\\uqbar.wollok-lsp-ide-0.5.4\\out\\server\\src\\server.js:2389:42)\n    at c:\\Users\\E495\\.vscode\\extensions\\uqbar.wollok-lsp-ide-0.5.4\\out\\server\\src\\server.js:2389:2988\n    at c:\\Users\\E495\\.vscode\\extensions\\uqbar.wollok-lsp-ide-0.5.4\\out\\server\\src\\server.js:2398:8440\n    at c:\\Users\\E495\\.vscode\\extensions\\uqbar.wollok-lsp-ide-0.5.4\\out\\server\\src\\server.js:37:74872\n    at Ke (c:\\Users\\E495\\.vscode\\extensions\\uqbar.wollok-lsp-ide-0.5.4\\out\\server\\src\\server.js:7:8527)\n    at Lt (c:\\Users\\E495\\.vscode\\extensions\\uqbar.wollok-lsp-ide-0.5.4\\out\\server\\src\\server.js:7:6189)\n    at ct (c:\\Users\\E495\\.vscode\\extensions\\uqbar.wollok-lsp-ide-0.5.4\\out\\server\\src\\server.js:7:6378)\n    at Immediate._onImmediate (c:\\Users\\E495\\.vscode\\extensions\\uqbar.wollok-lsp-ide-0.5.4\\out\\server\\src\\server.js:7:6142)\n    at process.processImmediate (node:internal/timers:484:21)","timestamp":"2026-05-05T17:20:24.330Z"}
{"level":"info","message":"⌛ Validating mensajeros.wlk","timeElapsed":122,"timestamp":"2026-05-05T17:20:24.458Z"}
{"level":"info","message":"⌛ Validating mensajeros.wlk","timeElapsed":114,"timestamp":"2026-05-05T17:20:24.573Z"}
{"level":"error","message":"✘ Completions for node Parameter ([37:27, 37:32] - mensajeros.wlk) failed: Error: [Parameter]{845490} at mensajeros.wlk:37 exhausted all cases without a match [Parameter]{845490} at mensajeros.wlk:37 exhausted all cases without a match","stack":"Error: [Parameter]{845490} at mensajeros.wlk:37 exhausted all cases without a match\n    at c:\\Users\\E495\\.vscode\\extensions\\uqbar.wollok-lsp-ide-0.5.4\\out\\server\\src\\server.js:38:6142\n    at L2 (c:\\Users\\E495\\.vscode\\extensions\\uqbar.wollok-lsp-ide-0.5.4\\out\\server\\src\\server.js:2389:42)\n    at c:\\Users\\E495\\.vscode\\extensions\\uqbar.wollok-lsp-ide-0.5.4\\out\\server\\src\\server.js:2389:2988\n    at c:\\Users\\E495\\.vscode\\extensions\\uqbar.wollok-lsp-ide-0.5.4\\out\\server\\src\\server.js:2398:8440\n    at c:\\Users\\E495\\.vscode\\extensions\\uqbar.wollok-lsp-ide-0.5.4\\out\\server\\src\\server.js:37:74872\n    at Ke (c:\\Users\\E495\\.vscode\\extensions\\uqbar.wollok-lsp-ide-0.5.4\\out\\server\\src\\server.js:7:8527)\n    at Lt (c:\\Users\\E495\\.vscode\\extensions\\uqbar.wollok-lsp-ide-0.5.4\\out\\server\\src\\server.js:7:6189)\n    at ct (c:\\Users\\E495\\.vscode\\extensions\\uqbar.wollok-lsp-ide-0.5.4\\out\\server\\src\\server.js:7:6378)\n    at Immediate._onImmediate (c:\\Users\\E495\\.vscode\\extensions\\uqbar.wollok-lsp-ide-0.5.4\\out\\server\\src\\server.js:7:6142)\n    at process.processImmediate (node:internal/timers:484:21)","timestamp":"2026-05-05T17:20:24.706Z"}
{"level":"info","message":"⌛ Validating mensajeros.wlk","timeElapsed":109,"timestamp":"2026-05-05T17:20:24.829Z"}
{"level":"info","message":"⌛ Building environment","timeElapsed":141,"timestamp":"2026-05-05T17:20:24.972Z"}
{"level":"info","message":"⌛ Validating mensajeros.wlk","timeElapsed":128,"timestamp":"2026-05-05T17:20:25.105Z"}
{"level":"error","message":"✘ Completions for node Parameter ([37:27, 37:34] - mensajeros.wlk) failed: Error: [Parameter]{497aa4} at mensajeros.wlk:37 exhausted all cases without a match [Parameter]{497aa4} at mensajeros.wlk:37 exhausted all cases without a match","stack":"Error: [Parameter]{497aa4} at mensajeros.wlk:37 exhausted all cases without a match\n    at c:\\Users\\E495\\.vscode\\extensions\\uqbar.wollok-lsp-ide-0.5.4\\out\\server\\src\\server.js:38:6142\n    at L2 (c:\\Users\\E495\\.vscode\\extensions\\uqbar.wollok-lsp-ide-0.5.4\\out\\server\\src\\server.js:2389:42)\n    at c:\\Users\\E495\\.vscode\\extensions\\uqbar.wollok-lsp-ide-0.5.4\\out\\server\\src\\server.js:2389:2988\n    at c:\\Users\\E495\\.vscode\\extensions\\uqbar.wollok-lsp-ide-0.5.4\\out\\server\\src\\server.js:2398:8440\n    at c:\\Users\\E495\\.vscode\\extensions\\uqbar.wollok-lsp-ide-0.5.4\\out\\server\\src\\server.js:37:74872\n    at Ke (c:\\Users\\E495\\.vscode\\extensions\\uqbar.wollok-lsp-ide-0.5.4\\out\\server\\src\\server.js:7:8527)\n    at Lt (c:\\Users\\E495\\.vscode\\extensions\\uqbar.wollok-lsp-ide-0.5.4\\out\\server\\src\\server.js:7:6189)\n    at ct (c:\\Users\\E495\\.vscode\\extensions\\uqbar.wollok-lsp-ide-0.5.4\\out\\server\\src\\server.js:7:6378)\n    at Immediate._onImmediate (c:\\Users\\E495\\.vscode\\extensions\\uqbar.wollok-lsp-ide-0.5.4\\out\\server\\src\\server.js:7:6142)\n    at process.processImmediate (node:internal/timers:484:21)","timestamp":"2026-05-05T17:20:25.465Z"}
{"level":"error","message":"✘ Completions for node Parameter ([37:27, 37:35] - mensajeros.wlk) failed: Error: [Parameter]{bc5e86} at mensajeros.wlk:37 exhausted all cases without a match [Parameter]{bc5e86} at mensajeros.wlk:37 exhausted all cases without a match","stack":"Error: [Parameter]{bc5e86} at mensajeros.wlk:37 exhausted all cases without a match\n    at c:\\Users\\E495\\.vscode\\extensions\\uqbar.wollok-lsp-ide-0.5.4\\out\\server\\src\\server.js:38:6142\n    at L2 (c:\\Users\\E495\\.vscode\\extensions\\uqbar.wollok-lsp-ide-0.5.4\\out\\server\\src\\server.js:2389:42)\n    at c:\\Users\\E495\\.vscode\\extensions\\uqbar.wollok-lsp-ide-0.5.4\\out\\server\\src\\server.js:2389:2988\n    at c:\\Users\\E495\\.vscode\\extensions\\uqbar.wollok-lsp-ide-0.5.4\\out\\server\\src\\server.js:2398:8440\n    at c:\\Users\\E495\\.vscode\\extensions\\uqbar.wollok-lsp-ide-0.5.4\\out\\server\\src\\server.js:37:74872\n    at Ke (c:\\Users\\E495\\.vscode\\extensions\\uqbar.wollok-lsp-ide-0.5.4\\out\\server\\src\\server.js:7:8527)\n    at Lt (c:\\Users\\E495\\.vscode\\extensions\\uqbar.wollok-lsp-ide-0.5.4\\out\\server\\src\\server.js:7:6189)\n    at ct (c:\\Users\\E495\\.vscode\\extensions\\uqbar.wollok-lsp-ide-0.5.4\\out\\server\\src\\server.js:7:6378)\n    at Immediate._onImmediate (c:\\Users\\E495\\.vscode\\extensions\\uqbar.wollok-lsp-ide-0.5.4\\out\\server\\src\\server.js:7:6142)\n    at process.processImmediate (node:internal/timers:484:21)","timestamp":"2026-05-05T17:20:25.869Z"}
{"level":"info","message":"⌛ Validating mensajeros.wlk","timeElapsed":107,"timestamp":"2026-05-05T17:20:25.987Z"}
{"level":"error","message":"✘ Completions for node Parameter ([37:27, 37:36] - mensajeros.wlk) failed: Error: [Parameter]{8102bb} at mensajeros.wlk:37 exhausted all cases without a match [Parameter]{8102bb} at mensajeros.wlk:37 exhausted all cases without a match","stack":"Error: [Parameter]{8102bb} at mensajeros.wlk:37 exhausted all cases without a match\n    at c:\\Users\\E495\\.vscode\\extensions\\uqbar.wollok-lsp-ide-0.5.4\\out\\server\\src\\server.js:38:6142\n    at L2 (c:\\Users\\E495\\.vscode\\extensions\\uqbar.wollok-lsp-ide-0.5.4\\out\\server\\src\\server.js:2389:42)\n    at c:\\Users\\E495\\.vscode\\extensions\\uqbar.wollok-lsp-ide-0.5.4\\out\\server\\src\\server.js:2389:2988\n    at c:\\Users\\E495\\.vscode\\extensions\\uqbar.wollok-lsp-ide-0.5.4\\out\\server\\src\\server.js:2398:8440\n    at c:\\Users\\E495\\.vscode\\extensions\\uqbar.wollok-lsp-ide-0.5.4\\out\\server\\src\\server.js:37:74872\n    at Ke (c:\\Users\\E495\\.vscode\\extensions\\uqbar.wollok-lsp-ide-0.5.4\\out\\server\\src\\server.js:7:8527)\n    at Lt (c:\\Users\\E495\\.vscode\\extensions\\uqbar.wollok-lsp-ide-0.5.4\\out\\server\\src\\server.js:7:6189)\n    at ct (c:\\Users\\E495\\.vscode\\extensions\\uqbar.wollok-lsp-ide-0.5.4\\out\\server\\src\\server.js:7:6378)\n    at Immediate._onImmediate (c:\\Users\\E495\\.vscode\\extensions\\uqbar.wollok-lsp-ide-0.5.4\\out\\server\\src\\server.js:7:6142)\n    at process.processImmediate (node:internal/timers:484:21)","timestamp":"2026-05-05T17:20:26.326Z"}
{"level":"error","message":"✘ Completions for node Parameter ([37:27, 37:37] - mensajeros.wlk) failed: Error: [Parameter]{1c8990} at mensajeros.wlk:37 exhausted all cases without a match [Parameter]{1c8990} at mensajeros.wlk:37 exhausted all cases without a match","stack":"Error: [Parameter]{1c8990} at mensajeros.wlk:37 exhausted all cases without a match\n    at c:\\Users\\E495\\.vscode\\extensions\\uqbar.wollok-lsp-ide-0.5.4\\out\\server\\src\\server.js:38:6142\n    at L2 (c:\\Users\\E495\\.vscode\\extensions\\uqbar.wollok-lsp-ide-0.5.4\\out\\server\\src\\server.js:2389:42)\n    at c:\\Users\\E495\\.vscode\\extensions\\uqbar.wollok-lsp-ide-0.5.4\\out\\server\\src\\server.js:2389:2988\n    at c:\\Users\\E495\\.vscode\\extensions\\uqbar.wollok-lsp-ide-0.5.4\\out\\server\\src\\server.js:2398:8440\n    at c:\\Users\\E495\\.vscode\\extensions\\uqbar.wollok-lsp-ide-0.5.4\\out\\server\\src\\server.js:37:74872\n    at Ke (c:\\Users\\E495\\.vscode\\extensions\\uqbar.wollok-lsp-ide-0.5.4\\out\\server\\src\\server.js:7:8527)\n    at Lt (c:\\Users\\E495\\.vscode\\extensions\\uqbar.wollok-lsp-ide-0.5.4\\out\\server\\src\\server.js:7:6189)\n    at ct (c:\\Users\\E495\\.vscode\\extensions\\uqbar.wollok-lsp-ide-0.5.4\\out\\server\\src\\server.js:7:6378)\n    at Immediate._onImmediate (c:\\Users\\E495\\.vscode\\extensions\\uqbar.wollok-lsp-ide-0.5.4\\out\\server\\src\\server.js:7:6142)\n    at process.processImmediate (node:internal/timers:484:21)","timestamp":"2026-05-05T17:20:26.907Z"}
{"level":"info","message":"⌛ Validating mensajeros.wlk","timeElapsed":138,"timestamp":"2026-05-05T17:20:27.048Z"}
{"level":"error","message":"✘ Completions for node Parameter ([37:27, 37:38] - mensajeros.wlk) failed: Error: [Parameter]{449c0d} at mensajeros.wlk:37 exhausted all cases without a match [Parameter]{449c0d} at mensajeros.wlk:37 exhausted all cases without a match","stack":"Error: [Parameter]{449c0d} at mensajeros.wlk:37 exhausted all cases without a match\n    at c:\\Users\\E495\\.vscode\\extensions\\uqbar.wollok-lsp-ide-0.5.4\\out\\server\\src\\server.js:38:6142\n    at L2 (c:\\Users\\E495\\.vscode\\extensions\\uqbar.wollok-lsp-ide-0.5.4\\out\\server\\src\\server.js:2389:42)\n    at c:\\Users\\E495\\.vscode\\extensions\\uqbar.wollok-lsp-ide-0.5.4\\out\\server\\src\\server.js:2389:2988\n    at c:\\Users\\E495\\.vscode\\extensions\\uqbar.wollok-lsp-ide-0.5.4\\out\\server\\src\\server.js:2398:8440\n    at c:\\Users\\E495\\.vscode\\extensions\\uqbar.wollok-lsp-ide-0.5.4\\out\\server\\src\\server.js:37:74872\n    at Ke (c:\\Users\\E495\\.vscode\\extensions\\uqbar.wollok-lsp-ide-0.5.4\\out\\server\\src\\server.js:7:8527)\n    at Lt (c:\\Users\\E495\\.vscode\\extensions\\uqbar.wollok-lsp-ide-0.5.4\\out\\server\\src\\server.js:7:6189)\n    at ct (c:\\Users\\E495\\.vscode\\extensions\\uqbar.wollok-lsp-ide-0.5.4\\out\\server\\src\\server.js:7:6378)\n    at Immediate._onImmediate (c:\\Users\\E495\\.vscode\\extensions\\uqbar.wollok-lsp-ide-0.5.4\\out\\server\\src\\server.js:7:6142)\n    at process.processImmediate (node:internal/timers:484:21)","timestamp":"2026-05-05T17:20:27.186Z"}
{"level":"info","message":"⌛ Validating mensajeros.wlk","timeElapsed":107,"timestamp":"2026-05-05T17:20:27.297Z"}
{"level":"error","message":"✘ Completions for node Parameter ([37:27, 37:40] - mensajeros.wlk) failed: Error: [Parameter]{f9fe7f} at mensajeros.wlk:37 exhausted all cases without a match [Parameter]{f9fe7f} at mensajeros.wlk:37 exhausted all cases without a match","stack":"Error: [Parameter]{f9fe7f} at mensajeros.wlk:37 exhausted all cases without a match\n    at c:\\Users\\E495\\.vscode\\extensions\\uqbar.wollok-lsp-ide-0.5.4\\out\\server\\src\\server.js:38:6142\n    at L2 (c:\\Users\\E495\\.vscode\\extensions\\uqbar.wollok-lsp-ide-0.5.4\\out\\server\\src\\server.js:2389:42)\n    at c:\\Users\\E495\\.vscode\\extensions\\uqbar.wollok-lsp-ide-0.5.4\\out\\server\\src\\server.js:2389:2988\n    at c:\\Users\\E495\\.vscode\\extensions\\uqbar.wollok-lsp-ide-0.5.4\\out\\server\\src\\server.js:2398:8440\n    at c:\\Users\\E495\\.vscode\\extensions\\uqbar.wollok-lsp-ide-0.5.4\\out\\server\\src\\server.js:37:74872\n    at Ke (c:\\Users\\E495\\.vscode\\extensions\\uqbar.wollok-lsp-ide-0.5.4\\out\\server\\src\\server.js:7:8527)\n    at Lt (c:\\Users\\E495\\.vscode\\extensions\\uqbar.wollok-lsp-ide-0.5.4\\out\\server\\src\\server.js:7:6189)\n    at ct (c:\\Users\\E495\\.vscode\\extensions\\uqbar.wollok-lsp-ide-0.5.4\\out\\server\\src\\server.js:7:6378)\n    at Immediate._onImmediate (c:\\Users\\E495\\.vscode\\extensions\\uqbar.wollok-lsp-ide-0.5.4\\out\\server\\src\\server.js:7:6142)\n    at process.processImmediate (node:internal/timers:484:21)","timestamp":"2026-05-05T17:20:27.557Z"}
{"level":"info","message":"⌛ Validating mensajeros.wlk","timeElapsed":141,"timestamp":"2026-05-05T17:20:27.743Z"}
{"level":"info","message":"⌛ Validating mensajeros.wlk","timeElapsed":157,"timestamp":"2026-05-05T17:20:27.901Z"}
{"level":"info","message":"⌛ Building environment","timeElapsed":114,"timestamp":"2026-05-05T17:20:28.019Z"}
{"level":"error","message":"✘ Completions for node Parameter ([37:27, 37:41] - mensajeros.wlk) failed: Error: [Parameter]{90b082} at mensajeros.wlk:37 exhausted all cases without a match [Parameter]{90b082} at mensajeros.wlk:37 exhausted all cases without a match","stack":"Error: [Parameter]{90b082} at mensajeros.wlk:37 exhausted all cases without a match\n    at c:\\Users\\E495\\.vscode\\extensions\\uqbar.wollok-lsp-ide-0.5.4\\out\\server\\src\\server.js:38:6142\n    at L2 (c:\\Users\\E495\\.vscode\\extensions\\uqbar.wollok-lsp-ide-0.5.4\\out\\server\\src\\server.js:2389:42)\n    at c:\\Users\\E495\\.vscode\\extensions\\uqbar.wollok-lsp-ide-0.5.4\\out\\server\\src\\server.js:2389:2988\n    at c:\\Users\\E495\\.vscode\\extensions\\uqbar.wollok-lsp-ide-0.5.4\\out\\server\\src\\server.js:2398:8440\n    at c:\\Users\\E495\\.vscode\\extensions\\uqbar.wollok-lsp-ide-0.5.4\\out\\server\\src\\server.js:37:74872\n    at Ke (c:\\Users\\E495\\.vscode\\extensions\\uqbar.wollok-lsp-ide-0.5.4\\out\\server\\src\\server.js:7:8527)\n    at Lt (c:\\Users\\E495\\.vscode\\extensions\\uqbar.wollok-lsp-ide-0.5.4\\out\\server\\src\\server.js:7:6189)\n    at ct (c:\\Users\\E495\\.vscode\\extensions\\uqbar.wollok-lsp-ide-0.5.4\\out\\server\\src\\server.js:7:6378)\n    at Immediate._onImmediate (c:\\Users\\E495\\.vscode\\extensions\\uqbar.wollok-lsp-ide-0.5.4\\out\\server\\src\\server.js:7:6142)\n    at process.processImmediate (node:internal/timers:484:21)","timestamp":"2026-05-05T17:20:28.052Z"}
{"level":"info","message":"⌛ Validating mensajeros.wlk","timeElapsed":126,"timestamp":"2026-05-05T17:20:28.276Z"}
{"level":"info","message":"⌛ Validating mensajeros.wlk","timeElapsed":110,"timestamp":"2026-05-05T17:20:28.395Z"}
{"level":"info","message":"⌛ Validating mensajeros.wlk","timeElapsed":103,"timestamp":"2026-05-05T17:20:28.793Z"}
{"level":"info","message":"⌛ Validating mensajeros.wlk","timeElapsed":116,"timestamp":"2026-05-05T17:20:29.175Z"}
{"level":"info","message":"⌛ Validating mensajeros.wlk","timeElapsed":106,"timestamp":"2026-05-05T17:20:29.481Z"}
{"level":"info","message":"⌛ Validating mensajeros.wlk","timeElapsed":103,"timestamp":"2026-05-05T17:20:34.257Z"}
{"level":"info","message":"⌛ Validating mensajeros.wlk","timeElapsed":106,"timestamp":"2026-05-05T17:20:35.728Z"}
{"level":"info","message":"⌛ Validating mensajeros.wlk","timeElapsed":110,"timestamp":"2026-05-05T17:20:36.118Z"}
{"level":"info","message":"⌛ Validating mensajeros.wlk","timeElapsed":106,"timestamp":"2026-05-05T17:20:36.303Z"}
{"level":"info","message":"⌛ Validating mensajeros.wlk","timeElapsed":105,"timestamp":"2026-05-05T17:20:36.514Z"}
{"level":"info","message":"⌛ Validating mensajeros.wlk","timeElapsed":193,"timestamp":"2026-05-05T17:20:37.114Z"}
{"level":"info","message":"⌛ Building environment","timeElapsed":134,"timestamp":"2026-05-05T17:20:37.632Z"}
{"level":"info","message":"⌛ Validating mensajeros.wlk","timeElapsed":115,"timestamp":"2026-05-05T17:20:37.865Z"}
{"level":"info","message":"⌛ Validating mensajeros.wlk","timeElapsed":114,"timestamp":"2026-05-05T17:20:39.840Z"}
{"level":"info","message":"⌛ Validating mensajeros.wlk","timeElapsed":104,"timestamp":"2026-05-05T17:20:40.057Z"}
{"level":"info","message":"⌛ Validating mensajeros.wlk","timeElapsed":102,"timestamp":"2026-05-05T17:20:40.745Z"}
{"level":"info","message":"⌛ Validating mensajeros.wlk","timeElapsed":106,"timestamp":"2026-05-05T17:20:40.941Z"}
{"level":"info","message":"⌛ Validating mensajeros.wlk","timeElapsed":102,"timestamp":"2026-05-05T17:20:41.587Z"}
{"level":"info","message":"⌛ Validating mensajeros.wlk","timeElapsed":122,"timestamp":"2026-05-05T17:20:41.821Z"}
{"level":"info","message":"⌛ Validating mensajeros.wlk","timeElapsed":150,"timestamp":"2026-05-05T17:20:42.396Z"}
{"level":"info","message":"⌛ Validating mensajeros.wlk","timeElapsed":107,"timestamp":"2026-05-05T17:20:42.985Z"}
{"level":"error","message":"✘ Completions for node Literal ([33:24, 33:28] - mensajeros.wlk) failed: Error: true [Literal]{f6d0c7} at mensajeros.wlk:33 exhausted all cases without a match true [Literal]{f6d0c7} at mensajeros.wlk:33 exhausted all cases without a match","stack":"Error: true [Literal]{f6d0c7} at mensajeros.wlk:33 exhausted all cases without a match\n    at c:\\Users\\E495\\.vscode\\extensions\\uqbar.wollok-lsp-ide-0.5.4\\out\\server\\src\\server.js:38:6142\n    at L2 (c:\\Users\\E495\\.vscode\\extensions\\uqbar.wollok-lsp-ide-0.5.4\\out\\server\\src\\server.js:2389:42)\n    at c:\\Users\\E495\\.vscode\\extensions\\uqbar.wollok-lsp-ide-0.5.4\\out\\server\\src\\server.js:2389:2988\n    at c:\\Users\\E495\\.vscode\\extensions\\uqbar.wollok-lsp-ide-0.5.4\\out\\server\\src\\server.js:2398:8440\n    at c:\\Users\\E495\\.vscode\\extensions\\uqbar.wollok-lsp-ide-0.5.4\\out\\server\\src\\server.js:37:74872\n    at Ke (c:\\Users\\E495\\.vscode\\extensions\\uqbar.wollok-lsp-ide-0.5.4\\out\\server\\src\\server.js:7:8527)\n    at Lt (c:\\Users\\E495\\.vscode\\extensions\\uqbar.wollok-lsp-ide-0.5.4\\out\\server\\src\\server.js:7:6189)\n    at ct (c:\\Users\\E495\\.vscode\\extensions\\uqbar.wollok-lsp-ide-0.5.4\\out\\server\\src\\server.js:7:6378)\n    at Immediate._onImmediate (c:\\Users\\E495\\.vscode\\extensions\\uqbar.wollok-lsp-ide-0.5.4\\out\\server\\src\\server.js:7:6142)\n    at process.processImmediate (node:internal/timers:484:21)","timestamp":"2026-05-05T17:20:44.073Z"}
{"level":"info","message":"⌛ Validating mensajeros.wlk","timeElapsed":113,"timestamp":"2026-05-05T17:20:44.187Z"}
{"level":"info","message":"⌛ Validating mensajeros.wlk","timeElapsed":105,"timestamp":"2026-05-05T17:20:47.545Z"}
{"level":"info","message":"⌛ Building environment","timeElapsed":112,"timestamp":"2026-05-05T17:20:47.750Z"}
{"level":"info","message":"⌛ Validating mensajeros.wlk","timeElapsed":125,"timestamp":"2026-05-05T17:20:47.875Z"}
{"level":"info","message":"⌛ Building environment","timeElapsed":127,"timestamp":"2026-05-05T17:20:48.003Z"}
{"level":"info","message":"⌛ Validating mensajeros.wlk","timeElapsed":107,"timestamp":"2026-05-05T17:20:48.111Z"}
{"level":"info","message":"⌛ Validating mensajeros.wlk","timeElapsed":104,"timestamp":"2026-05-05T17:20:48.294Z"}
{"level":"info","message":"⌛ Validating mensajeros.wlk","timeElapsed":106,"timestamp":"2026-05-05T17:20:50.520Z"}
{"level":"info","message":"⌛ Validating mensajeros.wlk","timeElapsed":114,"timestamp":"2026-05-05T17:20:51.009Z"}
{"level":"info","message":"⌛ Validating mensajeros.wlk","timeElapsed":113,"timestamp":"2026-05-05T17:20:52.238Z"}
{"level":"info","message":"⌛ Validating mensajeros.wlk","timeElapsed":110,"timestamp":"2026-05-05T17:20:52.439Z"}
{"level":"info","message":"⌛ Validating mensajeros.wlk","timeElapsed":108,"timestamp":"2026-05-05T17:20:54.839Z"}
{"level":"info","message":"⌛ Validating mensajeros.wlk","timeElapsed":112,"timestamp":"2026-05-05T17:20:58.327Z"}
{"level":"info","message":"⌛ Validating mensajeros.wlk","timeElapsed":147,"timestamp":"2026-05-05T17:20:58.659Z"}
{"level":"info","message":"⌛ Validating mensajeros.wlk","timeElapsed":113,"timestamp":"2026-05-05T17:20:59.040Z"}
{"level":"info","message":"⌛ Validating mensajeros.wlk","timeElapsed":160,"timestamp":"2026-05-05T17:20:59.204Z"}
{"level":"info","message":"⌛ Building environment","timeElapsed":111,"timestamp":"2026-05-05T17:20:59.319Z"}
{"level":"info","message":"⌛ Validating mensajeros.wlk","timeElapsed":119,"timestamp":"2026-05-05T17:20:59.728Z"}
{"level":"info","message":"⌛ Validating mensajeros.wlk","timeElapsed":109,"timestamp":"2026-05-05T17:21:00.844Z"}
{"level":"error","message":"✘ Completions for node Assignment ([39:9, 39:25] - mensajeros.wlk) failed: Error: [Assignment]{d684e6} at mensajeros.wlk:39 exhausted all cases without a match [Assignment]{d684e6} at mensajeros.wlk:39 exhausted all cases without a match","stack":"Error: [Assignment]{d684e6} at mensajeros.wlk:39 exhausted all cases without a match\n    at c:\\Users\\E495\\.vscode\\extensions\\uqbar.wollok-lsp-ide-0.5.4\\out\\server\\src\\server.js:38:6142\n    at L2 (c:\\Users\\E495\\.vscode\\extensions\\uqbar.wollok-lsp-ide-0.5.4\\out\\server\\src\\server.js:2389:42)\n    at Jh (c:\\Users\\E495\\.vscode\\extensions\\uqbar.wollok-lsp-ide-0.5.4\\out\\server\\src\\server.js:2389:1092)\n    at M5n (c:\\Users\\E495\\.vscode\\extensions\\uqbar.wollok-lsp-ide-0.5.4\\out\\server\\src\\server.js:2389:1248)\n    at c:\\Users\\E495\\.vscode\\extensions\\uqbar.wollok-lsp-ide-0.5.4\\out\\server\\src\\server.js:38:6131\n    at L2 (c:\\Users\\E495\\.vscode\\extensions\\uqbar.wollok-lsp-ide-0.5.4\\out\\server\\src\\server.js:2389:42)\n    at c:\\Users\\E495\\.vscode\\extensions\\uqbar.wollok-lsp-ide-0.5.4\\out\\server\\src\\server.js:2389:2988\n    at c:\\Users\\E495\\.vscode\\extensions\\uqbar.wollok-lsp-ide-0.5.4\\out\\server\\src\\server.js:2398:8440\n    at c:\\Users\\E495\\.vscode\\extensions\\uqbar.wollok-lsp-ide-0.5.4\\out\\server\\src\\server.js:37:74872\n    at Ke (c:\\Users\\E495\\.vscode\\extensions\\uqbar.wollok-lsp-ide-0.5.4\\out\\server\\src\\server.js:7:8527)","timestamp":"2026-05-05T17:21:02.575Z"}
{"level":"info","message":"⌛ Building environment","timeElapsed":141,"timestamp":"2026-05-05T17:21:02.830Z"}
{"level":"info","message":"⌛ Validating mensajeros.wlk","timeElapsed":114,"timestamp":"2026-05-05T17:21:02.945Z"}
{"level":"info","message":"⌛ Validating testMensajeros.wlk","timeElapsed":239,"timestamp":"2026-05-05T17:23:01.926Z"}
{"level":"info","message":"⌛ Validating testMensajeros.wlk","timeElapsed":101,"timestamp":"2026-05-05T17:23:06.704Z"}
{"level":"info","message":"⌛ Validating testMensajeros.wlk","timeElapsed":102,"timestamp":"2026-05-05T17:23:07.222Z"}
{"level":"info","message":"⌛ Building environment","timeElapsed":131,"timestamp":"2026-05-05T17:23:07.355Z"}
{"level":"info","message":"⌛ Validating testMensajeros.wlk","timeElapsed":131,"timestamp":"2026-05-05T17:23:07.569Z"}
{"level":"info","message":"⌛ Validating testMensajeros.wlk","timeElapsed":107,"timestamp":"2026-05-05T17:23:07.749Z"}
{"level":"info","message":"⌛ Validating testMensajeros.wlk","timeElapsed":114,"timestamp":"2026-05-05T17:23:07.862Z"}
{"level":"info","message":"⌛ Validating testMensajeros.wlk","timeElapsed":112,"timestamp":"2026-05-05T17:23:08.276Z"}
{"level":"info","message":"⌛ Validating testMensajeros.wlk","timeElapsed":124,"timestamp":"2026-05-05T17:23:08.534Z"}
{"level":"info","message":"⌛ Validating testMensajeros.wlk","timeElapsed":123,"timestamp":"2026-05-05T17:23:08.917Z"}
{"level":"info","message":"⌛ Validating testMensajeros.wlk","timeElapsed":142,"timestamp":"2026-05-05T17:23:09.060Z"}
{"level":"info","message":"⌛ Building environment","timeElapsed":170,"timestamp":"2026-05-05T17:23:09.660Z"}
{"level":"info","message":"⌛ Validating testMensajeros.wlk","timeElapsed":143,"timestamp":"2026-05-05T17:23:09.807Z"}
{"level":"info","message":"⌛ Validating testMensajeros.wlk","timeElapsed":107,"timestamp":"2026-05-05T17:23:10.582Z"}
{"level":"info","message":"⌛ Validating testMensajeros.wlk","timeElapsed":106,"timestamp":"2026-05-05T17:23:11.388Z"}
{"level":"info","message":"⌛ Validating testMensajeros.wlk","timeElapsed":101,"timestamp":"2026-05-05T17:23:11.665Z"}
{"level":"info","message":"⌛ Validating testMensajeros.wlk","timeElapsed":108,"timestamp":"2026-05-05T17:23:12.164Z"}
{"level":"info","message":"⌛ Validating testMensajeros.wlk","timeElapsed":129,"timestamp":"2026-05-05T17:23:12.428Z"}
{"level":"info","message":"⌛ Building environment","timeElapsed":135,"timestamp":"2026-05-05T17:23:12.565Z"}
{"level":"info","message":"⌛ Validating testMensajeros.wlk","timeElapsed":156,"timestamp":"2026-05-05T17:23:12.722Z"}
{"level":"info","message":"⌛ Building environment","timeElapsed":105,"timestamp":"2026-05-05T17:23:12.923Z"}
{"level":"info","message":"⌛ Validating testMensajeros.wlk","timeElapsed":157,"timestamp":"2026-05-05T17:23:13.185Z"}
{"level":"info","message":"⌛ Validating testMensajeros.wlk","timeElapsed":129,"timestamp":"2026-05-05T17:23:13.315Z"}
{"level":"info","message":"⌛ Validating testMensajeros.wlk","timeElapsed":157,"timestamp":"2026-05-05T17:23:13.474Z"}
{"level":"info","message":"⌛ Validating testMensajeros.wlk","timeElapsed":110,"timestamp":"2026-05-05T17:23:13.991Z"}
{"level":"info","message":"⌛ Validating testMensajeros.wlk","timeElapsed":129,"timestamp":"2026-05-05T17:23:14.121Z"}
{"level":"info","message":"⌛ Validating testMensajeros.wlk","timeElapsed":103,"timestamp":"2026-05-05T17:23:14.429Z"}
{"level":"info","message":"⌛ Building environment","timeElapsed":142,"timestamp":"2026-05-05T17:23:14.721Z"}
{"level":"info","message":"⌛ Validating testMensajeros.wlk","timeElapsed":137,"timestamp":"2026-05-05T17:23:14.942Z"}
{"level":"info","message":"⌛ Validating testMensajeros.wlk","timeElapsed":113,"timestamp":"2026-05-05T17:23:15.576Z"}
{"level":"info","message":"⌛ Validating testMensajeros.wlk","timeElapsed":130,"timestamp":"2026-05-05T17:23:16.737Z"}
{"level":"info","message":"⌛ Validating testMensajeros.wlk","timeElapsed":111,"timestamp":"2026-05-05T17:23:16.942Z"}
{"level":"info","message":"⌛ Validating testMensajeros.wlk","timeElapsed":107,"timestamp":"2026-05-05T17:23:19.398Z"}
{"level":"info","message":"⌛ Validating testMensajeros.wlk","timeElapsed":139,"timestamp":"2026-05-05T17:23:19.880Z"}
{"level":"info","message":"⌛ Validating testMensajeros.wlk","timeElapsed":140,"timestamp":"2026-05-05T17:23:20.144Z"}
{"level":"info","message":"⌛ Building environment","timeElapsed":113,"timestamp":"2026-05-05T17:23:20.414Z"}
{"level":"info","message":"⌛ Validating testMensajeros.wlk","timeElapsed":116,"timestamp":"2026-05-05T17:23:20.566Z"}
{"level":"info","message":"⌛ Building environment","timeElapsed":103,"timestamp":"2026-05-05T17:23:21.228Z"}
{"level":"info","message":"⌛ Validating testMensajeros.wlk","timeElapsed":317,"timestamp":"2026-05-05T17:23:21.552Z"}
{"level":"info","message":"⌛ Building environment","timeElapsed":147,"timestamp":"2026-05-05T17:23:21.700Z"}
{"level":"info","message":"⌛ Validating testMensajeros.wlk","timeElapsed":181,"timestamp":"2026-05-05T17:23:21.937Z"}
{"level":"error","message":"✘ Failed to rebuild document Failed to parse testMensajeros.wlk: \n-- PARSING FAILED --------------------------------------------------\n\nGot the end of the input\n\nExpected one of the following: \n\nstring literal, whitespace\n","stack":"Error: Failed to parse testMensajeros.wlk: \n-- PARSING FAILED --------------------------------------------------\n\nGot the end of the input\n\nExpected one of the following: \n\nstring literal, whitespace\n\n    at c:\\Users\\E495\\.vscode\\extensions\\uqbar.wollok-lsp-ide-0.5.4\\out\\server\\src\\server.js:2353:13026\n    at Array.map (<anonymous>)\n    at U1n (c:\\Users\\E495\\.vscode\\extensions\\uqbar.wollok-lsp-ide-0.5.4\\out\\server\\src\\server.js:2353:12950)\n    at H2.buildEnvironmentFrom (c:\\Users\\E495\\.vscode\\extensions\\uqbar.wollok-lsp-ide-0.5.4\\out\\server\\src\\server.js:2398:5254)\n    at H2.updateEnvironmentWith (c:\\Users\\E495\\.vscode\\extensions\\uqbar.wollok-lsp-ide-0.5.4\\out\\server\\src\\server.js:2398:4989)\n    at GF (c:\\Users\\E495\\.vscode\\extensions\\uqbar.wollok-lsp-ide-0.5.4\\out\\server\\src\\server.js:2398:7383)\n    at V3.invoke (c:\\Users\\E495\\.vscode\\extensions\\uqbar.wollok-lsp-ide-0.5.4\\out\\server\\src\\server.js:3:157328)\n    at o.fire (c:\\Users\\E495\\.vscode\\extensions\\uqbar.wollok-lsp-ide-0.5.4\\out\\server\\src\\server.js:3:158098)\n    at c:\\Users\\E495\\.vscode\\extensions\\uqbar.wollok-lsp-ide-0.5.4\\out\\server\\src\\server.js:37:57871\n    at nd (c:\\Users\\E495\\.vscode\\extensions\\uqbar.wollok-lsp-ide-0.5.4\\out\\server\\src\\server.js:8:1561)","timestamp":"2026-05-05T17:23:21.942Z"}
{"level":"error","message":"✘ Failed to rebuild document Failed to parse testMensajeros.wlk: \n-- PARSING FAILED --------------------------------------------------\n\nGot the end of the input\n\nExpected one of the following: \n\nstring literal, whitespace\n","stack":"Error: Failed to parse testMensajeros.wlk: \n-- PARSING FAILED --------------------------------------------------\n\nGot the end of the input\n\nExpected one of the following: \n\nstring literal, whitespace\n\n    at c:\\Users\\E495\\.vscode\\extensions\\uqbar.wollok-lsp-ide-0.5.4\\out\\server\\src\\server.js:2353:13026\n    at Array.map (<anonymous>)\n    at U1n (c:\\Users\\E495\\.vscode\\extensions\\uqbar.wollok-lsp-ide-0.5.4\\out\\server\\src\\server.js:2353:12950)\n    at H2.buildEnvironmentFrom (c:\\Users\\E495\\.vscode\\extensions\\uqbar.wollok-lsp-ide-0.5.4\\out\\server\\src\\server.js:2398:5254)\n    at H2.updateEnvironmentWith (c:\\Users\\E495\\.vscode\\extensions\\uqbar.wollok-lsp-ide-0.5.4\\out\\server\\src\\server.js:2398:4989)\n    at GF (c:\\Users\\E495\\.vscode\\extensions\\uqbar.wollok-lsp-ide-0.5.4\\out\\server\\src\\server.js:2398:7383)\n    at V3.invoke (c:\\Users\\E495\\.vscode\\extensions\\uqbar.wollok-lsp-ide-0.5.4\\out\\server\\src\\server.js:3:157328)\n    at o.fire (c:\\Users\\E495\\.vscode\\extensions\\uqbar.wollok-lsp-ide-0.5.4\\out\\server\\src\\server.js:3:158098)\n    at c:\\Users\\E495\\.vscode\\extensions\\uqbar.wollok-lsp-ide-0.5.4\\out\\server\\src\\server.js:37:57871\n    at nd (c:\\Users\\E495\\.vscode\\extensions\\uqbar.wollok-lsp-ide-0.5.4\\out\\server\\src\\server.js:8:1561)","timestamp":"2026-05-05T17:23:21.944Z"}
{"level":"error","message":"✘ Failed to rebuild document Failed to parse testMensajeros.wlk: \n-- PARSING FAILED --------------------------------------------------\n\nGot the end of the input\n\nExpected one of the following: \n\n'{', whitespace\n","stack":"Error: Failed to parse testMensajeros.wlk: \n-- PARSING FAILED --------------------------------------------------\n\nGot the end of the input\n\nExpected one of the following: \n\n'{', whitespace\n\n    at c:\\Users\\E495\\.vscode\\extensions\\uqbar.wollok-lsp-ide-0.5.4\\out\\server\\src\\server.js:2353:13026\n    at Array.map (<anonymous>)\n    at U1n (c:\\Users\\E495\\.vscode\\extensions\\uqbar.wollok-lsp-ide-0.5.4\\out\\server\\src\\server.js:2353:12950)\n    at H2.buildEnvironmentFrom (c:\\Users\\E495\\.vscode\\extensions\\uqbar.wollok-lsp-ide-0.5.4\\out\\server\\src\\server.js:2398:5254)\n    at H2.updateEnvironmentWith (c:\\Users\\E495\\.vscode\\extensions\\uqbar.wollok-lsp-ide-0.5.4\\out\\server\\src\\server.js:2398:4989)\n    at GF (c:\\Users\\E495\\.vscode\\extensions\\uqbar.wollok-lsp-ide-0.5.4\\out\\server\\src\\server.js:2398:7383)\n    at V3.invoke (c:\\Users\\E495\\.vscode\\extensions\\uqbar.wollok-lsp-ide-0.5.4\\out\\server\\src\\server.js:3:157328)\n    at o.fire (c:\\Users\\E495\\.vscode\\extensions\\uqbar.wollok-lsp-ide-0.5.4\\out\\server\\src\\server.js:3:158098)\n    at c:\\Users\\E495\\.vscode\\extensions\\uqbar.wollok-lsp-ide-0.5.4\\out\\server\\src\\server.js:37:57871\n    at nd (c:\\Users\\E495\\.vscode\\extensions\\uqbar.wollok-lsp-ide-0.5.4\\out\\server\\src\\server.js:8:1561)","timestamp":"2026-05-05T17:23:22.595Z"}
{"level":"error","message":"✘ Failed to rebuild document Failed to parse testMensajeros.wlk: \n-- PARSING FAILED --------------------------------------------------\n\nGot the end of the input\n\nExpected one of the following: \n\n'{', whitespace\n","stack":"Error: Failed to parse testMensajeros.wlk: \n-- PARSING FAILED --------------------------------------------------\n\nGot the end of the input\n\nExpected one of the following: \n\n'{', whitespace\n\n    at c:\\Users\\E495\\.vscode\\extensions\\uqbar.wollok-lsp-ide-0.5.4\\out\\server\\src\\server.js:2353:13026\n    at Array.map (<anonymous>)\n    at U1n (c:\\Users\\E495\\.vscode\\extensions\\uqbar.wollok-lsp-ide-0.5.4\\out\\server\\src\\server.js:2353:12950)\n    at H2.buildEnvironmentFrom (c:\\Users\\E495\\.vscode\\extensions\\uqbar.wollok-lsp-ide-0.5.4\\out\\server\\src\\server.js:2398:5254)\n    at H2.updateEnvironmentWith (c:\\Users\\E495\\.vscode\\extensions\\uqbar.wollok-lsp-ide-0.5.4\\out\\server\\src\\server.js:2398:4989)\n    at GF (c:\\Users\\E495\\.vscode\\extensions\\uqbar.wollok-lsp-ide-0.5.4\\out\\server\\src\\server.js:2398:7383)\n    at V3.invoke (c:\\Users\\E495\\.vscode\\extensions\\uqbar.wollok-lsp-ide-0.5.4\\out\\server\\src\\server.js:3:157328)\n    at o.fire (c:\\Users\\E495\\.vscode\\extensions\\uqbar.wollok-lsp-ide-0.5.4\\out\\server\\src\\server.js:3:158098)\n    at c:\\Users\\E495\\.vscode\\extensions\\uqbar.wollok-lsp-ide-0.5.4\\out\\server\\src\\server.js:37:57871\n    at nd (c:\\Users\\E495\\.vscode\\extensions\\uqbar.wollok-lsp-ide-0.5.4\\out\\server\\src\\server.js:8:1561)","timestamp":"2026-05-05T17:23:23.716Z"}
{"level":"info","message":"⌛ Validating testMensajeros.wlk","timeElapsed":112,"timestamp":"2026-05-05T17:23:24.627Z"}
{"level":"info","message":"⌛ Validating testMensajeros.wlk","timeElapsed":116,"timestamp":"2026-05-05T17:23:28.571Z"}
{"level":"info","message":"⌛ Validating testMensajeros.wlk","timeElapsed":116,"timestamp":"2026-05-05T17:23:28.772Z"}
{"level":"info","message":"⌛ Validating testMensajeros.wlk","timeElapsed":111,"timestamp":"2026-05-05T17:23:28.955Z"}
{"level":"info","message":"⌛ Validating testMensajeros.wlk","timeElapsed":159,"timestamp":"2026-05-05T17:23:29.276Z"}
{"level":"info","message":"⌛ Validating testMensajeros.wlk","timeElapsed":211,"timestamp":"2026-05-05T17:23:29.861Z"}
{"level":"info","message":"⌛ Validating testMensajeros.wlk","timeElapsed":136,"timestamp":"2026-05-05T17:23:30.049Z"}
{"level":"info","message":"⌛ Validating testMensajeros.wlk","timeElapsed":128,"timestamp":"2026-05-05T17:23:30.178Z"}
{"level":"info","message":"⌛ Building environment","timeElapsed":104,"timestamp":"2026-05-05T17:23:30.436Z"}
{"level":"info","message":"⌛ Validating testMensajeros.wlk","timeElapsed":248,"timestamp":"2026-05-05T17:23:30.810Z"}
{"level":"info","message":"⌛ Validating testMensajeros.wlk","timeElapsed":126,"timestamp":"2026-05-05T17:23:31.028Z"}
{"level":"info","message":"⌛ Building environment","timeElapsed":109,"timestamp":"2026-05-05T17:23:31.139Z"}
{"level":"info","message":"⌛ Validating testMensajeros.wlk","timeElapsed":108,"timestamp":"2026-05-05T17:23:31.248Z"}
{"level":"info","message":"⌛ Validating testMensajeros.wlk","timeElapsed":130,"timestamp":"2026-05-05T17:23:31.550Z"}
{"level":"info","message":"⌛ Building environment","timeElapsed":108,"timestamp":"2026-05-05T17:23:31.747Z"}
{"level":"info","message":"⌛ Validating testMensajeros.wlk","timeElapsed":121,"timestamp":"2026-05-05T17:23:31.869Z"}
{"level":"info","message":"⌛ Building environment","timeElapsed":134,"timestamp":"2026-05-05T17:23:32.004Z"}
{"level":"info","message":"⌛ Validating testMensajeros.wlk","timeElapsed":106,"timestamp":"2026-05-05T17:23:32.318Z"}
{"level":"info","message":"⌛ Validating testMensajeros.wlk","timeElapsed":103,"timestamp":"2026-05-05T17:23:32.592Z"}
{"level":"info","message":"⌛ Validating testMensajeros.wlk","timeElapsed":129,"timestamp":"2026-05-05T17:23:32.822Z"}
{"level":"info","message":"⌛ Validating testMensajeros.wlk","timeElapsed":101,"timestamp":"2026-05-05T17:23:33.642Z"}
{"level":"info","message":"⌛ Validating testMensajeros.wlk","timeElapsed":108,"timestamp":"2026-05-05T17:23:35.559Z"}
{"level":"info","message":"⌛ Validating testMensajeros.wlk","timeElapsed":113,"timestamp":"2026-05-05T17:23:36.004Z"}
{"level":"info","message":"⌛ Validating testMensajeros.wlk","timeElapsed":132,"timestamp":"2026-05-05T17:23:36.220Z"}
{"level":"info","message":"⌛ Validating testMensajeros.wlk","timeElapsed":136,"timestamp":"2026-05-05T17:23:36.445Z"}
{"level":"error","message":"✘ Failed to rebuild document Failed to parse testMensajeros.wlk: \n-- PARSING FAILED --------------------------------------------------\n\n  6 | test\n  7 | \n> 8 | }\n    | ^\n\nExpected one of the following: \n\nstring literal, whitespace\n","stack":"Error: Failed to parse testMensajeros.wlk: \n-- PARSING FAILED --------------------------------------------------\n\n  6 | test\n  7 | \n> 8 | }\n    | ^\n\nExpected one of the following: \n\nstring literal, whitespace\n\n    at c:\\Users\\E495\\.vscode\\extensions\\uqbar.wollok-lsp-ide-0.5.4\\out\\server\\src\\server.js:2353:13026\n    at Array.map (<anonymous>)\n    at U1n (c:\\Users\\E495\\.vscode\\extensions\\uqbar.wollok-lsp-ide-0.5.4\\out\\server\\src\\server.js:2353:12950)\n    at H2.buildEnvironmentFrom (c:\\Users\\E495\\.vscode\\extensions\\uqbar.wollok-lsp-ide-0.5.4\\out\\server\\src\\server.js:2398:5254)\n    at H2.updateEnvironmentWith (c:\\Users\\E495\\.vscode\\extensions\\uqbar.wollok-lsp-ide-0.5.4\\out\\server\\src\\server.js:2398:4989)\n    at GF (c:\\Users\\E495\\.vscode\\extensions\\uqbar.wollok-lsp-ide-0.5.4\\out\\server\\src\\server.js:2398:7383)\n    at V3.invoke (c:\\Users\\E495\\.vscode\\extensions\\uqbar.wollok-lsp-ide-0.5.4\\out\\server\\src\\server.js:3:157328)\n    at o.fire (c:\\Users\\E495\\.vscode\\extensions\\uqbar.wollok-lsp-ide-0.5.4\\out\\server\\src\\server.js:3:158098)\n    at c:\\Users\\E495\\.vscode\\extensions\\uqbar.wollok-lsp-ide-0.5.4\\out\\server\\src\\server.js:37:57871\n    at nd (c:\\Users\\E495\\.vscode\\extensions\\uqbar.wollok-lsp-ide-0.5.4\\out\\server\\src\\server.js:8:1561)","timestamp":"2026-05-05T17:23:36.449Z"}
{"level":"error","message":"✘ Failed to rebuild document Failed to parse testMensajeros.wlk: \n-- PARSING FAILED --------------------------------------------------\n\n  6 | test \n  7 | \n> 8 | }\n    | ^\n\nExpected one of the following: \n\nstring literal, whitespace\n","stack":"Error: Failed to parse testMensajeros.wlk: \n-- PARSING FAILED --------------------------------------------------\n\n  6 | test \n  7 | \n> 8 | }\n    | ^\n\nExpected one of the following: \n\nstring literal, whitespace\n\n    at c:\\Users\\E495\\.vscode\\extensions\\uqbar.wollok-lsp-ide-0.5.4\\out\\server\\src\\server.js:2353:13026\n    at Array.map (<anonymous>)\n    at U1n (c:\\Users\\E495\\.vscode\\extensions\\uqbar.wollok-lsp-ide-0.5.4\\out\\server\\src\\server.js:2353:12950)\n    at H2.buildEnvironmentFrom (c:\\Users\\E495\\.vscode\\extensions\\uqbar.wollok-lsp-ide-0.5.4\\out\\server\\src\\server.js:2398:5254)\n    at H2.updateEnvironmentWith (c:\\Users\\E495\\.vscode\\extensions\\uqbar.wollok-lsp-ide-0.5.4\\out\\server\\src\\server.js:2398:4989)\n    at GF (c:\\Users\\E495\\.vscode\\extensions\\uqbar.wollok-lsp-ide-0.5.4\\out\\server\\src\\server.js:2398:7383)\n    at V3.invoke (c:\\Users\\E495\\.vscode\\extensions\\uqbar.wollok-lsp-ide-0.5.4\\out\\server\\src\\server.js:3:157328)\n    at o.fire (c:\\Users\\E495\\.vscode\\extensions\\uqbar.wollok-lsp-ide-0.5.4\\out\\server\\src\\server.js:3:158098)\n    at c:\\Users\\E495\\.vscode\\extensions\\uqbar.wollok-lsp-ide-0.5.4\\out\\server\\src\\server.js:37:57871\n    at nd (c:\\Users\\E495\\.vscode\\extensions\\uqbar.wollok-lsp-ide-0.5.4\\out\\server\\src\\server.js:8:1561)","timestamp":"2026-05-05T17:23:36.714Z"}
{"level":"error","message":"✘ Failed to rebuild document Failed to parse testMensajeros.wlk: \n-- PARSING FAILED --------------------------------------------------\n\n  6 | test\n  7 | \n> 8 | }\n    | ^\n\nExpected one of the following: \n\nstring literal, whitespace\n","stack":"Error: Failed to parse testMensajeros.wlk: \n-- PARSING FAILED --------------------------------------------------\n\n  6 | test\n  7 | \n> 8 | }\n    | ^\n\nExpected one of the following: \n\nstring literal, whitespace\n\n    at c:\\Users\\E495\\.vscode\\extensions\\uqbar.wollok-lsp-ide-0.5.4\\out\\server\\src\\server.js:2353:13026\n    at Array.map (<anonymous>)\n    at U1n (c:\\Users\\E495\\.vscode\\extensions\\uqbar.wollok-lsp-ide-0.5.4\\out\\server\\src\\server.js:2353:12950)\n    at H2.buildEnvironmentFrom (c:\\Users\\E495\\.vscode\\extensions\\uqbar.wollok-lsp-ide-0.5.4\\out\\server\\src\\server.js:2398:5254)\n    at H2.updateEnvironmentWith (c:\\Users\\E495\\.vscode\\extensions\\uqbar.wollok-lsp-ide-0.5.4\\out\\server\\src\\server.js:2398:4989)\n    at GF (c:\\Users\\E495\\.vscode\\extensions\\uqbar.wollok-lsp-ide-0.5.4\\out\\server\\src\\server.js:2398:7383)\n    at V3.invoke (c:\\Users\\E495\\.vscode\\extensions\\uqbar.wollok-lsp-ide-0.5.4\\out\\server\\src\\server.js:3:157328)\n    at o.fire (c:\\Users\\E495\\.vscode\\extensions\\uqbar.wollok-lsp-ide-0.5.4\\out\\server\\src\\server.js:3:158098)\n    at c:\\Users\\E495\\.vscode\\extensions\\uqbar.wollok-lsp-ide-0.5.4\\out\\server\\src\\server.js:37:57871\n    at nd (c:\\Users\\E495\\.vscode\\extensions\\uqbar.wollok-lsp-ide-0.5.4\\out\\server\\src\\server.js:8:1561)","timestamp":"2026-05-05T17:23:37.985Z"}
{"level":"error","message":"✘ Failed to rebuild document Failed to parse testMensajeros.wlk: \n-- PARSING FAILED --------------------------------------------------\n\n  6 | test \n  7 | \n> 8 | }\n    | ^\n\nExpected one of the following: \n\nstring literal, whitespace\n","stack":"Error: Failed to parse testMensajeros.wlk: \n-- PARSING FAILED --------------------------------------------------\n\n  6 | test \n  7 | \n> 8 | }\n    | ^\n\nExpected one of the following: \n\nstring literal, whitespace\n\n    at c:\\Users\\E495\\.vscode\\extensions\\uqbar.wollok-lsp-ide-0.5.4\\out\\server\\src\\server.js:2353:13026\n    at Array.map (<anonymous>)\n    at U1n (c:\\Users\\E495\\.vscode\\extensions\\uqbar.wollok-lsp-ide-0.5.4\\out\\server\\src\\server.js:2353:12950)\n    at H2.buildEnvironmentFrom (c:\\Users\\E495\\.vscode\\extensions\\uqbar.wollok-lsp-ide-0.5.4\\out\\server\\src\\server.js:2398:5254)\n    at H2.updateEnvironmentWith (c:\\Users\\E495\\.vscode\\extensions\\uqbar.wollok-lsp-ide-0.5.4\\out\\server\\src\\server.js:2398:4989)\n    at GF (c:\\Users\\E495\\.vscode\\extensions\\uqbar.wollok-lsp-ide-0.5.4\\out\\server\\src\\server.js:2398:7383)\n    at V3.invoke (c:\\Users\\E495\\.vscode\\extensions\\uqbar.wollok-lsp-ide-0.5.4\\out\\server\\src\\server.js:3:157328)\n    at o.fire (c:\\Users\\E495\\.vscode\\extensions\\uqbar.wollok-lsp-ide-0.5.4\\out\\server\\src\\server.js:3:158098)\n    at c:\\Users\\E495\\.vscode\\extensions\\uqbar.wollok-lsp-ide-0.5.4\\out\\server\\src\\server.js:37:57871\n    at nd (c:\\Users\\E495\\.vscode\\extensions\\uqbar.wollok-lsp-ide-0.5.4\\out\\server\\src\\server.js:8:1561)","timestamp":"2026-05-05T17:23:38.523Z"}
{"level":"error","message":"✘ Failed to rebuild document Failed to parse testMensajeros.wlk: \n-- PARSING FAILED --------------------------------------------------\n\n  6 | test \"\"\n  7 | \n> 8 | }\n    | ^\n\nExpected one of the following: \n\n'@', '{', comment, whitespace\n","stack":"Error: Failed to parse testMensajeros.wlk: \n-- PARSING FAILED --------------------------------------------------\n\n  6 | test \"\"\n  7 | \n> 8 | }\n    | ^\n\nExpected one of the following: \n\n'@', '{', comment, whitespace\n\n    at c:\\Users\\E495\\.vscode\\extensions\\uqbar.wollok-lsp-ide-0.5.4\\out\\server\\src\\server.js:2353:13026\n    at Array.map (<anonymous>)\n    at U1n (c:\\Users\\E495\\.vscode\\extensions\\uqbar.wollok-lsp-ide-0.5.4\\out\\server\\src\\server.js:2353:12950)\n    at H2.buildEnvironmentFrom (c:\\Users\\E495\\.vscode\\extensions\\uqbar.wollok-lsp-ide-0.5.4\\out\\server\\src\\server.js:2398:5254)\n    at H2.updateEnvironmentWith (c:\\Users\\E495\\.vscode\\extensions\\uqbar.wollok-lsp-ide-0.5.4\\out\\server\\src\\server.js:2398:4989)\n    at GF (c:\\Users\\E495\\.vscode\\extensions\\uqbar.wollok-lsp-ide-0.5.4\\out\\server\\src\\server.js:2398:7383)\n    at V3.invoke (c:\\Users\\E495\\.vscode\\extensions\\uqbar.wollok-lsp-ide-0.5.4\\out\\server\\src\\server.js:3:157328)\n    at o.fire (c:\\Users\\E495\\.vscode\\extensions\\uqbar.wollok-lsp-ide-0.5.4\\out\\server\\src\\server.js:3:158098)\n    at c:\\Users\\E495\\.vscode\\extensions\\uqbar.wollok-lsp-ide-0.5.4\\out\\server\\src\\server.js:37:57871\n    at nd (c:\\Users\\E495\\.vscode\\extensions\\uqbar.wollok-lsp-ide-0.5.4\\out\\server\\src\\server.js:8:1561)","timestamp":"2026-05-05T17:23:39.469Z"}
{"level":"error","message":"✘ Failed to rebuild document Failed to parse testMensajeros.wlk: \n-- PARSING FAILED --------------------------------------------------\n\n  6 | test \"\"\n  7 | \n> 8 | }\n    | ^\n\nExpected one of the following: \n\n'@', '{', comment, whitespace\n","stack":"Error: Failed to parse testMensajeros.wlk: \n-- PARSING FAILED --------------------------------------------------\n\n  6 | test \"\"\n  7 | \n> 8 | }\n    | ^\n\nExpected one of the following: \n\n'@', '{', comment, whitespace\n\n    at c:\\Users\\E495\\.vscode\\extensions\\uqbar.wollok-lsp-ide-0.5.4\\out\\server\\src\\server.js:2353:13026\n    at Array.map (<anonymous>)\n    at U1n (c:\\Users\\E495\\.vscode\\extensions\\uqbar.wollok-lsp-ide-0.5.4\\out\\server\\src\\server.js:2353:12950)\n    at H2.buildEnvironmentFrom (c:\\Users\\E495\\.vscode\\extensions\\uqbar.wollok-lsp-ide-0.5.4\\out\\server\\src\\server.js:2398:5254)\n    at H2.updateEnvironmentWith (c:\\Users\\E495\\.vscode\\extensions\\uqbar.wollok-lsp-ide-0.5.4\\out\\server\\src\\server.js:2398:4989)\n    at GF (c:\\Users\\E495\\.vscode\\extensions\\uqbar.wollok-lsp-ide-0.5.4\\out\\server\\src\\server.js:2398:7383)\n    at V3.invoke (c:\\Users\\E495\\.vscode\\extensions\\uqbar.wollok-lsp-ide-0.5.4\\out\\server\\src\\server.js:3:157328)\n    at o.fire (c:\\Users\\E495\\.vscode\\extensions\\uqbar.wollok-lsp-ide-0.5.4\\out\\server\\src\\server.js:3:158098)\n    at c:\\Users\\E495\\.vscode\\extensions\\uqbar.wollok-lsp-ide-0.5.4\\out\\server\\src\\server.js:37:57871\n    at nd (c:\\Users\\E495\\.vscode\\extensions\\uqbar.wollok-lsp-ide-0.5.4\\out\\server\\src\\server.js:8:1561)","timestamp":"2026-05-05T17:23:39.662Z"}
{"level":"error","message":"✘ Failed to rebuild document Failed to parse testMensajeros.wlk: \n-- PARSING FAILED --------------------------------------------------\n\n  6 | test \"\" \n  7 | \n> 8 | }\n    | ^\n\nExpected one of the following: \n\n'@', '{', comment, whitespace\n","stack":"Error: Failed to parse testMensajeros.wlk: \n-- PARSING FAILED --------------------------------------------------\n\n  6 | test \"\" \n  7 | \n> 8 | }\n    | ^\n\nExpected one of the following: \n\n'@', '{', comment, whitespace\n\n    at c:\\Users\\E495\\.vscode\\extensions\\uqbar.wollok-lsp-ide-0.5.4\\out\\server\\src\\server.js:2353:13026\n    at Array.map (<anonymous>)\n    at U1n (c:\\Users\\E495\\.vscode\\extensions\\uqbar.wollok-lsp-ide-0.5.4\\out\\server\\src\\server.js:2353:12950)\n    at H2.buildEnvironmentFrom (c:\\Users\\E495\\.vscode\\extensions\\uqbar.wollok-lsp-ide-0.5.4\\out\\server\\src\\server.js:2398:5254)\n    at H2.updateEnvironmentWith (c:\\Users\\E495\\.vscode\\extensions\\uqbar.wollok-lsp-ide-0.5.4\\out\\server\\src\\server.js:2398:4989)\n    at GF (c:\\Users\\E495\\.vscode\\extensions\\uqbar.wollok-lsp-ide-0.5.4\\out\\server\\src\\server.js:2398:7383)\n    at V3.invoke (c:\\Users\\E495\\.vscode\\extensions\\uqbar.wollok-lsp-ide-0.5.4\\out\\server\\src\\server.js:3:157328)\n    at o.fire (c:\\Users\\E495\\.vscode\\extensions\\uqbar.wollok-lsp-ide-0.5.4\\out\\server\\src\\server.js:3:158098)\n    at c:\\Users\\E495\\.vscode\\extensions\\uqbar.wollok-lsp-ide-0.5.4\\out\\server\\src\\server.js:37:57871\n    at nd (c:\\Users\\E495\\.vscode\\extensions\\uqbar.wollok-lsp-ide-0.5.4\\out\\server\\src\\server.js:8:1561)","timestamp":"2026-05-05T17:23:40.448Z"}
{"level":"info","message":"⌛ Building environment","timeElapsed":107,"timestamp":"2026-05-05T17:23:41.047Z"}
{"level":"info","message":"⌛ Validating testMensajeros.wlk","timeElapsed":116,"timestamp":"2026-05-05T17:23:41.164Z"}
{"level":"info","message":"⌛ Validating testMensajeros.wlk","timeElapsed":112,"timestamp":"2026-05-05T17:23:41.398Z"}
{"level":"info","message":"⌛ Validating testMensajeros.wlk","timeElapsed":109,"timestamp":"2026-05-05T17:23:52.851Z"}
{"level":"info","message":"⌛ Validating testMensajeros.wlk","timeElapsed":106,"timestamp":"2026-05-05T17:23:53.793Z"}
{"level":"info","message":"⌛ Validating testMensajeros.wlk","timeElapsed":118,"timestamp":"2026-05-05T17:23:54.331Z"}
{"level":"info","message":"⌛ Validating testMensajeros.wlk","timeElapsed":105,"timestamp":"2026-05-05T17:23:54.520Z"}
{"level":"info","message":"⌛ Validating testMensajeros.wlk","timeElapsed":112,"timestamp":"2026-05-05T17:23:54.711Z"}
{"level":"info","message":"⌛ Validating testMensajeros.wlk","timeElapsed":126,"timestamp":"2026-05-05T17:23:54.954Z"}
{"level":"info","message":"⌛ Building environment","timeElapsed":148,"timestamp":"2026-05-05T17:23:55.671Z"}
{"level":"info","message":"⌛ Validating testMensajeros.wlk","timeElapsed":115,"timestamp":"2026-05-05T17:23:55.913Z"}
{"level":"info","message":"⌛ Building environment","timeElapsed":111,"timestamp":"2026-05-05T17:23:56.401Z"}
{"level":"info","message":"⌛ Validating testMensajeros.wlk","timeElapsed":105,"timestamp":"2026-05-05T17:23:56.507Z"}
{"level":"info","message":"⌛ Validating testMensajeros.wlk","timeElapsed":101,"timestamp":"2026-05-05T17:23:56.841Z"}
{"level":"info","message":"⌛ Validating testMensajeros.wlk","timeElapsed":111,"timestamp":"2026-05-05T17:23:57.065Z"}
{"level":"info","message":"⌛ Building environment","timeElapsed":108,"timestamp":"2026-05-05T17:23:57.174Z"}
{"level":"info","message":"⌛ Validating testMensajeros.wlk","timeElapsed":111,"timestamp":"2026-05-05T17:23:57.286Z"}
{"level":"info","message":"⌛ Validating testMensajeros.wlk","timeElapsed":111,"timestamp":"2026-05-05T17:23:57.601Z"}
{"level":"info","message":"⌛ Validating testMensajeros.wlk","timeElapsed":109,"timestamp":"2026-05-05T17:23:57.983Z"}
{"level":"info","message":"⌛ Validating testMensajeros.wlk","timeElapsed":124,"timestamp":"2026-05-05T17:23:58.108Z"}
{"level":"info","message":"⌛ Validating testMensajeros.wlk","timeElapsed":115,"timestamp":"2026-05-05T17:23:58.731Z"}
{"level":"info","message":"⌛ Validating testMensajeros.wlk","timeElapsed":120,"timestamp":"2026-05-05T17:23:59.054Z"}
{"level":"info","message":"⌛ Building environment","timeElapsed":109,"timestamp":"2026-05-05T17:23:59.470Z"}
{"level":"info","message":"⌛ Validating testMensajeros.wlk","timeElapsed":112,"timestamp":"2026-05-05T17:23:59.618Z"}
{"level":"info","message":"⌛ Validating testMensajeros.wlk","timeElapsed":102,"timestamp":"2026-05-05T17:23:59.800Z"}
{"level":"info","message":"⌛ Validating testMensajeros.wlk","timeElapsed":118,"timestamp":"2026-05-05T17:24:00.141Z"}
{"level":"info","message":"⌛ Building environment","timeElapsed":108,"timestamp":"2026-05-05T17:24:00.251Z"}
{"level":"info","message":"⌛ Validating testMensajeros.wlk","timeElapsed":121,"timestamp":"2026-05-05T17:24:00.372Z"}
{"level":"info","message":"⌛ Validating testMensajeros.wlk","timeElapsed":106,"timestamp":"2026-05-05T17:24:00.483Z"}
{"level":"info","message":"⌛ Validating testMensajeros.wlk","timeElapsed":102,"timestamp":"2026-05-05T17:24:00.735Z"}
{"level":"info","message":"⌛ Validating testMensajeros.wlk","timeElapsed":172,"timestamp":"2026-05-05T17:24:00.906Z"}
{"level":"info","message":"⌛ Validating testMensajeros.wlk","timeElapsed":111,"timestamp":"2026-05-05T17:24:01.401Z"}
{"level":"info","message":"⌛ Validating testMensajeros.wlk","timeElapsed":117,"timestamp":"2026-05-05T17:24:01.851Z"}
{"level":"info","message":"⌛ Validating testMensajeros.wlk","timeElapsed":111,"timestamp":"2026-05-05T17:24:04.289Z"}
{"level":"info","message":"⌛ Validating testMensajeros.wlk","timeElapsed":122,"timestamp":"2026-05-05T17:24:04.919Z"}
{"level":"info","message":"⌛ Validating testMensajeros.wlk","timeElapsed":106,"timestamp":"2026-05-05T17:24:05.140Z"}
{"level":"info","message":"⌛ Validating testMensajeros.wlk","timeElapsed":117,"timestamp":"2026-05-05T17:24:05.363Z"}
{"level":"info","message":"⌛ Validating testMensajeros.wlk","timeElapsed":128,"timestamp":"2026-05-05T17:24:05.608Z"}
{"level":"info","message":"⌛ Validating testMensajeros.wlk","timeElapsed":113,"timestamp":"2026-05-05T17:24:05.829Z"}
{"level":"info","message":"⌛ Validating testMensajeros.wlk","timeElapsed":108,"timestamp":"2026-05-05T17:24:06.026Z"}
{"level":"info","message":"⌛ Validating testMensajeros.wlk","timeElapsed":123,"timestamp":"2026-05-05T17:24:06.325Z"}
{"level":"info","message":"⌛ Validating testMensajeros.wlk","timeElapsed":102,"timestamp":"2026-05-05T17:24:06.578Z"}
{"level":"info","message":"⌛ Validating testMensajeros.wlk","timeElapsed":108,"timestamp":"2026-05-05T17:24:07.651Z"}
{"level":"info","message":"⌛ Validating testMensajeros.wlk","timeElapsed":110,"timestamp":"2026-05-05T17:24:07.852Z"}
{"level":"info","message":"⌛ Validating testMensajeros.wlk","timeElapsed":105,"timestamp":"2026-05-05T17:24:08.039Z"}
{"level":"info","message":"⌛ Validating testMensajeros.wlk","timeElapsed":109,"timestamp":"2026-05-05T17:24:08.234Z"}
{"level":"info","message":"⌛ Building environment","timeElapsed":113,"timestamp":"2026-05-05T17:24:08.348Z"}
{"level":"info","message":"⌛ Building environment","timeElapsed":139,"timestamp":"2026-05-05T17:24:08.520Z"}
{"level":"info","message":"⌛ Validating testMensajeros.wlk","timeElapsed":175,"timestamp":"2026-05-05T17:24:08.695Z"}
{"level":"info","message":"⌛ Validating testMensajeros.wlk","timeElapsed":104,"timestamp":"2026-05-05T17:24:08.880Z"}
{"level":"info","message":"⌛ Validating testMensajeros.wlk","timeElapsed":103,"timestamp":"2026-05-05T17:24:09.141Z"}
{"level":"info","message":"⌛ Validating testMensajeros.wlk","timeElapsed":112,"timestamp":"2026-05-05T17:24:09.381Z"}
{"level":"info","message":"⌛ Validating testMensajeros.wlk","timeElapsed":107,"timestamp":"2026-05-05T17:24:09.702Z"}
{"level":"info","message":"⌛ Validating testMensajeros.wlk","timeElapsed":121,"timestamp":"2026-05-05T17:24:10.118Z"}
{"level":"info","message":"⌛ Validating testMensajeros.wlk","timeElapsed":108,"timestamp":"2026-05-05T17:24:10.498Z"}
{"level":"info","message":"⌛ Validating testMensajeros.wlk","timeElapsed":111,"timestamp":"2026-05-05T17:24:10.644Z"}
{"level":"info","message":"⌛ Building environment","timeElapsed":111,"timestamp":"2026-05-05T17:24:11.505Z"}
{"level":"info","message":"⌛ Validating testMensajeros.wlk","timeElapsed":105,"timestamp":"2026-05-05T17:24:11.639Z"}
{"level":"info","message":"⌛ Validating testMensajeros.wlk","timeElapsed":106,"timestamp":"2026-05-05T17:24:11.892Z"}
{"level":"info","message":"⌛ Validating testMensajeros.wlk","timeElapsed":103,"timestamp":"2026-05-05T17:24:12.057Z"}
{"level":"info","message":"⌛ Building environment","timeElapsed":132,"timestamp":"2026-05-05T17:24:51.349Z"}
{"level":"info","message":"⌛ Validating paquetes.wlk","timeElapsed":202,"timestamp":"2026-05-05T17:24:51.558Z"}
{"level":"info","message":"⌛ Validating paquetes.wlk","timeElapsed":109,"timestamp":"2026-05-05T17:24:59.782Z"}
{"level":"info","message":"⌛ Validating paquetes.wlk","timeElapsed":111,"timestamp":"2026-05-05T17:25:00.085Z"}
{"level":"info","message":"⌛ Building environment","timeElapsed":115,"timestamp":"2026-05-05T17:25:00.201Z"}
{"level":"info","message":"⌛ Validating paquetes.wlk","timeElapsed":130,"timestamp":"2026-05-05T17:25:00.411Z"}
{"level":"info","message":"⌛ Validating paquetes.wlk","timeElapsed":105,"timestamp":"2026-05-05T17:25:00.517Z"}
{"level":"info","message":"⌛ Validating paquetes.wlk","timeElapsed":114,"timestamp":"2026-05-05T17:25:00.840Z"}
{"level":"info","message":"⌛ Validating paquetes.wlk","timeElapsed":105,"timestamp":"2026-05-05T17:25:00.945Z"}
{"level":"info","message":"⌛ Validating paquetes.wlk","timeElapsed":108,"timestamp":"2026-05-05T17:25:01.141Z"}
{"level":"info","message":"⌛ Validating paquetes.wlk","timeElapsed":111,"timestamp":"2026-05-05T17:25:01.682Z"}
{"level":"info","message":"⌛ Building environment","timeElapsed":117,"timestamp":"2026-05-05T17:25:01.800Z"}
{"level":"info","message":"⌛ Validating paquetes.wlk","timeElapsed":106,"timestamp":"2026-05-05T17:25:01.935Z"}
{"level":"info","message":"⌛ Validating paquetes.wlk","timeElapsed":123,"timestamp":"2026-05-05T17:25:02.199Z"}
{"level":"info","message":"⌛ Validating paquetes.wlk","timeElapsed":109,"timestamp":"2026-05-05T17:25:02.427Z"}
{"level":"info","message":"⌛ Validating paquetes.wlk","timeElapsed":109,"timestamp":"2026-05-05T17:25:02.713Z"}
{"level":"info","message":"⌛ Validating paquetes.wlk","timeElapsed":143,"timestamp":"2026-05-05T17:25:02.894Z"}
{"level":"info","message":"⌛ Validating paquetes.wlk","timeElapsed":121,"timestamp":"2026-05-05T17:25:03.227Z"}
{"level":"info","message":"⌛ Building environment","timeElapsed":125,"timestamp":"2026-05-05T17:25:03.488Z"}
{"level":"info","message":"⌛ Validating paquetes.wlk","timeElapsed":103,"timestamp":"2026-05-05T17:25:03.596Z"}
{"level":"info","message":"⌛ Validating paquetes.wlk","timeElapsed":111,"timestamp":"2026-05-05T17:25:03.924Z"}
{"level":"info","message":"⌛ Validating paquetes.wlk","timeElapsed":126,"timestamp":"2026-05-05T17:25:04.252Z"}
{"level":"info","message":"⌛ Validating paquetes.wlk","timeElapsed":113,"timestamp":"2026-05-05T17:26:44.473Z"}
{"level":"info","message":"⌛ Building environment","timeElapsed":121,"timestamp":"2026-05-05T17:26:44.596Z"}
{"level":"info","message":"⌛ Validating paquetes.wlk","timeElapsed":143,"timestamp":"2026-05-05T17:26:44.826Z"}
{"level":"info","message":"⌛ Validating paquetes.wlk","timeElapsed":106,"timestamp":"2026-05-05T17:26:45.201Z"}
{"level":"info","message":"⌛ Building environment","timeElapsed":149,"timestamp":"2026-05-05T17:26:45.350Z"}
{"level":"info","message":"⌛ Validating paquetes.wlk","timeElapsed":118,"timestamp":"2026-05-05T17:26:45.473Z"}
{"level":"info","message":"⌛ Validating paquetes.wlk","timeElapsed":104,"timestamp":"2026-05-05T17:26:45.611Z"}
{"level":"info","message":"⌛ Building environment","timeElapsed":104,"timestamp":"2026-05-05T17:26:45.904Z"}
{"level":"info","message":"⌛ Validating paquetes.wlk","timeElapsed":132,"timestamp":"2026-05-05T17:26:46.037Z"}
{"level":"info","message":"⌛ Validating paquetes.wlk","timeElapsed":125,"timestamp":"2026-05-05T17:26:46.345Z"}
{"level":"info","message":"⌛ Validating paquetes.wlk","timeElapsed":134,"timestamp":"2026-05-05T17:26:46.568Z"}
{"level":"info","message":"⌛ Building environment","timeElapsed":102,"timestamp":"2026-05-05T17:26:46.671Z"}
{"level":"info","message":"⌛ Validating paquetes.wlk","timeElapsed":119,"timestamp":"2026-05-05T17:26:46.896Z"}
{"level":"info","message":"⌛ Validating paquetes.wlk","timeElapsed":120,"timestamp":"2026-05-05T17:26:47.053Z"}
{"level":"info","message":"⌛ Validating paquetes.wlk","timeElapsed":114,"timestamp":"2026-05-05T17:26:47.470Z"}
{"level":"info","message":"⌛ Validating paquetes.wlk","timeElapsed":120,"timestamp":"2026-05-05T17:26:47.930Z"}
{"level":"info","message":"⌛ Validating paquetes.wlk","timeElapsed":111,"timestamp":"2026-05-05T17:26:48.158Z"}
{"level":"info","message":"⌛ Validating paquetes.wlk","timeElapsed":101,"timestamp":"2026-05-05T17:26:48.972Z"}
{"level":"info","message":"⌛ Validating paquetes.wlk","timeElapsed":138,"timestamp":"2026-05-05T17:26:49.578Z"}
{"level":"info","message":"⌛ Validating paquetes.wlk","timeElapsed":123,"timestamp":"2026-05-05T17:26:49.824Z"}
{"level":"info","message":"⌛ Validating paquetes.wlk","timeElapsed":109,"timestamp":"2026-05-05T17:26:52.502Z"}
{"level":"info","message":"⌛ Validating paquetes.wlk","timeElapsed":103,"timestamp":"2026-05-05T17:26:52.857Z"}
{"level":"info","message":"⌛ Validating paquetes.wlk","timeElapsed":111,"timestamp":"2026-05-05T17:26:54.343Z"}
{"level":"info","message":"⌛ Validating paquetes.wlk","timeElapsed":115,"timestamp":"2026-05-05T17:26:55.876Z"}
{"level":"info","message":"⌛ Validating paquetes.wlk","timeElapsed":114,"timestamp":"2026-05-05T17:26:56.290Z"}
{"level":"info","message":"⌛ Validating paquetes.wlk","timeElapsed":107,"timestamp":"2026-05-05T17:26:56.792Z"}
{"level":"info","message":"⌛ Validating paquetes.wlk","timeElapsed":109,"timestamp":"2026-05-05T17:26:57.266Z"}
{"level":"info","message":"⌛ Validating paquetes.wlk","timeElapsed":113,"timestamp":"2026-05-05T17:26:58.168Z"}
{"level":"info","message":"⌛ Building environment","timeElapsed":125,"timestamp":"2026-05-05T17:26:58.322Z"}
{"level":"info","message":"⌛ Validating paquetes.wlk","timeElapsed":106,"timestamp":"2026-05-05T17:26:58.462Z"}
{"level":"info","message":"⌛ Validating paquetes.wlk","timeElapsed":119,"timestamp":"2026-05-05T17:26:59.421Z"}
{"level":"info","message":"⌛ Validating paquetes.wlk","timeElapsed":107,"timestamp":"2026-05-05T17:26:59.646Z"}
{"level":"info","message":"⌛ Validating paquetes.wlk","timeElapsed":109,"timestamp":"2026-05-05T17:27:00.140Z"}
{"level":"info","message":"⌛ Validating paquetes.wlk","timeElapsed":143,"timestamp":"2026-05-05T17:27:00.715Z"}
{"level":"info","message":"⌛ Validating paquetes.wlk","timeElapsed":102,"timestamp":"2026-05-05T17:27:01.365Z"}
{"level":"info","message":"⌛ Validating paquetes.wlk","timeElapsed":101,"timestamp":"2026-05-05T17:27:01.544Z"}
{"level":"info","message":"⌛ Validating paquetes.wlk","timeElapsed":120,"timestamp":"2026-05-05T17:27:01.735Z"}
{"level":"info","message":"⌛ Validating paquetes.wlk","timeElapsed":107,"timestamp":"2026-05-05T17:27:01.997Z"}
{"level":"info","message":"⌛ Validating paquetes.wlk","timeElapsed":103,"timestamp":"2026-05-05T17:27:02.369Z"}
{"level":"info","message":"⌛ Validating paquetes.wlk","timeElapsed":106,"timestamp":"2026-05-05T17:27:02.476Z"}
{"level":"info","message":"⌛ Validating paquetes.wlk","timeElapsed":115,"timestamp":"2026-05-05T17:27:02.887Z"}
{"level":"info","message":"⌛ Validating paquetes.wlk","timeElapsed":105,"timestamp":"2026-05-05T17:27:03.938Z"}
{"level":"info","message":"⌛ Validating paquetes.wlk","timeElapsed":103,"timestamp":"2026-05-05T17:27:04.829Z"}
{"level":"info","message":"⌛ Validating paquetes.wlk","timeElapsed":109,"timestamp":"2026-05-05T17:27:05.325Z"}
{"level":"info","message":"⌛ Validating paquetes.wlk","timeElapsed":102,"timestamp":"2026-05-05T17:27:05.613Z"}
{"level":"info","message":"⌛ Building environment","timeElapsed":117,"timestamp":"2026-05-05T17:27:05.818Z"}
{"level":"info","message":"⌛ Validating paquetes.wlk","timeElapsed":109,"timestamp":"2026-05-05T17:27:05.952Z"}
{"level":"info","message":"⌛ Validating paquetes.wlk","timeElapsed":114,"timestamp":"2026-05-05T17:27:07.406Z"}
{"level":"info","message":"⌛ Validating paquetes.wlk","timeElapsed":127,"timestamp":"2026-05-05T17:27:08.883Z"}
{"level":"info","message":"⌛ Validating paquetes.wlk","timeElapsed":122,"timestamp":"2026-05-05T17:27:09.165Z"}
{"level":"info","message":"⌛ Building environment","timeElapsed":103,"timestamp":"2026-05-05T17:27:09.402Z"}
{"level":"info","message":"⌛ Validating paquetes.wlk","timeElapsed":106,"timestamp":"2026-05-05T17:27:09.513Z"}
{"level":"error","message":"✘ Completions for node Return (undefined - paquetes.wlk) failed: Error: [Return]{09a51c} at paquetes.wlk:-- exhausted all cases without a match [Return]{09a51c} at paquetes.wlk:-- exhausted all cases without a match","stack":"Error: [Return]{09a51c} at paquetes.wlk:-- exhausted all cases without a match\n    at c:\\Users\\E495\\.vscode\\extensions\\uqbar.wollok-lsp-ide-0.5.4\\out\\server\\src\\server.js:38:6142\n    at L2 (c:\\Users\\E495\\.vscode\\extensions\\uqbar.wollok-lsp-ide-0.5.4\\out\\server\\src\\server.js:2389:42)\n    at Jh (c:\\Users\\E495\\.vscode\\extensions\\uqbar.wollok-lsp-ide-0.5.4\\out\\server\\src\\server.js:2389:1092)\n    at M5n (c:\\Users\\E495\\.vscode\\extensions\\uqbar.wollok-lsp-ide-0.5.4\\out\\server\\src\\server.js:2389:1248)\n    at c:\\Users\\E495\\.vscode\\extensions\\uqbar.wollok-lsp-ide-0.5.4\\out\\server\\src\\server.js:38:6131\n    at L2 (c:\\Users\\E495\\.vscode\\extensions\\uqbar.wollok-lsp-ide-0.5.4\\out\\server\\src\\server.js:2389:42)\n    at c:\\Users\\E495\\.vscode\\extensions\\uqbar.wollok-lsp-ide-0.5.4\\out\\server\\src\\server.js:2389:2988\n    at c:\\Users\\E495\\.vscode\\extensions\\uqbar.wollok-lsp-ide-0.5.4\\out\\server\\src\\server.js:2398:8440\n    at c:\\Users\\E495\\.vscode\\extensions\\uqbar.wollok-lsp-ide-0.5.4\\out\\server\\src\\server.js:37:74872\n    at Ke (c:\\Users\\E495\\.vscode\\extensions\\uqbar.wollok-lsp-ide-0.5.4\\out\\server\\src\\server.js:7:8527)","timestamp":"2026-05-05T17:27:13.146Z"}
{"level":"info","message":"⌛ Validating paquetes.wlk","timeElapsed":108,"timestamp":"2026-05-05T17:27:13.259Z"}
{"level":"info","message":"⌛ Validating paquetes.wlk","timeElapsed":109,"timestamp":"2026-05-05T17:27:13.444Z"}
{"level":"info","message":"⌛ Building environment","timeElapsed":144,"timestamp":"2026-05-05T17:27:13.721Z"}
{"level":"info","message":"⌛ Validating paquetes.wlk","timeElapsed":127,"timestamp":"2026-05-05T17:27:13.852Z"}
{"level":"error","message":"✘ Completions for node Return (undefined - paquetes.wlk) failed: Error: [Return]{06eaee} at paquetes.wlk:-- exhausted all cases without a match [Return]{06eaee} at paquetes.wlk:-- exhausted all cases without a match","stack":"Error: [Return]{06eaee} at paquetes.wlk:-- exhausted all cases without a match\n    at c:\\Users\\E495\\.vscode\\extensions\\uqbar.wollok-lsp-ide-0.5.4\\out\\server\\src\\server.js:38:6142\n    at L2 (c:\\Users\\E495\\.vscode\\extensions\\uqbar.wollok-lsp-ide-0.5.4\\out\\server\\src\\server.js:2389:42)\n    at Jh (c:\\Users\\E495\\.vscode\\extensions\\uqbar.wollok-lsp-ide-0.5.4\\out\\server\\src\\server.js:2389:1092)\n    at M5n (c:\\Users\\E495\\.vscode\\extensions\\uqbar.wollok-lsp-ide-0.5.4\\out\\server\\src\\server.js:2389:1248)\n    at c:\\Users\\E495\\.vscode\\extensions\\uqbar.wollok-lsp-ide-0.5.4\\out\\server\\src\\server.js:38:6131\n    at L2 (c:\\Users\\E495\\.vscode\\extensions\\uqbar.wollok-lsp-ide-0.5.4\\out\\server\\src\\server.js:2389:42)\n    at c:\\Users\\E495\\.vscode\\extensions\\uqbar.wollok-lsp-ide-0.5.4\\out\\server\\src\\server.js:2389:2988\n    at c:\\Users\\E495\\.vscode\\extensions\\uqbar.wollok-lsp-ide-0.5.4\\out\\server\\src\\server.js:2398:8440\n    at c:\\Users\\E495\\.vscode\\extensions\\uqbar.wollok-lsp-ide-0.5.4\\out\\server\\src\\server.js:37:74872\n    at Ke (c:\\Users\\E495\\.vscode\\extensions\\uqbar.wollok-lsp-ide-0.5.4\\out\\server\\src\\server.js:7:8527)","timestamp":"2026-05-05T17:27:14.188Z"}
{"level":"info","message":"⌛ Validating paquetes.wlk","timeElapsed":105,"timestamp":"2026-05-05T17:27:14.297Z"}
{"level":"error","message":"✘ Completions for node Return (undefined - paquetes.wlk) failed: Error: [Return]{298ded} at paquetes.wlk:-- exhausted all cases without a match [Return]{298ded} at paquetes.wlk:-- exhausted all cases without a match","stack":"Error: [Return]{298ded} at paquetes.wlk:-- exhausted all cases without a match\n    at c:\\Users\\E495\\.vscode\\extensions\\uqbar.wollok-lsp-ide-0.5.4\\out\\server\\src\\server.js:38:6142\n    at L2 (c:\\Users\\E495\\.vscode\\extensions\\uqbar.wollok-lsp-ide-0.5.4\\out\\server\\src\\server.js:2389:42)\n    at Jh (c:\\Users\\E495\\.vscode\\extensions\\uqbar.wollok-lsp-ide-0.5.4\\out\\server\\src\\server.js:2389:1092)\n    at M5n (c:\\Users\\E495\\.vscode\\extensions\\uqbar.wollok-lsp-ide-0.5.4\\out\\server\\src\\server.js:2389:1248)\n    at c:\\Users\\E495\\.vscode\\extensions\\uqbar.wollok-lsp-ide-0.5.4\\out\\server\\src\\server.js:38:6131\n    at L2 (c:\\Users\\E495\\.vscode\\extensions\\uqbar.wollok-lsp-ide-0.5.4\\out\\server\\src\\server.js:2389:42)\n    at c:\\Users\\E495\\.vscode\\extensions\\uqbar.wollok-lsp-ide-0.5.4\\out\\server\\src\\server.js:2389:2988\n    at c:\\Users\\E495\\.vscode\\extensions\\uqbar.wollok-lsp-ide-0.5.4\\out\\server\\src\\server.js:2398:8440\n    at c:\\Users\\E495\\.vscode\\extensions\\uqbar.wollok-lsp-ide-0.5.4\\out\\server\\src\\server.js:37:74872\n    at Ke (c:\\Users\\E495\\.vscode\\extensions\\uqbar.wollok-lsp-ide-0.5.4\\out\\server\\src\\server.js:7:8527)","timestamp":"2026-05-05T17:27:14.513Z"}
{"level":"info","message":"⌛ Validating paquetes.wlk","timeElapsed":114,"timestamp":"2026-05-05T17:27:14.880Z"}
{"level":"info","message":"⌛ Validating paquetes.wlk","timeElapsed":116,"timestamp":"2026-05-05T17:27:15.154Z"}
{"level":"error","message":"✘ Completions for node Return (undefined - paquetes.wlk) failed: Error: [Return]{b4f5b5} at paquetes.wlk:-- exhausted all cases without a match [Return]{b4f5b5} at paquetes.wlk:-- exhausted all cases without a match","stack":"Error: [Return]{b4f5b5} at paquetes.wlk:-- exhausted all cases without a match\n    at c:\\Users\\E495\\.vscode\\extensions\\uqbar.wollok-lsp-ide-0.5.4\\out\\server\\src\\server.js:38:6142\n    at L2 (c:\\Users\\E495\\.vscode\\extensions\\uqbar.wollok-lsp-ide-0.5.4\\out\\server\\src\\server.js:2389:42)\n    at Jh (c:\\Users\\E495\\.vscode\\extensions\\uqbar.wollok-lsp-ide-0.5.4\\out\\server\\src\\server.js:2389:1092)\n    at M5n (c:\\Users\\E495\\.vscode\\extensions\\uqbar.wollok-lsp-ide-0.5.4\\out\\server\\src\\server.js:2389:1248)\n    at c:\\Users\\E495\\.vscode\\extensions\\uqbar.wollok-lsp-ide-0.5.4\\out\\server\\src\\server.js:38:6131\n    at L2 (c:\\Users\\E495\\.vscode\\extensions\\uqbar.wollok-lsp-ide-0.5.4\\out\\server\\src\\server.js:2389:42)\n    at c:\\Users\\E495\\.vscode\\extensions\\uqbar.wollok-lsp-ide-0.5.4\\out\\server\\src\\server.js:2389:2988\n    at c:\\Users\\E495\\.vscode\\extensions\\uqbar.wollok-lsp-ide-0.5.4\\out\\server\\src\\server.js:2398:8440\n    at c:\\Users\\E495\\.vscode\\extensions\\uqbar.wollok-lsp-ide-0.5.4\\out\\server\\src\\server.js:37:74872\n    at Ke (c:\\Users\\E495\\.vscode\\extensions\\uqbar.wollok-lsp-ide-0.5.4\\out\\server\\src\\server.js:7:8527)","timestamp":"2026-05-05T17:27:15.219Z"}
{"level":"info","message":"⌛ Validating paquetes.wlk","timeElapsed":129,"timestamp":"2026-05-05T17:27:15.532Z"}
{"level":"info","message":"⌛ Validating paquetes.wlk","timeElapsed":103,"timestamp":"2026-05-05T17:27:16.057Z"}
{"level":"error","message":"✘ Completions for node Return (undefined - paquetes.wlk) failed: Error: [Return]{36f92a} at paquetes.wlk:-- exhausted all cases without a match [Return]{36f92a} at paquetes.wlk:-- exhausted all cases without a match","stack":"Error: [Return]{36f92a} at paquetes.wlk:-- exhausted all cases without a match\n    at c:\\Users\\E495\\.vscode\\extensions\\uqbar.wollok-lsp-ide-0.5.4\\out\\server\\src\\server.js:38:6142\n    at L2 (c:\\Users\\E495\\.vscode\\extensions\\uqbar.wollok-lsp-ide-0.5.4\\out\\server\\src\\server.js:2389:42)\n    at Jh (c:\\Users\\E495\\.vscode\\extensions\\uqbar.wollok-lsp-ide-0.5.4\\out\\server\\src\\server.js:2389:1092)\n    at M5n (c:\\Users\\E495\\.vscode\\extensions\\uqbar.wollok-lsp-ide-0.5.4\\out\\server\\src\\server.js:2389:1248)\n    at c:\\Users\\E495\\.vscode\\extensions\\uqbar.wollok-lsp-ide-0.5.4\\out\\server\\src\\server.js:38:6131\n    at L2 (c:\\Users\\E495\\.vscode\\extensions\\uqbar.wollok-lsp-ide-0.5.4\\out\\server\\src\\server.js:2389:42)\n    at c:\\Users\\E495\\.vscode\\extensions\\uqbar.wollok-lsp-ide-0.5.4\\out\\server\\src\\server.js:2389:2988\n    at c:\\Users\\E495\\.vscode\\extensions\\uqbar.wollok-lsp-ide-0.5.4\\out\\server\\src\\server.js:2398:8440\n    at c:\\Users\\E495\\.vscode\\extensions\\uqbar.wollok-lsp-ide-0.5.4\\out\\server\\src\\server.js:37:74872\n    at Ke (c:\\Users\\E495\\.vscode\\extensions\\uqbar.wollok-lsp-ide-0.5.4\\out\\server\\src\\server.js:7:8527)","timestamp":"2026-05-05T17:27:16.224Z"}
{"level":"info","message":"⌛ Validating paquetes.wlk","timeElapsed":123,"timestamp":"2026-05-05T17:27:16.428Z"}
{"level":"info","message":"⌛ Validating paquetes.wlk","timeElapsed":146,"timestamp":"2026-05-05T17:27:16.574Z"}
{"level":"info","message":"⌛ Validating paquetes.wlk","timeElapsed":108,"timestamp":"2026-05-05T17:27:16.775Z"}
{"level":"info","message":"⌛ Validating paquetes.wlk","timeElapsed":127,"timestamp":"2026-05-05T17:27:16.973Z"}
{"level":"info","message":"⌛ Validating paquetes.wlk","timeElapsed":108,"timestamp":"2026-05-05T17:27:18.478Z"}
{"level":"info","message":"⌛ Validating paquetes.wlk","timeElapsed":150,"timestamp":"2026-05-05T17:27:18.704Z"}
{"level":"info","message":"⌛ Validating paquetes.wlk","timeElapsed":163,"timestamp":"2026-05-05T17:27:19.515Z"}
{"level":"info","message":"⌛ Validating paquetes.wlk","timeElapsed":122,"timestamp":"2026-05-05T17:27:20.370Z"}
{"level":"info","message":"⌛ Validating paquetes.wlk","timeElapsed":116,"timestamp":"2026-05-05T17:27:21.323Z"}
{"level":"info","message":"⌛ Validating paquetes.wlk","timeElapsed":111,"timestamp":"2026-05-05T17:27:21.650Z"}
{"level":"info","message":"⌛ Validating paquetes.wlk","timeElapsed":101,"timestamp":"2026-05-05T17:27:21.856Z"}
{"level":"info","message":"⌛ Validating paquetes.wlk","timeElapsed":125,"timestamp":"2026-05-05T17:27:22.322Z"}
{"level":"info","message":"⌛ Building environment","timeElapsed":114,"timestamp":"2026-05-05T17:27:23.178Z"}
{"level":"info","message":"⌛ Validating paquetes.wlk","timeElapsed":107,"timestamp":"2026-05-05T17:27:23.323Z"}
{"level":"info","message":"⌛ Validating paquetes.wlk","timeElapsed":108,"timestamp":"2026-05-05T17:27:24.014Z"}
{"level":"info","message":"⌛ Validating paquetes.wlk","timeElapsed":103,"timestamp":"2026-05-05T17:27:24.449Z"}
{"level":"info","message":"⌛ Validating paquetes.wlk","timeElapsed":110,"timestamp":"2026-05-05T17:27:25.028Z"}
{"level":"info","message":"⌛ Building environment","timeElapsed":117,"timestamp":"2026-05-05T17:27:25.145Z"}
{"level":"info","message":"⌛ Validating paquetes.wlk","timeElapsed":108,"timestamp":"2026-05-05T17:27:25.357Z"}
{"level":"error","message":"✘ Completions for node Parameter ([6:19, 6:20] - paquetes.wlk) failed: Error: [Parameter]{88e59c} at paquetes.wlk:6 exhausted all cases without a match [Parameter]{88e59c} at paquetes.wlk:6 exhausted all cases without a match","stack":"Error: [Parameter]{88e59c} at paquetes.wlk:6 exhausted all cases without a match\n    at c:\\Users\\E495\\.vscode\\extensions\\uqbar.wollok-lsp-ide-0.5.4\\out\\server\\src\\server.js:38:6142\n    at L2 (c:\\Users\\E495\\.vscode\\extensions\\uqbar.wollok-lsp-ide-0.5.4\\out\\server\\src\\server.js:2389:42)\n    at c:\\Users\\E495\\.vscode\\extensions\\uqbar.wollok-lsp-ide-0.5.4\\out\\server\\src\\server.js:2389:2988\n    at c:\\Users\\E495\\.vscode\\extensions\\uqbar.wollok-lsp-ide-0.5.4\\out\\server\\src\\server.js:2398:8440\n    at c:\\Users\\E495\\.vscode\\extensions\\uqbar.wollok-lsp-ide-0.5.4\\out\\server\\src\\server.js:37:74872\n    at Ke (c:\\Users\\E495\\.vscode\\extensions\\uqbar.wollok-lsp-ide-0.5.4\\out\\server\\src\\server.js:7:8527)\n    at Lt (c:\\Users\\E495\\.vscode\\extensions\\uqbar.wollok-lsp-ide-0.5.4\\out\\server\\src\\server.js:7:6189)\n    at ct (c:\\Users\\E495\\.vscode\\extensions\\uqbar.wollok-lsp-ide-0.5.4\\out\\server\\src\\server.js:7:6378)\n    at Immediate._onImmediate (c:\\Users\\E495\\.vscode\\extensions\\uqbar.wollok-lsp-ide-0.5.4\\out\\server\\src\\server.js:7:6142)\n    at process.processImmediate (node:internal/timers:484:21)","timestamp":"2026-05-05T17:27:26.103Z"}
{"level":"info","message":"⌛ Validating paquetes.wlk","timeElapsed":105,"timestamp":"2026-05-05T17:27:26.212Z"}
{"level":"info","message":"⌛ Validating paquetes.wlk","timeElapsed":112,"timestamp":"2026-05-05T17:27:26.399Z"}
{"level":"error","message":"✘ Completions for node Parameter ([6:19, 6:22] - paquetes.wlk) failed: Error: [Parameter]{f8d29f} at paquetes.wlk:6 exhausted all cases without a match [Parameter]{f8d29f} at paquetes.wlk:6 exhausted all cases without a match","stack":"Error: [Parameter]{f8d29f} at paquetes.wlk:6 exhausted all cases without a match\n    at c:\\Users\\E495\\.vscode\\extensions\\uqbar.wollok-lsp-ide-0.5.4\\out\\server\\src\\server.js:38:6142\n    at L2 (c:\\Users\\E495\\.vscode\\extensions\\uqbar.wollok-lsp-ide-0.5.4\\out\\server\\src\\server.js:2389:42)\n    at c:\\Users\\E495\\.vscode\\extensions\\uqbar.wollok-lsp-ide-0.5.4\\out\\server\\src\\server.js:2389:2988\n    at c:\\Users\\E495\\.vscode\\extensions\\uqbar.wollok-lsp-ide-0.5.4\\out\\server\\src\\server.js:2398:8440\n    at c:\\Users\\E495\\.vscode\\extensions\\uqbar.wollok-lsp-ide-0.5.4\\out\\server\\src\\server.js:37:74872\n    at Ke (c:\\Users\\E495\\.vscode\\extensions\\uqbar.wollok-lsp-ide-0.5.4\\out\\server\\src\\server.js:7:8527)\n    at Lt (c:\\Users\\E495\\.vscode\\extensions\\uqbar.wollok-lsp-ide-0.5.4\\out\\server\\src\\server.js:7:6189)\n    at ct (c:\\Users\\E495\\.vscode\\extensions\\uqbar.wollok-lsp-ide-0.5.4\\out\\server\\src\\server.js:7:6378)\n    at Immediate._onImmediate (c:\\Users\\E495\\.vscode\\extensions\\uqbar.wollok-lsp-ide-0.5.4\\out\\server\\src\\server.js:7:6142)\n    at process.processImmediate (node:internal/timers:484:21)","timestamp":"2026-05-05T17:27:26.565Z"}
{"level":"info","message":"⌛ Validating paquetes.wlk","timeElapsed":117,"timestamp":"2026-05-05T17:27:26.765Z"}
{"level":"error","message":"✘ Completions for node Parameter ([6:19, 6:24] - paquetes.wlk) failed: Error: [Parameter]{4c4352} at paquetes.wlk:6 exhausted all cases without a match [Parameter]{4c4352} at paquetes.wlk:6 exhausted all cases without a match","stack":"Error: [Parameter]{4c4352} at paquetes.wlk:6 exhausted all cases without a match\n    at c:\\Users\\E495\\.vscode\\extensions\\uqbar.wollok-lsp-ide-0.5.4\\out\\server\\src\\server.js:38:6142\n    at L2 (c:\\Users\\E495\\.vscode\\extensions\\uqbar.wollok-lsp-ide-0.5.4\\out\\server\\src\\server.js:2389:42)\n    at c:\\Users\\E495\\.vscode\\extensions\\uqbar.wollok-lsp-ide-0.5.4\\out\\server\\src\\server.js:2389:2988\n    at c:\\Users\\E495\\.vscode\\extensions\\uqbar.wollok-lsp-ide-0.5.4\\out\\server\\src\\server.js:2398:8440\n    at c:\\Users\\E495\\.vscode\\extensions\\uqbar.wollok-lsp-ide-0.5.4\\out\\server\\src\\server.js:37:74872\n    at Ke (c:\\Users\\E495\\.vscode\\extensions\\uqbar.wollok-lsp-ide-0.5.4\\out\\server\\src\\server.js:7:8527)\n    at Lt (c:\\Users\\E495\\.vscode\\extensions\\uqbar.wollok-lsp-ide-0.5.4\\out\\server\\src\\server.js:7:6189)\n    at ct (c:\\Users\\E495\\.vscode\\extensions\\uqbar.wollok-lsp-ide-0.5.4\\out\\server\\src\\server.js:7:6378)\n    at Immediate._onImmediate (c:\\Users\\E495\\.vscode\\extensions\\uqbar.wollok-lsp-ide-0.5.4\\out\\server\\src\\server.js:7:6142)\n    at process.processImmediate (node:internal/timers:484:21)","timestamp":"2026-05-05T17:27:26.963Z"}
{"level":"error","message":"✘ Completions for node Parameter ([6:19, 6:25] - paquetes.wlk) failed: Error: [Parameter]{e726ef} at paquetes.wlk:6 exhausted all cases without a match [Parameter]{e726ef} at paquetes.wlk:6 exhausted all cases without a match","stack":"Error: [Parameter]{e726ef} at paquetes.wlk:6 exhausted all cases without a match\n    at c:\\Users\\E495\\.vscode\\extensions\\uqbar.wollok-lsp-ide-0.5.4\\out\\server\\src\\server.js:38:6142\n    at L2 (c:\\Users\\E495\\.vscode\\extensions\\uqbar.wollok-lsp-ide-0.5.4\\out\\server\\src\\server.js:2389:42)\n    at c:\\Users\\E495\\.vscode\\extensions\\uqbar.wollok-lsp-ide-0.5.4\\out\\server\\src\\server.js:2389:2988\n    at c:\\Users\\E495\\.vscode\\extensions\\uqbar.wollok-lsp-ide-0.5.4\\out\\server\\src\\server.js:2398:8440\n    at c:\\Users\\E495\\.vscode\\extensions\\uqbar.wollok-lsp-ide-0.5.4\\out\\server\\src\\server.js:37:74872\n    at Ke (c:\\Users\\E495\\.vscode\\extensions\\uqbar.wollok-lsp-ide-0.5.4\\out\\server\\src\\server.js:7:8527)\n    at Lt (c:\\Users\\E495\\.vscode\\extensions\\uqbar.wollok-lsp-ide-0.5.4\\out\\server\\src\\server.js:7:6189)\n    at ct (c:\\Users\\E495\\.vscode\\extensions\\uqbar.wollok-lsp-ide-0.5.4\\out\\server\\src\\server.js:7:6378)\n    at Immediate._onImmediate (c:\\Users\\E495\\.vscode\\extensions\\uqbar.wollok-lsp-ide-0.5.4\\out\\server\\src\\server.js:7:6142)\n    at process.processImmediate (node:internal/timers:484:21)","timestamp":"2026-05-05T17:27:27.263Z"}
{"level":"info","message":"⌛ Validating paquetes.wlk","timeElapsed":102,"timestamp":"2026-05-05T17:27:27.370Z"}
{"level":"error","message":"✘ Completions for node Parameter ([6:19, 6:26] - paquetes.wlk) failed: Error: [Parameter]{e396d6} at paquetes.wlk:6 exhausted all cases without a match [Parameter]{e396d6} at paquetes.wlk:6 exhausted all cases without a match","stack":"Error: [Parameter]{e396d6} at paquetes.wlk:6 exhausted all cases without a match\n    at c:\\Users\\E495\\.vscode\\extensions\\uqbar.wollok-lsp-ide-0.5.4\\out\\server\\src\\server.js:38:6142\n    at L2 (c:\\Users\\E495\\.vscode\\extensions\\uqbar.wollok-lsp-ide-0.5.4\\out\\server\\src\\server.js:2389:42)\n    at c:\\Users\\E495\\.vscode\\extensions\\uqbar.wollok-lsp-ide-0.5.4\\out\\server\\src\\server.js:2389:2988\n    at c:\\Users\\E495\\.vscode\\extensions\\uqbar.wollok-lsp-ide-0.5.4\\out\\server\\src\\server.js:2398:8440\n    at c:\\Users\\E495\\.vscode\\extensions\\uqbar.wollok-lsp-ide-0.5.4\\out\\server\\src\\server.js:37:74872\n    at Ke (c:\\Users\\E495\\.vscode\\extensions\\uqbar.wollok-lsp-ide-0.5.4\\out\\server\\src\\server.js:7:8527)\n    at Lt (c:\\Users\\E495\\.vscode\\extensions\\uqbar.wollok-lsp-ide-0.5.4\\out\\server\\src\\server.js:7:6189)\n    at ct (c:\\Users\\E495\\.vscode\\extensions\\uqbar.wollok-lsp-ide-0.5.4\\out\\server\\src\\server.js:7:6378)\n    at Immediate._onImmediate (c:\\Users\\E495\\.vscode\\extensions\\uqbar.wollok-lsp-ide-0.5.4\\out\\server\\src\\server.js:7:6142)\n    at process.processImmediate (node:internal/timers:484:21)","timestamp":"2026-05-05T17:27:27.793Z"}
{"level":"info","message":"⌛ Validating paquetes.wlk","timeElapsed":108,"timestamp":"2026-05-05T17:27:27.904Z"}
{"level":"error","message":"✘ Completions for node Parameter ([6:19, 6:27] - paquetes.wlk) failed: Error: [Parameter]{31fcfb} at paquetes.wlk:6 exhausted all cases without a match [Parameter]{31fcfb} at paquetes.wlk:6 exhausted all cases without a match","stack":"Error: [Parameter]{31fcfb} at paquetes.wlk:6 exhausted all cases without a match\n    at c:\\Users\\E495\\.vscode\\extensions\\uqbar.wollok-lsp-ide-0.5.4\\out\\server\\src\\server.js:38:6142\n    at L2 (c:\\Users\\E495\\.vscode\\extensions\\uqbar.wollok-lsp-ide-0.5.4\\out\\server\\src\\server.js:2389:42)\n    at c:\\Users\\E495\\.vscode\\extensions\\uqbar.wollok-lsp-ide-0.5.4\\out\\server\\src\\server.js:2389:2988\n    at c:\\Users\\E495\\.vscode\\extensions\\uqbar.wollok-lsp-ide-0.5.4\\out\\server\\src\\server.js:2398:8440\n    at c:\\Users\\E495\\.vscode\\extensions\\uqbar.wollok-lsp-ide-0.5.4\\out\\server\\src\\server.js:37:74872\n    at Ke (c:\\Users\\E495\\.vscode\\extensions\\uqbar.wollok-lsp-ide-0.5.4\\out\\server\\src\\server.js:7:8527)\n    at Lt (c:\\Users\\E495\\.vscode\\extensions\\uqbar.wollok-lsp-ide-0.5.4\\out\\server\\src\\server.js:7:6189)\n    at ct (c:\\Users\\E495\\.vscode\\extensions\\uqbar.wollok-lsp-ide-0.5.4\\out\\server\\src\\server.js:7:6378)\n    at Immediate._onImmediate (c:\\Users\\E495\\.vscode\\extensions\\uqbar.wollok-lsp-ide-0.5.4\\out\\server\\src\\server.js:7:6142)\n    at process.processImmediate (node:internal/timers:484:21)","timestamp":"2026-05-05T17:27:28.139Z"}
{"level":"error","message":"✘ Completions for node Parameter ([6:19, 6:28] - paquetes.wlk) failed: Error: [Parameter]{24acb0} at paquetes.wlk:6 exhausted all cases without a match [Parameter]{24acb0} at paquetes.wlk:6 exhausted all cases without a match","stack":"Error: [Parameter]{24acb0} at paquetes.wlk:6 exhausted all cases without a match\n    at c:\\Users\\E495\\.vscode\\extensions\\uqbar.wollok-lsp-ide-0.5.4\\out\\server\\src\\server.js:38:6142\n    at L2 (c:\\Users\\E495\\.vscode\\extensions\\uqbar.wollok-lsp-ide-0.5.4\\out\\server\\src\\server.js:2389:42)\n    at c:\\Users\\E495\\.vscode\\extensions\\uqbar.wollok-lsp-ide-0.5.4\\out\\server\\src\\server.js:2389:2988\n    at c:\\Users\\E495\\.vscode\\extensions\\uqbar.wollok-lsp-ide-0.5.4\\out\\server\\src\\server.js:2398:8440\n    at c:\\Users\\E495\\.vscode\\extensions\\uqbar.wollok-lsp-ide-0.5.4\\out\\server\\src\\server.js:37:74872\n    at Ke (c:\\Users\\E495\\.vscode\\extensions\\uqbar.wollok-lsp-ide-0.5.4\\out\\server\\src\\server.js:7:8527)\n    at Lt (c:\\Users\\E495\\.vscode\\extensions\\uqbar.wollok-lsp-ide-0.5.4\\out\\server\\src\\server.js:7:6189)\n    at ct (c:\\Users\\E495\\.vscode\\extensions\\uqbar.wollok-lsp-ide-0.5.4\\out\\server\\src\\server.js:7:6378)\n    at Immediate._onImmediate (c:\\Users\\E495\\.vscode\\extensions\\uqbar.wollok-lsp-ide-0.5.4\\out\\server\\src\\server.js:7:6142)\n    at process.processImmediate (node:internal/timers:484:21)","timestamp":"2026-05-05T17:27:28.443Z"}
{"level":"error","message":"✘ Completions for node Parameter ([6:19, 6:29] - paquetes.wlk) failed: Error: [Parameter]{4caeff} at paquetes.wlk:6 exhausted all cases without a match [Parameter]{4caeff} at paquetes.wlk:6 exhausted all cases without a match","stack":"Error: [Parameter]{4caeff} at paquetes.wlk:6 exhausted all cases without a match\n    at c:\\Users\\E495\\.vscode\\extensions\\uqbar.wollok-lsp-ide-0.5.4\\out\\server\\src\\server.js:38:6142\n    at L2 (c:\\Users\\E495\\.vscode\\extensions\\uqbar.wollok-lsp-ide-0.5.4\\out\\server\\src\\server.js:2389:42)\n    at c:\\Users\\E495\\.vscode\\extensions\\uqbar.wollok-lsp-ide-0.5.4\\out\\server\\src\\server.js:2389:2988\n    at c:\\Users\\E495\\.vscode\\extensions\\uqbar.wollok-lsp-ide-0.5.4\\out\\server\\src\\server.js:2398:8440\n    at c:\\Users\\E495\\.vscode\\extensions\\uqbar.wollok-lsp-ide-0.5.4\\out\\server\\src\\server.js:37:74872\n    at Ke (c:\\Users\\E495\\.vscode\\extensions\\uqbar.wollok-lsp-ide-0.5.4\\out\\server\\src\\server.js:7:8527)\n    at Lt (c:\\Users\\E495\\.vscode\\extensions\\uqbar.wollok-lsp-ide-0.5.4\\out\\server\\src\\server.js:7:6189)\n    at ct (c:\\Users\\E495\\.vscode\\extensions\\uqbar.wollok-lsp-ide-0.5.4\\out\\server\\src\\server.js:7:6378)\n    at Immediate._onImmediate (c:\\Users\\E495\\.vscode\\extensions\\uqbar.wollok-lsp-ide-0.5.4\\out\\server\\src\\server.js:7:6142)\n    at process.processImmediate (node:internal/timers:484:21)","timestamp":"2026-05-05T17:27:28.781Z"}
{"level":"info","message":"⌛ Validating paquetes.wlk","timeElapsed":119,"timestamp":"2026-05-05T17:27:28.904Z"}
{"level":"info","message":"⌛ Building environment","timeElapsed":135,"timestamp":"2026-05-05T17:27:29.039Z"}
{"level":"error","message":"✘ Completions for node Parameter ([6:19, 6:30] - paquetes.wlk) failed: Error: [Parameter]{041ab1} at paquetes.wlk:6 exhausted all cases without a match [Parameter]{041ab1} at paquetes.wlk:6 exhausted all cases without a match","stack":"Error: [Parameter]{041ab1} at paquetes.wlk:6 exhausted all cases without a match\n    at c:\\Users\\E495\\.vscode\\extensions\\uqbar.wollok-lsp-ide-0.5.4\\out\\server\\src\\server.js:38:6142\n    at L2 (c:\\Users\\E495\\.vscode\\extensions\\uqbar.wollok-lsp-ide-0.5.4\\out\\server\\src\\server.js:2389:42)\n    at c:\\Users\\E495\\.vscode\\extensions\\uqbar.wollok-lsp-ide-0.5.4\\out\\server\\src\\server.js:2389:2988\n    at c:\\Users\\E495\\.vscode\\extensions\\uqbar.wollok-lsp-ide-0.5.4\\out\\server\\src\\server.js:2398:8440\n    at c:\\Users\\E495\\.vscode\\extensions\\uqbar.wollok-lsp-ide-0.5.4\\out\\server\\src\\server.js:37:74872\n    at Ke (c:\\Users\\E495\\.vscode\\extensions\\uqbar.wollok-lsp-ide-0.5.4\\out\\server\\src\\server.js:7:8527)\n    at Lt (c:\\Users\\E495\\.vscode\\extensions\\uqbar.wollok-lsp-ide-0.5.4\\out\\server\\src\\server.js:7:6189)\n    at ct (c:\\Users\\E495\\.vscode\\extensions\\uqbar.wollok-lsp-ide-0.5.4\\out\\server\\src\\server.js:7:6378)\n    at Immediate._onImmediate (c:\\Users\\E495\\.vscode\\extensions\\uqbar.wollok-lsp-ide-0.5.4\\out\\server\\src\\server.js:7:6142)\n    at process.processImmediate (node:internal/timers:484:21)","timestamp":"2026-05-05T17:27:29.072Z"}
{"level":"error","message":"✘ Completions for node Parameter ([6:19, 6:29] - paquetes.wlk) failed: Error: [Parameter]{9d7b9d} at paquetes.wlk:6 exhausted all cases without a match [Parameter]{9d7b9d} at paquetes.wlk:6 exhausted all cases without a match","stack":"Error: [Parameter]{9d7b9d} at paquetes.wlk:6 exhausted all cases without a match\n    at c:\\Users\\E495\\.vscode\\extensions\\uqbar.wollok-lsp-ide-0.5.4\\out\\server\\src\\server.js:38:6142\n    at L2 (c:\\Users\\E495\\.vscode\\extensions\\uqbar.wollok-lsp-ide-0.5.4\\out\\server\\src\\server.js:2389:42)\n    at c:\\Users\\E495\\.vscode\\extensions\\uqbar.wollok-lsp-ide-0.5.4\\out\\server\\src\\server.js:2389:2988\n    at c:\\Users\\E495\\.vscode\\extensions\\uqbar.wollok-lsp-ide-0.5.4\\out\\server\\src\\server.js:2398:8440\n    at c:\\Users\\E495\\.vscode\\extensions\\uqbar.wollok-lsp-ide-0.5.4\\out\\server\\src\\server.js:37:74872\n    at Ke (c:\\Users\\E495\\.vscode\\extensions\\uqbar.wollok-lsp-ide-0.5.4\\out\\server\\src\\server.js:7:8527)\n    at Lt (c:\\Users\\E495\\.vscode\\extensions\\uqbar.wollok-lsp-ide-0.5.4\\out\\server\\src\\server.js:7:6189)\n    at ct (c:\\Users\\E495\\.vscode\\extensions\\uqbar.wollok-lsp-ide-0.5.4\\out\\server\\src\\server.js:7:6378)\n    at Immediate._onImmediate (c:\\Users\\E495\\.vscode\\extensions\\uqbar.wollok-lsp-ide-0.5.4\\out\\server\\src\\server.js:7:6142)\n    at process.processImmediate (node:internal/timers:484:21)","timestamp":"2026-05-05T17:27:29.681Z"}
{"level":"error","message":"✘ Completions for node Parameter ([6:19, 6:30] - paquetes.wlk) failed: Error: [Parameter]{e4fec3} at paquetes.wlk:6 exhausted all cases without a match [Parameter]{e4fec3} at paquetes.wlk:6 exhausted all cases without a match","stack":"Error: [Parameter]{e4fec3} at paquetes.wlk:6 exhausted all cases without a match\n    at c:\\Users\\E495\\.vscode\\extensions\\uqbar.wollok-lsp-ide-0.5.4\\out\\server\\src\\server.js:38:6142\n    at L2 (c:\\Users\\E495\\.vscode\\extensions\\uqbar.wollok-lsp-ide-0.5.4\\out\\server\\src\\server.js:2389:42)\n    at c:\\Users\\E495\\.vscode\\extensions\\uqbar.wollok-lsp-ide-0.5.4\\out\\server\\src\\server.js:2389:2988\n    at c:\\Users\\E495\\.vscode\\extensions\\uqbar.wollok-lsp-ide-0.5.4\\out\\server\\src\\server.js:2398:8440\n    at c:\\Users\\E495\\.vscode\\extensions\\uqbar.wollok-lsp-ide-0.5.4\\out\\server\\src\\server.js:37:74872\n    at Ke (c:\\Users\\E495\\.vscode\\extensions\\uqbar.wollok-lsp-ide-0.5.4\\out\\server\\src\\server.js:7:8527)\n    at Lt (c:\\Users\\E495\\.vscode\\extensions\\uqbar.wollok-lsp-ide-0.5.4\\out\\server\\src\\server.js:7:6189)\n    at ct (c:\\Users\\E495\\.vscode\\extensions\\uqbar.wollok-lsp-ide-0.5.4\\out\\server\\src\\server.js:7:6378)\n    at Immediate._onImmediate (c:\\Users\\E495\\.vscode\\extensions\\uqbar.wollok-lsp-ide-0.5.4\\out\\server\\src\\server.js:7:6142)\n    at process.processImmediate (node:internal/timers:484:21)","timestamp":"2026-05-05T17:27:29.945Z"}
{"level":"info","message":"⌛ Validating paquetes.wlk","timeElapsed":102,"timestamp":"2026-05-05T17:27:30.054Z"}
{"level":"info","message":"⌛ Validating paquetes.wlk","timeElapsed":110,"timestamp":"2026-05-05T17:27:30.247Z"}
{"level":"info","message":"⌛ Validating paquetes.wlk","timeElapsed":110,"timestamp":"2026-05-05T17:27:36.386Z"}
{"level":"info","message":"⌛ Validating paquetes.wlk","timeElapsed":112,"timestamp":"2026-05-05T17:27:36.872Z"}
{"level":"info","message":"⌛ Validating paquetes.wlk","timeElapsed":111,"timestamp":"2026-05-05T17:27:38.065Z"}
{"level":"error","message":"✘ Completions for node Assignment ([7:7, 7:17] - paquetes.wlk) failed: Error: [Assignment]{141f08} at paquetes.wlk:7 exhausted all cases without a match [Assignment]{141f08} at paquetes.wlk:7 exhausted all cases without a match","stack":"Error: [Assignment]{141f08} at paquetes.wlk:7 exhausted all cases without a match\n    at c:\\Users\\E495\\.vscode\\extensions\\uqbar.wollok-lsp-ide-0.5.4\\out\\server\\src\\server.js:38:6142\n    at L2 (c:\\Users\\E495\\.vscode\\extensions\\uqbar.wollok-lsp-ide-0.5.4\\out\\server\\src\\server.js:2389:42)\n    at Jh (c:\\Users\\E495\\.vscode\\extensions\\uqbar.wollok-lsp-ide-0.5.4\\out\\server\\src\\server.js:2389:1092)\n    at M5n (c:\\Users\\E495\\.vscode\\extensions\\uqbar.wollok-lsp-ide-0.5.4\\out\\server\\src\\server.js:2389:1248)\n    at c:\\Users\\E495\\.vscode\\extensions\\uqbar.wollok-lsp-ide-0.5.4\\out\\server\\src\\server.js:38:6131\n    at L2 (c:\\Users\\E495\\.vscode\\extensions\\uqbar.wollok-lsp-ide-0.5.4\\out\\server\\src\\server.js:2389:42)\n    at c:\\Users\\E495\\.vscode\\extensions\\uqbar.wollok-lsp-ide-0.5.4\\out\\server\\src\\server.js:2389:2988\n    at c:\\Users\\E495\\.vscode\\extensions\\uqbar.wollok-lsp-ide-0.5.4\\out\\server\\src\\server.js:2398:8440\n    at c:\\Users\\E495\\.vscode\\extensions\\uqbar.wollok-lsp-ide-0.5.4\\out\\server\\src\\server.js:37:74872\n    at Ke (c:\\Users\\E495\\.vscode\\extensions\\uqbar.wollok-lsp-ide-0.5.4\\out\\server\\src\\server.js:7:8527)","timestamp":"2026-05-05T17:27:38.536Z"}
{"level":"info","message":"⌛ Validating paquetes.wlk","timeElapsed":118,"timestamp":"2026-05-05T17:27:38.659Z"}
{"level":"info","message":"⌛ Validating mensajeros.wlk","timeElapsed":103,"timestamp":"2026-05-05T17:27:54.580Z"}
{"level":"info","message":"⌛ Validating mensajeros.wlk","timeElapsed":105,"timestamp":"2026-05-05T17:27:55.074Z"}
{"level":"info","message":"⌛ Validating mensajeros.wlk","timeElapsed":102,"timestamp":"2026-05-05T17:27:55.485Z"}
{"level":"info","message":"⌛ Validating mensajeros.wlk","timeElapsed":124,"timestamp":"2026-05-05T17:27:55.731Z"}
{"level":"info","message":"⌛ Validating mensajeros.wlk","timeElapsed":109,"timestamp":"2026-05-05T17:27:55.924Z"}
{"level":"info","message":"⌛ Validating mensajeros.wlk","timeElapsed":101,"timestamp":"2026-05-05T17:27:56.128Z"}
{"level":"info","message":"⌛ Validating mensajeros.wlk","timeElapsed":102,"timestamp":"2026-05-05T17:27:56.540Z"}
{"level":"info","message":"⌛ Validating mensajeros.wlk","timeElapsed":128,"timestamp":"2026-05-05T17:27:56.911Z"}
{"level":"info","message":"⌛ Validating mensajeros.wlk","timeElapsed":110,"timestamp":"2026-05-05T17:27:57.331Z"}
{"level":"info","message":"⌛ Building environment","timeElapsed":127,"timestamp":"2026-05-05T17:27:57.459Z"}
{"level":"info","message":"⌛ Validating mensajeros.wlk","timeElapsed":119,"timestamp":"2026-05-05T17:27:57.578Z"}
{"level":"info","message":"⌛ Validating mensajeros.wlk","timeElapsed":114,"timestamp":"2026-05-05T17:27:57.813Z"}
{"level":"info","message":"⌛ Validating mensajeros.wlk","timeElapsed":108,"timestamp":"2026-05-05T17:27:57.999Z"}
{"level":"info","message":"⌛ Validating mensajeros.wlk","timeElapsed":102,"timestamp":"2026-05-05T17:27:58.257Z"}
{"level":"info","message":"⌛ Validating mensajeros.wlk","timeElapsed":108,"timestamp":"2026-05-05T17:27:58.367Z"}
{"level":"info","message":"⌛ Validating mensajeros.wlk","timeElapsed":112,"timestamp":"2026-05-05T17:27:58.575Z"}
{"level":"info","message":"⌛ Building environment","timeElapsed":156,"timestamp":"2026-05-05T17:27:59.421Z"}
{"level":"info","message":"⌛ Validating mensajeros.wlk","timeElapsed":129,"timestamp":"2026-05-05T17:27:59.951Z"}
{"level":"info","message":"⌛ Validating mensajeros.wlk","timeElapsed":108,"timestamp":"2026-05-05T17:28:04.357Z"}
{"level":"info","message":"⌛ Validating mensajeros.wlk","timeElapsed":116,"timestamp":"2026-05-05T17:28:13.935Z"}
{"level":"info","message":"⌛ Validating mensajeros.wlk","timeElapsed":113,"timestamp":"2026-05-05T17:28:14.124Z"}
{"level":"info","message":"⌛ Validating mensajeros.wlk","timeElapsed":123,"timestamp":"2026-05-05T17:28:14.554Z"}
{"level":"info","message":"⌛ Validating mensajeros.wlk","timeElapsed":111,"timestamp":"2026-05-05T17:28:14.748Z"}
{"level":"info","message":"⌛ Validating mensajeros.wlk","timeElapsed":106,"timestamp":"2026-05-05T17:28:15.618Z"}
{"level":"info","message":"⌛ Building environment","timeElapsed":113,"timestamp":"2026-05-05T17:28:15.749Z"}
{"level":"info","message":"⌛ Validating mensajeros.wlk","timeElapsed":124,"timestamp":"2026-05-05T17:28:15.874Z"}
{"level":"error","message":"✘ Failed to rebuild document Failed to parse mensajeros.wlk: \n-- PARSING FAILED --------------------------------------------------\n\n  12 | \n  13 |     method\n> 14 | }\n     | ^\n  15 | \n  16 | object bicicleta {\n\nExpected one of the following: \n\n'!=', '!==', '%', '&&', '*', '**', '+', '-', '->', '..', '..<', '/', '<', '<<', '<<<', '<=', '<=>', '<>', '==', '===', '>', '>..', '>=', '>>', '>>>', '?:', '@', 'and', 'class', 'const', 'describe', 'invert', 'mixin', 'negate', 'object', 'only', 'or', 'package', 'plus', 'program', 'test', 'var', '{', '||', EOF, comment, identifier, not \"}\r\n\r\n\", whitespace\n","stack":"Error: Failed to parse mensajeros.wlk: \n-- PARSING FAILED --------------------------------------------------\n\n  12 | \n  13 |     method\n> 14 | }\n     | ^\n  15 | \n  16 | object bicicleta {\n\nExpected one of the following: \n\n'!=', '!==', '%', '&&', '*', '**', '+', '-', '->', '..', '..<', '/', '<', '<<', '<<<', '<=', '<=>', '<>', '==', '===', '>', '>..', '>=', '>>', '>>>', '?:', '@', 'and', 'class', 'const', 'describe', 'invert', 'mixin', 'negate', 'object', 'only', 'or', 'package', 'plus', 'program', 'test', 'var', '{', '||', EOF, comment, identifier, not \"}\r\n\r\n\", whitespace\n\n    at c:\\Users\\E495\\.vscode\\extensions\\uqbar.wollok-lsp-ide-0.5.4\\out\\server\\src\\server.js:2353:13026\n    at Array.map (<anonymous>)\n    at U1n (c:\\Users\\E495\\.vscode\\extensions\\uqbar.wollok-lsp-ide-0.5.4\\out\\server\\src\\server.js:2353:12950)\n    at H2.buildEnvironmentFrom (c:\\Users\\E495\\.vscode\\extensions\\uqbar.wollok-lsp-ide-0.5.4\\out\\server\\src\\server.js:2398:5254)\n    at H2.updateEnvironmentWith (c:\\Users\\E495\\.vscode\\extensions\\uqbar.wollok-lsp-ide-0.5.4\\out\\server\\src\\server.js:2398:4989)\n    at GF (c:\\Users\\E495\\.vscode\\extensions\\uqbar.wollok-lsp-ide-0.5.4\\out\\server\\src\\server.js:2398:7383)\n    at V3.invoke (c:\\Users\\E495\\.vscode\\extensions\\uqbar.wollok-lsp-ide-0.5.4\\out\\server\\src\\server.js:3:157328)\n    at o.fire (c:\\Users\\E495\\.vscode\\extensions\\uqbar.wollok-lsp-ide-0.5.4\\out\\server\\src\\server.js:3:158098)\n    at c:\\Users\\E495\\.vscode\\extensions\\uqbar.wollok-lsp-ide-0.5.4\\out\\server\\src\\server.js:37:57871\n    at nd (c:\\Users\\E495\\.vscode\\extensions\\uqbar.wollok-lsp-ide-0.5.4\\out\\server\\src\\server.js:8:1561)","timestamp":"2026-05-05T17:28:15.886Z"}
{"level":"error","message":"✘ Failed to rebuild document Failed to parse mensajeros.wlk: \n-- PARSING FAILED --------------------------------------------------\n\n  12 | \n  13 |     method \n> 14 | }\n     | ^\n  15 | \n  16 | object bicicleta {\n\nExpected one of the following: \n\n'!=', '!==', '%', '&&', '*', '**', '+', '-', '->', '..', '..<', '/', '<', '<<', '<<<', '<=', '<=>', '<>', '==', '===', '>', '>..', '>=', '>>', '>>>', '?:', '@', 'and', 'class', 'const', 'describe', 'invert', 'mixin', 'negate', 'object', 'only', 'or', 'package', 'plus', 'program', 'test', 'var', '{', '||', EOF, comment, identifier, not \"}\r\n\r\n\", whitespace\n","stack":"Error: Failed to parse mensajeros.wlk: \n-- PARSING FAILED --------------------------------------------------\n\n  12 | \n  13 |     method \n> 14 | }\n     | ^\n  15 | \n  16 | object bicicleta {\n\nExpected one of the following: \n\n'!=', '!==', '%', '&&', '*', '**', '+', '-', '->', '..', '..<', '/', '<', '<<', '<<<', '<=', '<=>', '<>', '==', '===', '>', '>..', '>=', '>>', '>>>', '?:', '@', 'and', 'class', 'const', 'describe', 'invert', 'mixin', 'negate', 'object', 'only', 'or', 'package', 'plus', 'program', 'test', 'var', '{', '||', EOF, comment, identifier, not \"}\r\n\r\n\", whitespace\n\n    at c:\\Users\\E495\\.vscode\\extensions\\uqbar.wollok-lsp-ide-0.5.4\\out\\server\\src\\server.js:2353:13026\n    at Array.map (<anonymous>)\n    at U1n (c:\\Users\\E495\\.vscode\\extensions\\uqbar.wollok-lsp-ide-0.5.4\\out\\server\\src\\server.js:2353:12950)\n    at H2.buildEnvironmentFrom (c:\\Users\\E495\\.vscode\\extensions\\uqbar.wollok-lsp-ide-0.5.4\\out\\server\\src\\server.js:2398:5254)\n    at H2.updateEnvironmentWith (c:\\Users\\E495\\.vscode\\extensions\\uqbar.wollok-lsp-ide-0.5.4\\out\\server\\src\\server.js:2398:4989)\n    at GF (c:\\Users\\E495\\.vscode\\extensions\\uqbar.wollok-lsp-ide-0.5.4\\out\\server\\src\\server.js:2398:7383)\n    at V3.invoke (c:\\Users\\E495\\.vscode\\extensions\\uqbar.wollok-lsp-ide-0.5.4\\out\\server\\src\\server.js:3:157328)\n    at o.fire (c:\\Users\\E495\\.vscode\\extensions\\uqbar.wollok-lsp-ide-0.5.4\\out\\server\\src\\server.js:3:158098)\n    at c:\\Users\\E495\\.vscode\\extensions\\uqbar.wollok-lsp-ide-0.5.4\\out\\server\\src\\server.js:37:57871\n    at nd (c:\\Users\\E495\\.vscode\\extensions\\uqbar.wollok-lsp-ide-0.5.4\\out\\server\\src\\server.js:8:1561)","timestamp":"2026-05-05T17:28:16.574Z"}
{"level":"info","message":"⌛ Validating mensajeros.wlk","timeElapsed":101,"timestamp":"2026-05-05T17:28:17.614Z"}
{"level":"info","message":"⌛ Validating mensajeros.wlk","timeElapsed":109,"timestamp":"2026-05-05T17:28:17.987Z"}
{"level":"info","message":"⌛ Validating mensajeros.wlk","timeElapsed":107,"timestamp":"2026-05-05T17:28:18.213Z"}
{"level":"info","message":"⌛ Building environment","timeElapsed":124,"timestamp":"2026-05-05T17:28:18.341Z"}
{"level":"info","message":"⌛ Validating mensajeros.wlk","timeElapsed":109,"timestamp":"2026-05-05T17:28:18.482Z"}
{"level":"info","message":"⌛ Validating mensajeros.wlk","timeElapsed":105,"timestamp":"2026-05-05T17:28:18.756Z"}
{"level":"info","message":"⌛ Building environment","timeElapsed":121,"timestamp":"2026-05-05T17:28:18.879Z"}
{"level":"info","message":"⌛ Validating mensajeros.wlk","timeElapsed":120,"timestamp":"2026-05-05T17:28:19.043Z"}
{"level":"info","message":"⌛ Validating mensajeros.wlk","timeElapsed":101,"timestamp":"2026-05-05T17:28:19.989Z"}
{"level":"info","message":"⌛ Validating mensajeros.wlk","timeElapsed":103,"timestamp":"2026-05-05T17:28:20.197Z"}
{"level":"info","message":"⌛ Building environment","timeElapsed":127,"timestamp":"2026-05-05T17:28:20.326Z"}
{"level":"info","message":"⌛ Validating mensajeros.wlk","timeElapsed":134,"timestamp":"2026-05-05T17:28:20.461Z"}
{"level":"info","message":"⌛ Validating mensajeros.wlk","timeElapsed":102,"timestamp":"2026-05-05T17:28:20.856Z"}
{"level":"error","message":"✘ Completions for node Parameter ([13:27, 13:28] - mensajeros.wlk) failed: Error: [Parameter]{edf36f} at mensajeros.wlk:13 exhausted all cases without a match [Parameter]{edf36f} at mensajeros.wlk:13 exhausted all cases without a match","stack":"Error: [Parameter]{edf36f} at mensajeros.wlk:13 exhausted all cases without a match\n    at c:\\Users\\E495\\.vscode\\extensions\\uqbar.wollok-lsp-ide-0.5.4\\out\\server\\src\\server.js:38:6142\n    at L2 (c:\\Users\\E495\\.vscode\\extensions\\uqbar.wollok-lsp-ide-0.5.4\\out\\server\\src\\server.js:2389:42)\n    at c:\\Users\\E495\\.vscode\\extensions\\uqbar.wollok-lsp-ide-0.5.4\\out\\server\\src\\server.js:2389:2988\n    at c:\\Users\\E495\\.vscode\\extensions\\uqbar.wollok-lsp-ide-0.5.4\\out\\server\\src\\server.js:2398:8440\n    at c:\\Users\\E495\\.vscode\\extensions\\uqbar.wollok-lsp-ide-0.5.4\\out\\server\\src\\server.js:37:74872\n    at Ke (c:\\Users\\E495\\.vscode\\extensions\\uqbar.wollok-lsp-ide-0.5.4\\out\\server\\src\\server.js:7:8527)\n    at Lt (c:\\Users\\E495\\.vscode\\extensions\\uqbar.wollok-lsp-ide-0.5.4\\out\\server\\src\\server.js:7:6189)\n    at ct (c:\\Users\\E495\\.vscode\\extensions\\uqbar.wollok-lsp-ide-0.5.4\\out\\server\\src\\server.js:7:6378)\n    at Immediate._onImmediate (c:\\Users\\E495\\.vscode\\extensions\\uqbar.wollok-lsp-ide-0.5.4\\out\\server\\src\\server.js:7:6142)\n    at process.processImmediate (node:internal/timers:484:21)","timestamp":"2026-05-05T17:28:21.760Z"}
{"level":"info","message":"⌛ Validating mensajeros.wlk","timeElapsed":110,"timestamp":"2026-05-05T17:28:21.885Z"}
{"level":"info","message":"⌛ Validating mensajeros.wlk","timeElapsed":105,"timestamp":"2026-05-05T17:28:22.075Z"}
{"level":"info","message":"⌛ Validating mensajeros.wlk","timeElapsed":108,"timestamp":"2026-05-05T17:28:22.469Z"}
{"level":"info","message":"⌛ Validating mensajeros.wlk","timeElapsed":105,"timestamp":"2026-05-05T17:28:22.673Z"}
{"level":"info","message":"⌛ Building environment","timeElapsed":117,"timestamp":"2026-05-05T17:28:22.792Z"}
{"level":"info","message":"⌛ Validating mensajeros.wlk","timeElapsed":108,"timestamp":"2026-05-05T17:28:22.901Z"}
{"level":"error","message":"✘ Completions for node Parameter ([13:27, 13:33] - mensajeros.wlk) failed: Error: [Parameter]{324913} at mensajeros.wlk:13 exhausted all cases without a match [Parameter]{324913} at mensajeros.wlk:13 exhausted all cases without a match","stack":"Error: [Parameter]{324913} at mensajeros.wlk:13 exhausted all cases without a match\n    at c:\\Users\\E495\\.vscode\\extensions\\uqbar.wollok-lsp-ide-0.5.4\\out\\server\\src\\server.js:38:6142\n    at L2 (c:\\Users\\E495\\.vscode\\extensions\\uqbar.wollok-lsp-ide-0.5.4\\out\\server\\src\\server.js:2389:42)\n    at c:\\Users\\E495\\.vscode\\extensions\\uqbar.wollok-lsp-ide-0.5.4\\out\\server\\src\\server.js:2389:2988\n    at c:\\Users\\E495\\.vscode\\extensions\\uqbar.wollok-lsp-ide-0.5.4\\out\\server\\src\\server.js:2398:8440\n    at c:\\Users\\E495\\.vscode\\extensions\\uqbar.wollok-lsp-ide-0.5.4\\out\\server\\src\\server.js:37:74872\n    at Ke (c:\\Users\\E495\\.vscode\\extensions\\uqbar.wollok-lsp-ide-0.5.4\\out\\server\\src\\server.js:7:8527)\n    at Lt (c:\\Users\\E495\\.vscode\\extensions\\uqbar.wollok-lsp-ide-0.5.4\\out\\server\\src\\server.js:7:6189)\n    at ct (c:\\Users\\E495\\.vscode\\extensions\\uqbar.wollok-lsp-ide-0.5.4\\out\\server\\src\\server.js:7:6378)\n    at Immediate._onImmediate (c:\\Users\\E495\\.vscode\\extensions\\uqbar.wollok-lsp-ide-0.5.4\\out\\server\\src\\server.js:7:6142)\n    at process.processImmediate (node:internal/timers:484:21)","timestamp":"2026-05-05T17:28:23.088Z"}
{"level":"info","message":"⌛ Validating mensajeros.wlk","timeElapsed":104,"timestamp":"2026-05-05T17:28:23.198Z"}
{"level":"info","message":"⌛ Validating mensajeros.wlk","timeElapsed":101,"timestamp":"2026-05-05T17:28:23.377Z"}
{"level":"info","message":"⌛ Validating mensajeros.wlk","timeElapsed":109,"timestamp":"2026-05-05T17:28:23.868Z"}
{"level":"info","message":"⌛ Building environment","timeElapsed":122,"timestamp":"2026-05-05T17:28:23.992Z"}
{"level":"info","message":"⌛ Building environment","timeElapsed":157,"timestamp":"2026-05-05T17:28:24.150Z"}
{"level":"error","message":"✘ Completions for node Parameter ([13:27, 13:33] - mensajeros.wlk) failed: Error: [Parameter]{665418} at mensajeros.wlk:13 exhausted all cases without a match [Parameter]{665418} at mensajeros.wlk:13 exhausted all cases without a match","stack":"Error: [Parameter]{665418} at mensajeros.wlk:13 exhausted all cases without a match\n    at c:\\Users\\E495\\.vscode\\extensions\\uqbar.wollok-lsp-ide-0.5.4\\out\\server\\src\\server.js:38:6142\n    at L2 (c:\\Users\\E495\\.vscode\\extensions\\uqbar.wollok-lsp-ide-0.5.4\\out\\server\\src\\server.js:2389:42)\n    at c:\\Users\\E495\\.vscode\\extensions\\uqbar.wollok-lsp-ide-0.5.4\\out\\server\\src\\server.js:2389:2988\n    at c:\\Users\\E495\\.vscode\\extensions\\uqbar.wollok-lsp-ide-0.5.4\\out\\server\\src\\server.js:2398:8440\n    at c:\\Users\\E495\\.vscode\\extensions\\uqbar.wollok-lsp-ide-0.5.4\\out\\server\\src\\server.js:37:74872\n    at Ke (c:\\Users\\E495\\.vscode\\extensions\\uqbar.wollok-lsp-ide-0.5.4\\out\\server\\src\\server.js:7:8527)\n    at Lt (c:\\Users\\E495\\.vscode\\extensions\\uqbar.wollok-lsp-ide-0.5.4\\out\\server\\src\\server.js:7:6189)\n    at ct (c:\\Users\\E495\\.vscode\\extensions\\uqbar.wollok-lsp-ide-0.5.4\\out\\server\\src\\server.js:7:6378)\n    at Immediate._onImmediate (c:\\Users\\E495\\.vscode\\extensions\\uqbar.wollok-lsp-ide-0.5.4\\out\\server\\src\\server.js:7:6142)\n    at process.processImmediate (node:internal/timers:484:21)","timestamp":"2026-05-05T17:28:24.181Z"}
{"level":"info","message":"⌛ Validating mensajeros.wlk","timeElapsed":107,"timestamp":"2026-05-05T17:28:26.408Z"}
{"level":"info","message":"⌛ Validating mensajeros.wlk","timeElapsed":117,"timestamp":"2026-05-05T17:28:27.524Z"}
{"level":"info","message":"⌛ Validating mensajeros.wlk","timeElapsed":109,"timestamp":"2026-05-05T17:28:30.018Z"}
{"level":"info","message":"⌛ Validating mensajeros.wlk","timeElapsed":101,"timestamp":"2026-05-05T17:28:30.203Z"}
{"level":"info","message":"⌛ Validating mensajeros.wlk","timeElapsed":167,"timestamp":"2026-05-05T17:28:32.190Z"}
{"level":"info","message":"⌛ Building environment","timeElapsed":149,"timestamp":"2026-05-05T17:28:32.340Z"}
{"level":"info","message":"⌛ Validating mensajeros.wlk","timeElapsed":114,"timestamp":"2026-05-05T17:28:32.751Z"}
{"level":"info","message":"⌛ Validating mensajeros.wlk","timeElapsed":115,"timestamp":"2026-05-05T17:28:34.957Z"}
{"level":"error","message":"✘ Completions for node Send ([15:9, 15:26] - mensajeros.wlk) failed: Error: [Send]{1cf73d} at mensajeros.wlk:15 exhausted all cases without a match [Send]{1cf73d} at mensajeros.wlk:15 exhausted all cases without a match","stack":"Error: [Send]{1cf73d} at mensajeros.wlk:15 exhausted all cases without a match\n    at c:\\Users\\E495\\.vscode\\extensions\\uqbar.wollok-lsp-ide-0.5.4\\out\\server\\src\\server.js:38:6142\n    at L2 (c:\\Users\\E495\\.vscode\\extensions\\uqbar.wollok-lsp-ide-0.5.4\\out\\server\\src\\server.js:2389:42)\n    at Jh (c:\\Users\\E495\\.vscode\\extensions\\uqbar.wollok-lsp-ide-0.5.4\\out\\server\\src\\server.js:2389:1092)\n    at M5n (c:\\Users\\E495\\.vscode\\extensions\\uqbar.wollok-lsp-ide-0.5.4\\out\\server\\src\\server.js:2389:1248)\n    at c:\\Users\\E495\\.vscode\\extensions\\uqbar.wollok-lsp-ide-0.5.4\\out\\server\\src\\server.js:38:6131\n    at L2 (c:\\Users\\E495\\.vscode\\extensions\\uqbar.wollok-lsp-ide-0.5.4\\out\\server\\src\\server.js:2389:42)\n    at c:\\Users\\E495\\.vscode\\extensions\\uqbar.wollok-lsp-ide-0.5.4\\out\\server\\src\\server.js:2389:2988\n    at c:\\Users\\E495\\.vscode\\extensions\\uqbar.wollok-lsp-ide-0.5.4\\out\\server\\src\\server.js:2398:8440\n    at c:\\Users\\E495\\.vscode\\extensions\\uqbar.wollok-lsp-ide-0.5.4\\out\\server\\src\\server.js:37:74872\n    at Ke (c:\\Users\\E495\\.vscode\\extensions\\uqbar.wollok-lsp-ide-0.5.4\\out\\server\\src\\server.js:7:8527)","timestamp":"2026-05-05T17:28:36.539Z"}
{"level":"info","message":"⌛ Validating mensajeros.wlk","timeElapsed":115,"timestamp":"2026-05-05T17:28:36.656Z"}
{"level":"info","message":"⌛ Validating mensajeros.wlk","timeElapsed":139,"timestamp":"2026-05-05T17:28:36.890Z"}
{"level":"info","message":"⌛ Validating mensajeros.wlk","timeElapsed":102,"timestamp":"2026-05-05T17:28:37.369Z"}
{"level":"info","message":"⌛ Validating mensajeros.wlk","timeElapsed":106,"timestamp":"2026-05-05T17:28:37.475Z"}
{"level":"info","message":"⌛ Validating mensajeros.wlk","timeElapsed":108,"timestamp":"2026-05-05T17:28:37.709Z"}
{"level":"info","message":"⌛ Validating mensajeros.wlk","timeElapsed":103,"timestamp":"2026-05-05T17:28:41.382Z"}
{"level":"info","message":"⌛ Validating mensajeros.wlk","timeElapsed":102,"timestamp":"2026-05-05T17:28:53.075Z"}
{"level":"info","message":"⌛ Validating mensajeros.wlk","timeElapsed":102,"timestamp":"2026-05-05T17:28:55.041Z"}
{"level":"info","message":"⌛ Validating mensajeros.wlk","timeElapsed":102,"timestamp":"2026-05-05T17:28:55.454Z"}
{"level":"info","message":"⌛ Building environment","timeElapsed":115,"timestamp":"2026-05-05T17:28:59.463Z"}
{"level":"info","message":"⌛ Validating mensajeros.wlk","timeElapsed":114,"timestamp":"2026-05-05T17:28:59.703Z"}
{"level":"info","message":"⌛ Validating mensajeros.wlk","timeElapsed":105,"timestamp":"2026-05-05T17:29:00.079Z"}
{"level":"info","message":"⌛ Building environment","timeElapsed":124,"timestamp":"2026-05-05T17:29:00.204Z"}
{"level":"info","message":"⌛ Validating mensajeros.wlk","timeElapsed":114,"timestamp":"2026-05-05T17:29:00.346Z"}
{"level":"info","message":"⌛ Validating mensajeros.wlk","timeElapsed":102,"timestamp":"2026-05-05T17:29:00.617Z"}
{"level":"info","message":"⌛ Validating mensajeros.wlk","timeElapsed":173,"timestamp":"2026-05-05T17:29:00.791Z"}
{"level":"info","message":"⌛ Validating mensajeros.wlk","timeElapsed":108,"timestamp":"2026-05-05T17:29:01.629Z"}
{"level":"info","message":"⌛ Validating mensajeros.wlk","timeElapsed":104,"timestamp":"2026-05-05T17:29:01.847Z"}
{"level":"info","message":"⌛ Validating mensajeros.wlk","timeElapsed":151,"timestamp":"2026-05-05T17:29:02.212Z"}
{"level":"info","message":"⌛ Building environment","timeElapsed":108,"timestamp":"2026-05-05T17:29:02.321Z"}
{"level":"info","message":"⌛ Validating mensajeros.wlk","timeElapsed":111,"timestamp":"2026-05-05T17:29:02.634Z"}
{"level":"info","message":"⌛ Building environment","timeElapsed":114,"timestamp":"2026-05-05T17:29:02.926Z"}
{"level":"info","message":"⌛ Validating mensajeros.wlk","timeElapsed":112,"timestamp":"2026-05-05T17:29:03.067Z"}
{"level":"info","message":"⌛ Validating mensajeros.wlk","timeElapsed":110,"timestamp":"2026-05-05T17:29:03.292Z"}
{"level":"info","message":"⌛ Validating mensajeros.wlk","timeElapsed":101,"timestamp":"2026-05-05T17:29:03.630Z"}
{"level":"info","message":"⌛ Building environment","timeElapsed":117,"timestamp":"2026-05-05T17:29:03.752Z"}
{"level":"info","message":"⌛ Validating mensajeros.wlk","timeElapsed":110,"timestamp":"2026-05-05T17:29:03.965Z"}
{"level":"info","message":"⌛ Validating mensajeros.wlk","timeElapsed":110,"timestamp":"2026-05-05T17:29:04.150Z"}
{"level":"info","message":"⌛ Validating mensajeros.wlk","timeElapsed":135,"timestamp":"2026-05-05T17:29:04.378Z"}
{"level":"info","message":"⌛ Validating mensajeros.wlk","timeElapsed":124,"timestamp":"2026-05-05T17:29:04.503Z"}
{"level":"info","message":"⌛ Building environment","timeElapsed":157,"timestamp":"2026-05-05T17:29:05.280Z"}
{"level":"info","message":"⌛ Validating mensajeros.wlk","timeElapsed":107,"timestamp":"2026-05-05T17:29:05.388Z"}
{"level":"info","message":"⌛ Validating mensajeros.wlk","timeElapsed":107,"timestamp":"2026-05-05T17:29:17.348Z"}
{"level":"info","message":"⌛ Validating mensajeros.wlk","timeElapsed":112,"timestamp":"2026-05-05T17:29:27.151Z"}
{"level":"info","message":"⌛ Validating mensajeros.wlk","timeElapsed":129,"timestamp":"2026-05-05T17:29:31.010Z"}
{"level":"info","message":"⌛ Validating mensajeros.wlk","timeElapsed":104,"timestamp":"2026-05-05T17:29:32.621Z"}
{"level":"info","message":"⌛ Validating mensajeros.wlk","timeElapsed":117,"timestamp":"2026-05-05T17:29:35.353Z"}
{"level":"info","message":"⌛ Validating mensajeros.wlk","timeElapsed":102,"timestamp":"2026-05-05T17:29:35.541Z"}
{"level":"info","message":"⌛ Validating mensajeros.wlk","timeElapsed":129,"timestamp":"2026-05-05T17:29:42.156Z"}
{"level":"info","message":"⌛ Validating mensajeros.wlk","timeElapsed":134,"timestamp":"2026-05-05T17:29:48.618Z"}
{"level":"info","message":"⌛ Validating testMensajeros.wlk","timeElapsed":110,"timestamp":"2026-05-05T17:35:34.211Z"}
{"level":"info","message":"⌛ Validating testMensajeros.wlk","timeElapsed":109,"timestamp":"2026-05-05T17:35:35.320Z"}
{"level":"info","message":"⌛ Validating testMensajeros.wlk","timeElapsed":108,"timestamp":"2026-05-05T17:35:35.655Z"}
{"level":"info","message":"⌛ Validating testMensajeros.wlk","timeElapsed":102,"timestamp":"2026-05-05T17:35:36.003Z"}
{"level":"info","message":"⌛ Validating testMensajeros.wlk","timeElapsed":147,"timestamp":"2026-05-05T17:35:36.722Z"}
{"level":"info","message":"⌛ Validating testMensajeros.wlk","timeElapsed":112,"timestamp":"2026-05-05T17:35:37.084Z"}
{"level":"info","message":"⌛ Validating testMensajeros.wlk","timeElapsed":101,"timestamp":"2026-05-05T17:35:37.287Z"}
{"level":"info","message":"⌛ Validating testMensajeros.wlk","timeElapsed":139,"timestamp":"2026-05-05T17:35:37.627Z"}
{"level":"info","message":"⌛ Validating testMensajeros.wlk","timeElapsed":130,"timestamp":"2026-05-05T17:35:37.835Z"}
{"level":"info","message":"⌛ Validating testMensajeros.wlk","timeElapsed":131,"timestamp":"2026-05-05T17:35:39.484Z"}
{"level":"info","message":"⌛ Validating testMensajeros.wlk","timeElapsed":104,"timestamp":"2026-05-05T17:35:40.006Z"}
{"level":"info","message":"⌛ Validating testMensajeros.wlk","timeElapsed":136,"timestamp":"2026-05-05T17:35:40.769Z"}
{"level":"info","message":"⌛ Validating testMensajeros.wlk","timeElapsed":108,"timestamp":"2026-05-05T17:35:40.924Z"}
{"level":"info","message":"⌛ Validating testMensajeros.wlk","timeElapsed":124,"timestamp":"2026-05-05T17:35:41.152Z"}
{"level":"info","message":"⌛ Validating testMensajeros.wlk","timeElapsed":113,"timestamp":"2026-05-05T17:35:41.423Z"}
{"level":"info","message":"⌛ Validating testMensajeros.wlk","timeElapsed":121,"timestamp":"2026-05-05T17:35:41.590Z"}
{"level":"info","message":"⌛ Validating testMensajeros.wlk","timeElapsed":101,"timestamp":"2026-05-05T17:35:41.694Z"}
{"level":"info","message":"⌛ Validating testMensajeros.wlk","timeElapsed":106,"timestamp":"2026-05-05T17:35:41.904Z"}
{"level":"info","message":"⌛ Building environment","timeElapsed":116,"timestamp":"2026-05-05T17:36:34.536Z"}
{"level":"info","message":"⌛ Validating example.wlk","timeElapsed":203,"timestamp":"2026-05-05T17:36:34.750Z"}
{"level":"info","message":"⌛ Validating destinos.wlk","timeElapsed":109,"timestamp":"2026-05-05T17:36:34.860Z"}
{"level":"info","message":"⌛ Validating testExample.wtest","timeElapsed":123,"timestamp":"2026-05-05T17:36:34.984Z"}
{"level":"info","message":"⌛ Validating mensajeros.wlk","timeElapsed":479,"timestamp":"2026-05-05T17:36:35.464Z"}
{"level":"info","message":"⌛ Validating testMensajeros.wlk","timeElapsed":345,"timestamp":"2026-05-05T17:36:35.810Z"}
{"level":"info","message":"⌛ Validating paquetes.wlk","timeElapsed":241,"timestamp":"2026-05-05T17:36:36.051Z"}
{"level":"info","message":"⌛ Building environment","timeElapsed":176,"timestamp":"2026-05-05T17:36:36.231Z"}
{"level":"info","message":"⌛ Validating example.wlk","timeElapsed":147,"timestamp":"2026-05-05T17:36:36.379Z"}
{"level":"info","message":"⌛ Validating destinos.wlk","timeElapsed":159,"timestamp":"2026-05-05T17:36:36.540Z"}
{"level":"info","message":"⌛ Validating testExample.wtest","timeElapsed":151,"timestamp":"2026-05-05T17:36:36.692Z"}
{"level":"info","message":"⌛ Validating mensajeros.wlk","timeElapsed":110,"timestamp":"2026-05-05T17:36:36.803Z"}
{"level":"info","message":"⌛ Validating testMensajeros.wlk","timeElapsed":113,"timestamp":"2026-05-05T17:36:36.917Z"}
{"level":"info","message":"⌛ Validating destinos.wlk","timeElapsed":130,"timestamp":"2026-05-05T17:36:54.301Z"}
{"level":"info","message":"⌛ Building environment","timeElapsed":177,"timestamp":"2026-05-05T17:36:54.511Z"}
{"level":"info","message":"⌛ Validating destinos.wlk","timeElapsed":254,"timestamp":"2026-05-05T17:36:54.851Z"}
{"level":"info","message":"⌛ Building environment","timeElapsed":227,"timestamp":"2026-05-05T17:36:55.079Z"}
{"level":"info","message":"⌛ Building environment","timeElapsed":133,"timestamp":"2026-05-05T17:36:55.231Z"}
{"level":"info","message":"⌛ Validating destinos.wlk","timeElapsed":215,"timestamp":"2026-05-05T17:36:55.454Z"}
{"level":"info","message":"⌛ Validating destinos.wlk","timeElapsed":209,"timestamp":"2026-05-05T17:36:55.666Z"}
{"level":"info","message":"⌛ Building environment","timeElapsed":187,"timestamp":"2026-05-05T17:36:55.854Z"}
{"level":"info","message":"⌛ Building environment","timeElapsed":194,"timestamp":"2026-05-05T17:36:56.054Z"}
{"level":"info","message":"⌛ Building environment","timeElapsed":164,"timestamp":"2026-05-05T17:36:56.228Z"}
{"level":"info","message":"⌛ Validating destinos.wlk","timeElapsed":246,"timestamp":"2026-05-05T17:36:56.475Z"}
{"level":"info","message":"⌛ Validating destinos.wlk","timeElapsed":399,"timestamp":"2026-05-05T17:36:56.883Z"}
{"level":"info","message":"⌛ Building environment","timeElapsed":135,"timestamp":"2026-05-05T17:36:57.020Z"}
{"level":"info","message":"⌛ Validating destinos.wlk","timeElapsed":225,"timestamp":"2026-05-05T17:36:57.305Z"}
{"level":"info","message":"⌛ Building environment","timeElapsed":192,"timestamp":"2026-05-05T17:36:57.502Z"}
{"level":"info","message":"⌛ Building environment","timeElapsed":149,"timestamp":"2026-05-05T17:36:57.652Z"}
{"level":"info","message":"⌛ Building environment","timeElapsed":123,"timestamp":"2026-05-05T17:36:57.787Z"}
{"level":"info","message":"⌛ Validating destinos.wlk","timeElapsed":220,"timestamp":"2026-05-05T17:36:58.008Z"}
{"level":"info","message":"⌛ Validating destinos.wlk","timeElapsed":207,"timestamp":"2026-05-05T17:36:58.226Z"}
{"level":"info","message":"⌛ Validating destinos.wlk","timeElapsed":189,"timestamp":"2026-05-05T17:36:58.416Z"}
{"level":"info","message":"⌛ Validating destinos.wlk","timeElapsed":203,"timestamp":"2026-05-05T17:36:58.621Z"}
{"level":"info","message":"⌛ Building environment","timeElapsed":127,"timestamp":"2026-05-05T17:36:59.963Z"}
{"level":"error","message":"✘ Completions for node Send ([2:44, 2:74] - destinos.wlk) failed: Error: [Send]{a2f943} at destinos.wlk:2 exhausted all cases without a match [Send]{a2f943} at destinos.wlk:2 exhausted all cases without a match","stack":"Error: [Send]{a2f943} at destinos.wlk:2 exhausted all cases without a match\n    at c:\\Users\\E495\\.vscode\\extensions\\uqbar.wollok-lsp-ide-0.5.4\\out\\server\\src\\server.js:38:6142\n    at L2 (c:\\Users\\E495\\.vscode\\extensions\\uqbar.wollok-lsp-ide-0.5.4\\out\\server\\src\\server.js:2389:42)\n    at Jh (c:\\Users\\E495\\.vscode\\extensions\\uqbar.wollok-lsp-ide-0.5.4\\out\\server\\src\\server.js:2389:1092)\n    at M5n (c:\\Users\\E495\\.vscode\\extensions\\uqbar.wollok-lsp-ide-0.5.4\\out\\server\\src\\server.js:2389:1248)\n    at c:\\Users\\E495\\.vscode\\extensions\\uqbar.wollok-lsp-ide-0.5.4\\out\\server\\src\\server.js:38:6131\n    at L2 (c:\\Users\\E495\\.vscode\\extensions\\uqbar.wollok-lsp-ide-0.5.4\\out\\server\\src\\server.js:2389:42)\n    at c:\\Users\\E495\\.vscode\\extensions\\uqbar.wollok-lsp-ide-0.5.4\\out\\server\\src\\server.js:2389:2988\n    at c:\\Users\\E495\\.vscode\\extensions\\uqbar.wollok-lsp-ide-0.5.4\\out\\server\\src\\server.js:2398:8440\n    at c:\\Users\\E495\\.vscode\\extensions\\uqbar.wollok-lsp-ide-0.5.4\\out\\server\\src\\server.js:37:74872\n    at Ke (c:\\Users\\E495\\.vscode\\extensions\\uqbar.wollok-lsp-ide-0.5.4\\out\\server\\src\\server.js:7:8527)","timestamp":"2026-05-05T17:37:00.022Z"}
{"level":"error","message":"✘ Completions for node Return (undefined - destinos.wlk) failed: Error: [Return]{2c9392} at destinos.wlk:-- exhausted all cases without a match [Return]{2c9392} at destinos.wlk:-- exhausted all cases without a match","stack":"Error: [Return]{2c9392} at destinos.wlk:-- exhausted all cases without a match\n    at c:\\Users\\E495\\.vscode\\extensions\\uqbar.wollok-lsp-ide-0.5.4\\out\\server\\src\\server.js:38:6142\n    at L2 (c:\\Users\\E495\\.vscode\\extensions\\uqbar.wollok-lsp-ide-0.5.4\\out\\server\\src\\server.js:2389:42)\n    at Jh (c:\\Users\\E495\\.vscode\\extensions\\uqbar.wollok-lsp-ide-0.5.4\\out\\server\\src\\server.js:2389:1092)\n    at L2 (c:\\Users\\E495\\.vscode\\extensions\\uqbar.wollok-lsp-ide-0.5.4\\out\\server\\src\\server.js:2389:544)\n    at Jh (c:\\Users\\E495\\.vscode\\extensions\\uqbar.wollok-lsp-ide-0.5.4\\out\\server\\src\\server.js:2389:1092)\n    at M5n (c:\\Users\\E495\\.vscode\\extensions\\uqbar.wollok-lsp-ide-0.5.4\\out\\server\\src\\server.js:2389:1248)\n    at c:\\Users\\E495\\.vscode\\extensions\\uqbar.wollok-lsp-ide-0.5.4\\out\\server\\src\\server.js:38:6131\n    at L2 (c:\\Users\\E495\\.vscode\\extensions\\uqbar.wollok-lsp-ide-0.5.4\\out\\server\\src\\server.js:2389:42)\n    at c:\\Users\\E495\\.vscode\\extensions\\uqbar.wollok-lsp-ide-0.5.4\\out\\server\\src\\server.js:2389:2988\n    at c:\\Users\\E495\\.vscode\\extensions\\uqbar.wollok-lsp-ide-0.5.4\\out\\server\\src\\server.js:2398:8440","timestamp":"2026-05-05T17:37:00.023Z"}
{"level":"info","message":"⌛ Validating destinos.wlk","timeElapsed":240,"timestamp":"2026-05-05T17:37:00.269Z"}
{"level":"info","message":"⌛ Building environment","timeElapsed":125,"timestamp":"2026-05-05T17:37:00.449Z"}
{"level":"info","message":"⌛ Validating destinos.wlk","timeElapsed":359,"timestamp":"2026-05-05T17:37:00.810Z"}
{"level":"info","message":"⌛ Building environment","timeElapsed":265,"timestamp":"2026-05-05T17:37:01.077Z"}
{"level":"error","message":"✘ Completions for node Send ([2:44, 2:76] - destinos.wlk) failed: Error: [Send]{426652} at destinos.wlk:2 exhausted all cases without a match [Send]{426652} at destinos.wlk:2 exhausted all cases without a match","stack":"Error: [Send]{426652} at destinos.wlk:2 exhausted all cases without a match\n    at c:\\Users\\E495\\.vscode\\extensions\\uqbar.wollok-lsp-ide-0.5.4\\out\\server\\src\\server.js:38:6142\n    at L2 (c:\\Users\\E495\\.vscode\\extensions\\uqbar.wollok-lsp-ide-0.5.4\\out\\server\\src\\server.js:2389:42)\n    at Jh (c:\\Users\\E495\\.vscode\\extensions\\uqbar.wollok-lsp-ide-0.5.4\\out\\server\\src\\server.js:2389:1092)\n    at M5n (c:\\Users\\E495\\.vscode\\extensions\\uqbar.wollok-lsp-ide-0.5.4\\out\\server\\src\\server.js:2389:1248)\n    at c:\\Users\\E495\\.vscode\\extensions\\uqbar.wollok-lsp-ide-0.5.4\\out\\server\\src\\server.js:38:6131\n    at L2 (c:\\Users\\E495\\.vscode\\extensions\\uqbar.wollok-lsp-ide-0.5.4\\out\\server\\src\\server.js:2389:42)\n    at c:\\Users\\E495\\.vscode\\extensions\\uqbar.wollok-lsp-ide-0.5.4\\out\\server\\src\\server.js:2389:2988\n    at c:\\Users\\E495\\.vscode\\extensions\\uqbar.wollok-lsp-ide-0.5.4\\out\\server\\src\\server.js:2398:8440\n    at c:\\Users\\E495\\.vscode\\extensions\\uqbar.wollok-lsp-ide-0.5.4\\out\\server\\src\\server.js:37:74872\n    at Ke (c:\\Users\\E495\\.vscode\\extensions\\uqbar.wollok-lsp-ide-0.5.4\\out\\server\\src\\server.js:7:8527)","timestamp":"2026-05-05T17:37:01.142Z"}
{"level":"error","message":"✘ Completions for node Return (undefined - destinos.wlk) failed: Error: [Return]{97aecf} at destinos.wlk:-- exhausted all cases without a match [Return]{97aecf} at destinos.wlk:-- exhausted all cases without a match","stack":"Error: [Return]{97aecf} at destinos.wlk:-- exhausted all cases without a match\n    at c:\\Users\\E495\\.vscode\\extensions\\uqbar.wollok-lsp-ide-0.5.4\\out\\server\\src\\server.js:38:6142\n    at L2 (c:\\Users\\E495\\.vscode\\extensions\\uqbar.wollok-lsp-ide-0.5.4\\out\\server\\src\\server.js:2389:42)\n    at Jh (c:\\Users\\E495\\.vscode\\extensions\\uqbar.wollok-lsp-ide-0.5.4\\out\\server\\src\\server.js:2389:1092)\n    at L2 (c:\\Users\\E495\\.vscode\\extensions\\uqbar.wollok-lsp-ide-0.5.4\\out\\server\\src\\server.js:2389:544)\n    at Jh (c:\\Users\\E495\\.vscode\\extensions\\uqbar.wollok-lsp-ide-0.5.4\\out\\server\\src\\server.js:2389:1092)\n    at M5n (c:\\Users\\E495\\.vscode\\extensions\\uqbar.wollok-lsp-ide-0.5.4\\out\\server\\src\\server.js:2389:1248)\n    at c:\\Users\\E495\\.vscode\\extensions\\uqbar.wollok-lsp-ide-0.5.4\\out\\server\\src\\server.js:38:6131\n    at L2 (c:\\Users\\E495\\.vscode\\extensions\\uqbar.wollok-lsp-ide-0.5.4\\out\\server\\src\\server.js:2389:42)\n    at c:\\Users\\E495\\.vscode\\extensions\\uqbar.wollok-lsp-ide-0.5.4\\out\\server\\src\\server.js:2389:2988\n    at c:\\Users\\E495\\.vscode\\extensions\\uqbar.wollok-lsp-ide-0.5.4\\out\\server\\src\\server.js:2398:8440","timestamp":"2026-05-05T17:37:01.142Z"}
{"level":"info","message":"⌛ Building environment","timeElapsed":231,"timestamp":"2026-05-05T17:37:01.391Z"}
{"level":"info","message":"⌛ Building environment","timeElapsed":216,"timestamp":"2026-05-05T17:37:01.610Z"}
{"level":"info","message":"⌛ Validating destinos.wlk","timeElapsed":242,"timestamp":"2026-05-05T17:37:01.853Z"}
{"level":"info","message":"⌛ Validating destinos.wlk","timeElapsed":224,"timestamp":"2026-05-05T17:37:02.148Z"}
{"level":"info","message":"⌛ Validating destinos.wlk","timeElapsed":277,"timestamp":"2026-05-05T17:37:02.427Z"}
{"level":"info","message":"⌛ Building environment","timeElapsed":133,"timestamp":"2026-05-05T17:37:03.323Z"}
{"level":"info","message":"⌛ Validating destinos.wlk","timeElapsed":224,"timestamp":"2026-05-05T17:37:03.559Z"}
{"level":"info","message":"⌛ Building environment","timeElapsed":101,"timestamp":"2026-05-05T17:37:03.661Z"}
{"level":"info","message":"⌛ Building environment","timeElapsed":120,"timestamp":"2026-05-05T17:37:03.782Z"}
{"level":"info","message":"⌛ Building environment","timeElapsed":132,"timestamp":"2026-05-05T17:37:03.914Z"}
{"level":"info","message":"⌛ Validating destinos.wlk","timeElapsed":252,"timestamp":"2026-05-05T17:37:04.166Z"}
{"level":"info","message":"⌛ Validating destinos.wlk","timeElapsed":181,"timestamp":"2026-05-05T17:37:04.349Z"}
{"level":"info","message":"⌛ Validating destinos.wlk","timeElapsed":119,"timestamp":"2026-05-05T17:37:04.474Z"}
{"level":"info","message":"⌛ Building environment","timeElapsed":121,"timestamp":"2026-05-05T17:37:04.724Z"}
{"level":"info","message":"⌛ Validating destinos.wlk","timeElapsed":230,"timestamp":"2026-05-05T17:37:04.962Z"}
{"level":"info","message":"⌛ Building environment","timeElapsed":169,"timestamp":"2026-05-05T17:37:05.139Z"}
{"level":"error","message":"✘ Completions for node Send ([2:44, 2:74] - destinos.wlk) failed: Error: [Send]{7dd8a7} at destinos.wlk:2 exhausted all cases without a match [Send]{7dd8a7} at destinos.wlk:2 exhausted all cases without a match","stack":"Error: [Send]{7dd8a7} at destinos.wlk:2 exhausted all cases without a match\n    at c:\\Users\\E495\\.vscode\\extensions\\uqbar.wollok-lsp-ide-0.5.4\\out\\server\\src\\server.js:38:6142\n    at L2 (c:\\Users\\E495\\.vscode\\extensions\\uqbar.wollok-lsp-ide-0.5.4\\out\\server\\src\\server.js:2389:42)\n    at Jh (c:\\Users\\E495\\.vscode\\extensions\\uqbar.wollok-lsp-ide-0.5.4\\out\\server\\src\\server.js:2389:1092)\n    at M5n (c:\\Users\\E495\\.vscode\\extensions\\uqbar.wollok-lsp-ide-0.5.4\\out\\server\\src\\server.js:2389:1248)\n    at c:\\Users\\E495\\.vscode\\extensions\\uqbar.wollok-lsp-ide-0.5.4\\out\\server\\src\\server.js:38:6131\n    at L2 (c:\\Users\\E495\\.vscode\\extensions\\uqbar.wollok-lsp-ide-0.5.4\\out\\server\\src\\server.js:2389:42)\n    at c:\\Users\\E495\\.vscode\\extensions\\uqbar.wollok-lsp-ide-0.5.4\\out\\server\\src\\server.js:2389:2988\n    at c:\\Users\\E495\\.vscode\\extensions\\uqbar.wollok-lsp-ide-0.5.4\\out\\server\\src\\server.js:2398:8440\n    at c:\\Users\\E495\\.vscode\\extensions\\uqbar.wollok-lsp-ide-0.5.4\\out\\server\\src\\server.js:37:74872\n    at Ke (c:\\Users\\E495\\.vscode\\extensions\\uqbar.wollok-lsp-ide-0.5.4\\out\\server\\src\\server.js:7:8527)","timestamp":"2026-05-05T17:37:05.187Z"}
{"level":"error","message":"✘ Completions for node Return (undefined - destinos.wlk) failed: Error: [Return]{21a332} at destinos.wlk:-- exhausted all cases without a match [Return]{21a332} at destinos.wlk:-- exhausted all cases without a match","stack":"Error: [Return]{21a332} at destinos.wlk:-- exhausted all cases without a match\n    at c:\\Users\\E495\\.vscode\\extensions\\uqbar.wollok-lsp-ide-0.5.4\\out\\server\\src\\server.js:38:6142\n    at L2 (c:\\Users\\E495\\.vscode\\extensions\\uqbar.wollok-lsp-ide-0.5.4\\out\\server\\src\\server.js:2389:42)\n    at Jh (c:\\Users\\E495\\.vscode\\extensions\\uqbar.wollok-lsp-ide-0.5.4\\out\\server\\src\\server.js:2389:1092)\n    at L2 (c:\\Users\\E495\\.vscode\\extensions\\uqbar.wollok-lsp-ide-0.5.4\\out\\server\\src\\server.js:2389:544)\n    at Jh (c:\\Users\\E495\\.vscode\\extensions\\uqbar.wollok-lsp-ide-0.5.4\\out\\server\\src\\server.js:2389:1092)\n    at M5n (c:\\Users\\E495\\.vscode\\extensions\\uqbar.wollok-lsp-ide-0.5.4\\out\\server\\src\\server.js:2389:1248)\n    at c:\\Users\\E495\\.vscode\\extensions\\uqbar.wollok-lsp-ide-0.5.4\\out\\server\\src\\server.js:38:6131\n    at L2 (c:\\Users\\E495\\.vscode\\extensions\\uqbar.wollok-lsp-ide-0.5.4\\out\\server\\src\\server.js:2389:42)\n    at c:\\Users\\E495\\.vscode\\extensions\\uqbar.wollok-lsp-ide-0.5.4\\out\\server\\src\\server.js:2389:2988\n    at c:\\Users\\E495\\.vscode\\extensions\\uqbar.wollok-lsp-ide-0.5.4\\out\\server\\src\\server.js:2398:8440","timestamp":"2026-05-05T17:37:05.187Z"}
{"level":"info","message":"⌛ Building environment","timeElapsed":155,"timestamp":"2026-05-05T17:37:05.348Z"}
{"level":"info","message":"⌛ Validating destinos.wlk","timeElapsed":155,"timestamp":"2026-05-05T17:37:05.504Z"}
{"level":"info","message":"⌛ Building environment","timeElapsed":150,"timestamp":"2026-05-05T17:37:05.706Z"}
{"level":"info","message":"⌛ Validating destinos.wlk","timeElapsed":194,"timestamp":"2026-05-05T17:37:05.901Z"}
{"level":"info","message":"⌛ Building environment","timeElapsed":110,"timestamp":"2026-05-05T17:37:06.011Z"}
{"level":"info","message":"⌛ Validating destinos.wlk","timeElapsed":132,"timestamp":"2026-05-05T17:37:06.144Z"}
{"level":"info","message":"⌛ Validating destinos.wlk","timeElapsed":148,"timestamp":"2026-05-05T17:37:06.300Z"}
{"level":"info","message":"⌛ Building environment","timeElapsed":102,"timestamp":"2026-05-05T17:37:06.404Z"}
{"level":"info","message":"⌛ Validating destinos.wlk","timeElapsed":181,"timestamp":"2026-05-05T17:37:06.586Z"}
{"level":"info","message":"⌛ Building environment","timeElapsed":182,"timestamp":"2026-05-05T17:37:06.770Z"}
{"level":"info","message":"⌛ Validating destinos.wlk","timeElapsed":191,"timestamp":"2026-05-05T17:37:07.022Z"}
{"level":"info","message":"⌛ Building environment","timeElapsed":132,"timestamp":"2026-05-05T17:37:07.212Z"}
{"level":"info","message":"⌛ Validating destinos.wlk","timeElapsed":201,"timestamp":"2026-05-05T17:37:07.415Z"}
{"level":"info","message":"⌛ Building environment","timeElapsed":204,"timestamp":"2026-05-05T17:37:07.628Z"}
{"level":"info","message":"⌛ Validating destinos.wlk","timeElapsed":193,"timestamp":"2026-05-05T17:37:07.834Z"}
{"level":"info","message":"⌛ Building environment","timeElapsed":154,"timestamp":"2026-05-05T17:37:07.988Z"}
{"level":"info","message":"⌛ Validating destinos.wlk","timeElapsed":156,"timestamp":"2026-05-05T17:37:08.152Z"}
{"level":"info","message":"⌛ Building environment","timeElapsed":172,"timestamp":"2026-05-05T17:37:08.326Z"}
{"level":"info","message":"⌛ Validating destinos.wlk","timeElapsed":160,"timestamp":"2026-05-05T17:37:08.493Z"}
{"level":"info","message":"⌛ Building environment","timeElapsed":106,"timestamp":"2026-05-05T17:37:08.953Z"}
{"level":"info","message":"⌛ Validating destinos.wlk","timeElapsed":178,"timestamp":"2026-05-05T17:37:09.132Z"}
{"level":"info","message":"⌛ Building environment","timeElapsed":117,"timestamp":"2026-05-05T17:37:09.262Z"}
{"level":"info","message":"⌛ Validating destinos.wlk","timeElapsed":172,"timestamp":"2026-05-05T17:37:09.436Z"}
{"level":"info","message":"⌛ Validating destinos.wlk","timeElapsed":123,"timestamp":"2026-05-05T17:37:10.083Z"}
{"level":"info","message":"⌛ Building environment","timeElapsed":124,"timestamp":"2026-05-05T17:37:10.261Z"}
{"level":"info","message":"⌛ Validating destinos.wlk","timeElapsed":163,"timestamp":"2026-05-05T17:37:10.431Z"}
{"level":"info","message":"⌛ Building environment","timeElapsed":152,"timestamp":"2026-05-05T17:37:11.323Z"}
{"level":"info","message":"⌛ Validating destinos.wlk","timeElapsed":136,"timestamp":"2026-05-05T17:37:11.544Z"}
{"level":"info","message":"⌛ Building environment","timeElapsed":114,"timestamp":"2026-05-05T17:37:11.659Z"}
{"level":"info","message":"⌛ Validating destinos.wlk","timeElapsed":131,"timestamp":"2026-05-05T17:37:11.790Z"}
{"level":"info","message":"⌛ Building environment","timeElapsed":162,"timestamp":"2026-05-05T17:37:11.954Z"}
{"level":"info","message":"⌛ Validating destinos.wlk","timeElapsed":122,"timestamp":"2026-05-05T17:37:12.166Z"}
{"level":"info","message":"⌛ Validating destinos.wlk","timeElapsed":119,"timestamp":"2026-05-05T17:37:12.291Z"}
{"level":"info","message":"⌛ Validating destinos.wlk","timeElapsed":111,"timestamp":"2026-05-05T17:37:12.405Z"}
{"level":"info","message":"⌛ Validating destinos.wlk","timeElapsed":115,"timestamp":"2026-05-05T17:37:13.451Z"}
{"level":"info","message":"⌛ Validating destinos.wlk","timeElapsed":113,"timestamp":"2026-05-05T17:37:13.724Z"}
{"level":"info","message":"⌛ Validating destinos.wlk","timeElapsed":114,"timestamp":"2026-05-05T17:37:13.838Z"}
{"level":"info","message":"⌛ Building environment","timeElapsed":106,"timestamp":"2026-05-05T17:37:15.063Z"}
{"level":"info","message":"⌛ Validating destinos.wlk","timeElapsed":119,"timestamp":"2026-05-05T17:37:15.183Z"}
{"level":"info","message":"⌛ Validating destinos.wlk","timeElapsed":106,"timestamp":"2026-05-05T17:37:15.371Z"}
{"level":"info","message":"⌛ Validating destinos.wlk","timeElapsed":112,"timestamp":"2026-05-05T17:37:15.556Z"}
{"level":"info","message":"⌛ Validating destinos.wlk","timeElapsed":108,"timestamp":"2026-05-05T17:37:15.754Z"}
{"level":"error","message":"✘ Completions for node Send ([2:44, 2:89] - destinos.wlk) failed: Error: [Send]{ec1ee7} at destinos.wlk:2 exhausted all cases without a match [Send]{ec1ee7} at destinos.wlk:2 exhausted all cases without a match","stack":"Error: [Send]{ec1ee7} at destinos.wlk:2 exhausted all cases without a match\n    at c:\\Users\\E495\\.vscode\\extensions\\uqbar.wollok-lsp-ide-0.5.4\\out\\server\\src\\server.js:38:6142\n    at L2 (c:\\Users\\E495\\.vscode\\extensions\\uqbar.wollok-lsp-ide-0.5.4\\out\\server\\src\\server.js:2389:42)\n    at Jh (c:\\Users\\E495\\.vscode\\extensions\\uqbar.wollok-lsp-ide-0.5.4\\out\\server\\src\\server.js:2389:1092)\n    at M5n (c:\\Users\\E495\\.vscode\\extensions\\uqbar.wollok-lsp-ide-0.5.4\\out\\server\\src\\server.js:2389:1248)\n    at c:\\Users\\E495\\.vscode\\extensions\\uqbar.wollok-lsp-ide-0.5.4\\out\\server\\src\\server.js:38:6131\n    at L2 (c:\\Users\\E495\\.vscode\\extensions\\uqbar.wollok-lsp-ide-0.5.4\\out\\server\\src\\server.js:2389:42)\n    at c:\\Users\\E495\\.vscode\\extensions\\uqbar.wollok-lsp-ide-0.5.4\\out\\server\\src\\server.js:2389:2988\n    at c:\\Users\\E495\\.vscode\\extensions\\uqbar.wollok-lsp-ide-0.5.4\\out\\server\\src\\server.js:2398:8440\n    at c:\\Users\\E495\\.vscode\\extensions\\uqbar.wollok-lsp-ide-0.5.4\\out\\server\\src\\server.js:37:74872\n    at Ke (c:\\Users\\E495\\.vscode\\extensions\\uqbar.wollok-lsp-ide-0.5.4\\out\\server\\src\\server.js:7:8527)","timestamp":"2026-05-05T17:37:15.979Z"}
{"level":"error","message":"✘ Completions for node Return (undefined - destinos.wlk) failed: Error: [Return]{d2718f} at destinos.wlk:-- exhausted all cases without a match [Return]{d2718f} at destinos.wlk:-- exhausted all cases without a match","stack":"Error: [Return]{d2718f} at destinos.wlk:-- exhausted all cases without a match\n    at c:\\Users\\E495\\.vscode\\extensions\\uqbar.wollok-lsp-ide-0.5.4\\out\\server\\src\\server.js:38:6142\n    at L2 (c:\\Users\\E495\\.vscode\\extensions\\uqbar.wollok-lsp-ide-0.5.4\\out\\server\\src\\server.js:2389:42)\n    at Jh (c:\\Users\\E495\\.vscode\\extensions\\uqbar.wollok-lsp-ide-0.5.4\\out\\server\\src\\server.js:2389:1092)\n    at L2 (c:\\Users\\E495\\.vscode\\extensions\\uqbar.wollok-lsp-ide-0.5.4\\out\\server\\src\\server.js:2389:544)\n    at Jh (c:\\Users\\E495\\.vscode\\extensions\\uqbar.wollok-lsp-ide-0.5.4\\out\\server\\src\\server.js:2389:1092)\n    at M5n (c:\\Users\\E495\\.vscode\\extensions\\uqbar.wollok-lsp-ide-0.5.4\\out\\server\\src\\server.js:2389:1248)\n    at c:\\Users\\E495\\.vscode\\extensions\\uqbar.wollok-lsp-ide-0.5.4\\out\\server\\src\\server.js:38:6131\n    at L2 (c:\\Users\\E495\\.vscode\\extensions\\uqbar.wollok-lsp-ide-0.5.4\\out\\server\\src\\server.js:2389:42)\n    at c:\\Users\\E495\\.vscode\\extensions\\uqbar.wollok-lsp-ide-0.5.4\\out\\server\\src\\server.js:2389:2988\n    at c:\\Users\\E495\\.vscode\\extensions\\uqbar.wollok-lsp-ide-0.5.4\\out\\server\\src\\server.js:2398:8440","timestamp":"2026-05-05T17:37:15.979Z"}
{"level":"info","message":"⌛ Validating destinos.wlk","timeElapsed":125,"timestamp":"2026-05-05T17:37:16.107Z"}
{"level":"error","message":"✘ Completions for node Send ([2:44, 2:90] - destinos.wlk) failed: Error: [Send]{b753fc} at destinos.wlk:2 exhausted all cases without a match [Send]{b753fc} at destinos.wlk:2 exhausted all cases without a match","stack":"Error: [Send]{b753fc} at destinos.wlk:2 exhausted all cases without a match\n    at c:\\Users\\E495\\.vscode\\extensions\\uqbar.wollok-lsp-ide-0.5.4\\out\\server\\src\\server.js:38:6142\n    at L2 (c:\\Users\\E495\\.vscode\\extensions\\uqbar.wollok-lsp-ide-0.5.4\\out\\server\\src\\server.js:2389:42)\n    at Jh (c:\\Users\\E495\\.vscode\\extensions\\uqbar.wollok-lsp-ide-0.5.4\\out\\server\\src\\server.js:2389:1092)\n    at M5n (c:\\Users\\E495\\.vscode\\extensions\\uqbar.wollok-lsp-ide-0.5.4\\out\\server\\src\\server.js:2389:1248)\n    at c:\\Users\\E495\\.vscode\\extensions\\uqbar.wollok-lsp-ide-0.5.4\\out\\server\\src\\server.js:38:6131\n    at L2 (c:\\Users\\E495\\.vscode\\extensions\\uqbar.wollok-lsp-ide-0.5.4\\out\\server\\src\\server.js:2389:42)\n    at c:\\Users\\E495\\.vscode\\extensions\\uqbar.wollok-lsp-ide-0.5.4\\out\\server\\src\\server.js:2389:2988\n    at c:\\Users\\E495\\.vscode\\extensions\\uqbar.wollok-lsp-ide-0.5.4\\out\\server\\src\\server.js:2398:8440\n    at c:\\Users\\E495\\.vscode\\extensions\\uqbar.wollok-lsp-ide-0.5.4\\out\\server\\src\\server.js:37:74872\n    at Ke (c:\\Users\\E495\\.vscode\\extensions\\uqbar.wollok-lsp-ide-0.5.4\\out\\server\\src\\server.js:7:8527)","timestamp":"2026-05-05T17:37:16.345Z"}
{"level":"error","message":"✘ Completions for node Return (undefined - destinos.wlk) failed: Error: [Return]{777fb0} at destinos.wlk:-- exhausted all cases without a match [Return]{777fb0} at destinos.wlk:-- exhausted all cases without a match","stack":"Error: [Return]{777fb0} at destinos.wlk:-- exhausted all cases without a match\n    at c:\\Users\\E495\\.vscode\\extensions\\uqbar.wollok-lsp-ide-0.5.4\\out\\server\\src\\server.js:38:6142\n    at L2 (c:\\Users\\E495\\.vscode\\extensions\\uqbar.wollok-lsp-ide-0.5.4\\out\\server\\src\\server.js:2389:42)\n    at Jh (c:\\Users\\E495\\.vscode\\extensions\\uqbar.wollok-lsp-ide-0.5.4\\out\\server\\src\\server.js:2389:1092)\n    at L2 (c:\\Users\\E495\\.vscode\\extensions\\uqbar.wollok-lsp-ide-0.5.4\\out\\server\\src\\server.js:2389:544)\n    at Jh (c:\\Users\\E495\\.vscode\\extensions\\uqbar.wollok-lsp-ide-0.5.4\\out\\server\\src\\server.js:2389:1092)\n    at M5n (c:\\Users\\E495\\.vscode\\extensions\\uqbar.wollok-lsp-ide-0.5.4\\out\\server\\src\\server.js:2389:1248)\n    at c:\\Users\\E495\\.vscode\\extensions\\uqbar.wollok-lsp-ide-0.5.4\\out\\server\\src\\server.js:38:6131\n    at L2 (c:\\Users\\E495\\.vscode\\extensions\\uqbar.wollok-lsp-ide-0.5.4\\out\\server\\src\\server.js:2389:42)\n    at c:\\Users\\E495\\.vscode\\extensions\\uqbar.wollok-lsp-ide-0.5.4\\out\\server\\src\\server.js:2389:2988\n    at c:\\Users\\E495\\.vscode\\extensions\\uqbar.wollok-lsp-ide-0.5.4\\out\\server\\src\\server.js:2398:8440","timestamp":"2026-05-05T17:37:16.346Z"}
{"level":"info","message":"⌛ Validating destinos.wlk","timeElapsed":102,"timestamp":"2026-05-05T17:37:16.451Z"}
{"level":"info","message":"⌛ Building environment","timeElapsed":111,"timestamp":"2026-05-05T17:37:16.625Z"}
{"level":"error","message":"✘ Completions for node Send ([2:44, 2:91] - destinos.wlk) failed: Error: [Send]{033229} at destinos.wlk:2 exhausted all cases without a match [Send]{033229} at destinos.wlk:2 exhausted all cases without a match","stack":"Error: [Send]{033229} at destinos.wlk:2 exhausted all cases without a match\n    at c:\\Users\\E495\\.vscode\\extensions\\uqbar.wollok-lsp-ide-0.5.4\\out\\server\\src\\server.js:38:6142\n    at L2 (c:\\Users\\E495\\.vscode\\extensions\\uqbar.wollok-lsp-ide-0.5.4\\out\\server\\src\\server.js:2389:42)\n    at Jh (c:\\Users\\E495\\.vscode\\extensions\\uqbar.wollok-lsp-ide-0.5.4\\out\\server\\src\\server.js:2389:1092)\n    at M5n (c:\\Users\\E495\\.vscode\\extensions\\uqbar.wollok-lsp-ide-0.5.4\\out\\server\\src\\server.js:2389:1248)\n    at c:\\Users\\E495\\.vscode\\extensions\\uqbar.wollok-lsp-ide-0.5.4\\out\\server\\src\\server.js:38:6131\n    at L2 (c:\\Users\\E495\\.vscode\\extensions\\uqbar.wollok-lsp-ide-0.5.4\\out\\server\\src\\server.js:2389:42)\n    at c:\\Users\\E495\\.vscode\\extensions\\uqbar.wollok-lsp-ide-0.5.4\\out\\server\\src\\server.js:2389:2988\n    at c:\\Users\\E495\\.vscode\\extensions\\uqbar.wollok-lsp-ide-0.5.4\\out\\server\\src\\server.js:2398:8440\n    at c:\\Users\\E495\\.vscode\\extensions\\uqbar.wollok-lsp-ide-0.5.4\\out\\server\\src\\server.js:37:74872\n    at Ke (c:\\Users\\E495\\.vscode\\extensions\\uqbar.wollok-lsp-ide-0.5.4\\out\\server\\src\\server.js:7:8527)","timestamp":"2026-05-05T17:37:16.668Z"}
{"level":"error","message":"✘ Completions for node Return (undefined - destinos.wlk) failed: Error: [Return]{7e8093} at destinos.wlk:-- exhausted all cases without a match [Return]{7e8093} at destinos.wlk:-- exhausted all cases without a match","stack":"Error: [Return]{7e8093} at destinos.wlk:-- exhausted all cases without a match\n    at c:\\Users\\E495\\.vscode\\extensions\\uqbar.wollok-lsp-ide-0.5.4\\out\\server\\src\\server.js:38:6142\n    at L2 (c:\\Users\\E495\\.vscode\\extensions\\uqbar.wollok-lsp-ide-0.5.4\\out\\server\\src\\server.js:2389:42)\n    at Jh (c:\\Users\\E495\\.vscode\\extensions\\uqbar.wollok-lsp-ide-0.5.4\\out\\server\\src\\server.js:2389:1092)\n    at L2 (c:\\Users\\E495\\.vscode\\extensions\\uqbar.wollok-lsp-ide-0.5.4\\out\\server\\src\\server.js:2389:544)\n    at Jh (c:\\Users\\E495\\.vscode\\extensions\\uqbar.wollok-lsp-ide-0.5.4\\out\\server\\src\\server.js:2389:1092)\n    at M5n (c:\\Users\\E495\\.vscode\\extensions\\uqbar.wollok-lsp-ide-0.5.4\\out\\server\\src\\server.js:2389:1248)\n    at c:\\Users\\E495\\.vscode\\extensions\\uqbar.wollok-lsp-ide-0.5.4\\out\\server\\src\\server.js:38:6131\n    at L2 (c:\\Users\\E495\\.vscode\\extensions\\uqbar.wollok-lsp-ide-0.5.4\\out\\server\\src\\server.js:2389:42)\n    at c:\\Users\\E495\\.vscode\\extensions\\uqbar.wollok-lsp-ide-0.5.4\\out\\server\\src\\server.js:2389:2988\n    at c:\\Users\\E495\\.vscode\\extensions\\uqbar.wollok-lsp-ide-0.5.4\\out\\server\\src\\server.js:2398:8440","timestamp":"2026-05-05T17:37:16.668Z"}
{"level":"info","message":"⌛ Validating destinos.wlk","timeElapsed":128,"timestamp":"2026-05-05T17:37:16.799Z"}
{"level":"error","message":"✘ Completions for node Send ([2:44, 2:92] - destinos.wlk) failed: Error: [Send]{63d029} at destinos.wlk:2 exhausted all cases without a match [Send]{63d029} at destinos.wlk:2 exhausted all cases without a match","stack":"Error: [Send]{63d029} at destinos.wlk:2 exhausted all cases without a match\n    at c:\\Users\\E495\\.vscode\\extensions\\uqbar.wollok-lsp-ide-0.5.4\\out\\server\\src\\server.js:38:6142\n    at L2 (c:\\Users\\E495\\.vscode\\extensions\\uqbar.wollok-lsp-ide-0.5.4\\out\\server\\src\\server.js:2389:42)\n    at Jh (c:\\Users\\E495\\.vscode\\extensions\\uqbar.wollok-lsp-ide-0.5.4\\out\\server\\src\\server.js:2389:1092)\n    at M5n (c:\\Users\\E495\\.vscode\\extensions\\uqbar.wollok-lsp-ide-0.5.4\\out\\server\\src\\server.js:2389:1248)\n    at c:\\Users\\E495\\.vscode\\extensions\\uqbar.wollok-lsp-ide-0.5.4\\out\\server\\src\\server.js:38:6131\n    at L2 (c:\\Users\\E495\\.vscode\\extensions\\uqbar.wollok-lsp-ide-0.5.4\\out\\server\\src\\server.js:2389:42)\n    at c:\\Users\\E495\\.vscode\\extensions\\uqbar.wollok-lsp-ide-0.5.4\\out\\server\\src\\server.js:2389:2988\n    at c:\\Users\\E495\\.vscode\\extensions\\uqbar.wollok-lsp-ide-0.5.4\\out\\server\\src\\server.js:2398:8440\n    at c:\\Users\\E495\\.vscode\\extensions\\uqbar.wollok-lsp-ide-0.5.4\\out\\server\\src\\server.js:37:74872\n    at Ke (c:\\Users\\E495\\.vscode\\extensions\\uqbar.wollok-lsp-ide-0.5.4\\out\\server\\src\\server.js:7:8527)","timestamp":"2026-05-05T17:37:16.921Z"}
{"level":"error","message":"✘ Completions for node Return (undefined - destinos.wlk) failed: Error: [Return]{12cf65} at destinos.wlk:-- exhausted all cases without a match [Return]{12cf65} at destinos.wlk:-- exhausted all cases without a match","stack":"Error: [Return]{12cf65} at destinos.wlk:-- exhausted all cases without a match\n    at c:\\Users\\E495\\.vscode\\extensions\\uqbar.wollok-lsp-ide-0.5.4\\out\\server\\src\\server.js:38:6142\n    at L2 (c:\\Users\\E495\\.vscode\\extensions\\uqbar.wollok-lsp-ide-0.5.4\\out\\server\\src\\server.js:2389:42)\n    at Jh (c:\\Users\\E495\\.vscode\\extensions\\uqbar.wollok-lsp-ide-0.5.4\\out\\server\\src\\server.js:2389:1092)\n    at L2 (c:\\Users\\E495\\.vscode\\extensions\\uqbar.wollok-lsp-ide-0.5.4\\out\\server\\src\\server.js:2389:544)\n    at Jh (c:\\Users\\E495\\.vscode\\extensions\\uqbar.wollok-lsp-ide-0.5.4\\out\\server\\src\\server.js:2389:1092)\n    at M5n (c:\\Users\\E495\\.vscode\\extensions\\uqbar.wollok-lsp-ide-0.5.4\\out\\server\\src\\server.js:2389:1248)\n    at c:\\Users\\E495\\.vscode\\extensions\\uqbar.wollok-lsp-ide-0.5.4\\out\\server\\src\\server.js:38:6131\n    at L2 (c:\\Users\\E495\\.vscode\\extensions\\uqbar.wollok-lsp-ide-0.5.4\\out\\server\\src\\server.js:2389:42)\n    at c:\\Users\\E495\\.vscode\\extensions\\uqbar.wollok-lsp-ide-0.5.4\\out\\server\\src\\server.js:2389:2988\n    at c:\\Users\\E495\\.vscode\\extensions\\uqbar.wollok-lsp-ide-0.5.4\\out\\server\\src\\server.js:2398:8440","timestamp":"2026-05-05T17:37:16.921Z"}
{"level":"info","message":"⌛ Building environment","timeElapsed":105,"timestamp":"2026-05-05T17:37:17.033Z"}
{"level":"info","message":"⌛ Validating destinos.wlk","timeElapsed":123,"timestamp":"2026-05-05T17:37:17.157Z"}
{"level":"info","message":"⌛ Validating destinos.wlk","timeElapsed":110,"timestamp":"2026-05-05T17:37:17.266Z"}
{"level":"error","message":"✘ Completions for node Send ([2:44, 2:94] - destinos.wlk) failed: Error: [Send]{6de7f3} at destinos.wlk:2 exhausted all cases without a match [Send]{6de7f3} at destinos.wlk:2 exhausted all cases without a match","stack":"Error: [Send]{6de7f3} at destinos.wlk:2 exhausted all cases without a match\n    at c:\\Users\\E495\\.vscode\\extensions\\uqbar.wollok-lsp-ide-0.5.4\\out\\server\\src\\server.js:38:6142\n    at L2 (c:\\Users\\E495\\.vscode\\extensions\\uqbar.wollok-lsp-ide-0.5.4\\out\\server\\src\\server.js:2389:42)\n    at Jh (c:\\Users\\E495\\.vscode\\extensions\\uqbar.wollok-lsp-ide-0.5.4\\out\\server\\src\\server.js:2389:1092)\n    at M5n (c:\\Users\\E495\\.vscode\\extensions\\uqbar.wollok-lsp-ide-0.5.4\\out\\server\\src\\server.js:2389:1248)\n    at c:\\Users\\E495\\.vscode\\extensions\\uqbar.wollok-lsp-ide-0.5.4\\out\\server\\src\\server.js:38:6131\n    at L2 (c:\\Users\\E495\\.vscode\\extensions\\uqbar.wollok-lsp-ide-0.5.4\\out\\server\\src\\server.js:2389:42)\n    at c:\\Users\\E495\\.vscode\\extensions\\uqbar.wollok-lsp-ide-0.5.4\\out\\server\\src\\server.js:2389:2988\n    at c:\\Users\\E495\\.vscode\\extensions\\uqbar.wollok-lsp-ide-0.5.4\\out\\server\\src\\server.js:2398:8440\n    at c:\\Users\\E495\\.vscode\\extensions\\uqbar.wollok-lsp-ide-0.5.4\\out\\server\\src\\server.js:37:74872\n    at Ke (c:\\Users\\E495\\.vscode\\extensions\\uqbar.wollok-lsp-ide-0.5.4\\out\\server\\src\\server.js:7:8527)","timestamp":"2026-05-05T17:37:17.386Z"}
{"level":"error","message":"✘ Completions for node Return (undefined - destinos.wlk) failed: Error: [Return]{ed439a} at destinos.wlk:-- exhausted all cases without a match [Return]{ed439a} at destinos.wlk:-- exhausted all cases without a match","stack":"Error: [Return]{ed439a} at destinos.wlk:-- exhausted all cases without a match\n    at c:\\Users\\E495\\.vscode\\extensions\\uqbar.wollok-lsp-ide-0.5.4\\out\\server\\src\\server.js:38:6142\n    at L2 (c:\\Users\\E495\\.vscode\\extensions\\uqbar.wollok-lsp-ide-0.5.4\\out\\server\\src\\server.js:2389:42)\n    at Jh (c:\\Users\\E495\\.vscode\\extensions\\uqbar.wollok-lsp-ide-0.5.4\\out\\server\\src\\server.js:2389:1092)\n    at L2 (c:\\Users\\E495\\.vscode\\extensions\\uqbar.wollok-lsp-ide-0.5.4\\out\\server\\src\\server.js:2389:544)\n    at Jh (c:\\Users\\E495\\.vscode\\extensions\\uqbar.wollok-lsp-ide-0.5.4\\out\\server\\src\\server.js:2389:1092)\n    at M5n (c:\\Users\\E495\\.vscode\\extensions\\uqbar.wollok-lsp-ide-0.5.4\\out\\server\\src\\server.js:2389:1248)\n    at c:\\Users\\E495\\.vscode\\extensions\\uqbar.wollok-lsp-ide-0.5.4\\out\\server\\src\\server.js:38:6131\n    at L2 (c:\\Users\\E495\\.vscode\\extensions\\uqbar.wollok-lsp-ide-0.5.4\\out\\server\\src\\server.js:2389:42)\n    at c:\\Users\\E495\\.vscode\\extensions\\uqbar.wollok-lsp-ide-0.5.4\\out\\server\\src\\server.js:2389:2988\n    at c:\\Users\\E495\\.vscode\\extensions\\uqbar.wollok-lsp-ide-0.5.4\\out\\server\\src\\server.js:2398:8440","timestamp":"2026-05-05T17:37:17.386Z"}
{"level":"info","message":"⌛ Validating destinos.wlk","timeElapsed":109,"timestamp":"2026-05-05T17:37:17.505Z"}
{"level":"info","message":"⌛ Validating destinos.wlk","timeElapsed":120,"timestamp":"2026-05-05T17:37:17.777Z"}
{"level":"info","message":"⌛ Building environment","timeElapsed":119,"timestamp":"2026-05-05T17:37:17.973Z"}
{"level":"error","message":"✘ Completions for node Send ([2:44, 2:95] - destinos.wlk) failed: Error: [Send]{e9e039} at destinos.wlk:2 exhausted all cases without a match [Send]{e9e039} at destinos.wlk:2 exhausted all cases without a match","stack":"Error: [Send]{e9e039} at destinos.wlk:2 exhausted all cases without a match\n    at c:\\Users\\E495\\.vscode\\extensions\\uqbar.wollok-lsp-ide-0.5.4\\out\\server\\src\\server.js:38:6142\n    at L2 (c:\\Users\\E495\\.vscode\\extensions\\uqbar.wollok-lsp-ide-0.5.4\\out\\server\\src\\server.js:2389:42)\n    at Jh (c:\\Users\\E495\\.vscode\\extensions\\uqbar.wollok-lsp-ide-0.5.4\\out\\server\\src\\server.js:2389:1092)\n    at M5n (c:\\Users\\E495\\.vscode\\extensions\\uqbar.wollok-lsp-ide-0.5.4\\out\\server\\src\\server.js:2389:1248)\n    at c:\\Users\\E495\\.vscode\\extensions\\uqbar.wollok-lsp-ide-0.5.4\\out\\server\\src\\server.js:38:6131\n    at L2 (c:\\Users\\E495\\.vscode\\extensions\\uqbar.wollok-lsp-ide-0.5.4\\out\\server\\src\\server.js:2389:42)\n    at c:\\Users\\E495\\.vscode\\extensions\\uqbar.wollok-lsp-ide-0.5.4\\out\\server\\src\\server.js:2389:2988\n    at c:\\Users\\E495\\.vscode\\extensions\\uqbar.wollok-lsp-ide-0.5.4\\out\\server\\src\\server.js:2398:8440\n    at c:\\Users\\E495\\.vscode\\extensions\\uqbar.wollok-lsp-ide-0.5.4\\out\\server\\src\\server.js:37:74872\n    at Ke (c:\\Users\\E495\\.vscode\\extensions\\uqbar.wollok-lsp-ide-0.5.4\\out\\server\\src\\server.js:7:8527)","timestamp":"2026-05-05T17:37:18.020Z"}
{"level":"error","message":"✘ Completions for node Return (undefined - destinos.wlk) failed: Error: [Return]{5efbc2} at destinos.wlk:-- exhausted all cases without a match [Return]{5efbc2} at destinos.wlk:-- exhausted all cases without a match","stack":"Error: [Return]{5efbc2} at destinos.wlk:-- exhausted all cases without a match\n    at c:\\Users\\E495\\.vscode\\extensions\\uqbar.wollok-lsp-ide-0.5.4\\out\\server\\src\\server.js:38:6142\n    at L2 (c:\\Users\\E495\\.vscode\\extensions\\uqbar.wollok-lsp-ide-0.5.4\\out\\server\\src\\server.js:2389:42)\n    at Jh (c:\\Users\\E495\\.vscode\\extensions\\uqbar.wollok-lsp-ide-0.5.4\\out\\server\\src\\server.js:2389:1092)\n    at L2 (c:\\Users\\E495\\.vscode\\extensions\\uqbar.wollok-lsp-ide-0.5.4\\out\\server\\src\\server.js:2389:544)\n    at Jh (c:\\Users\\E495\\.vscode\\extensions\\uqbar.wollok-lsp-ide-0.5.4\\out\\server\\src\\server.js:2389:1092)\n    at M5n (c:\\Users\\E495\\.vscode\\extensions\\uqbar.wollok-lsp-ide-0.5.4\\out\\server\\src\\server.js:2389:1248)\n    at c:\\Users\\E495\\.vscode\\extensions\\uqbar.wollok-lsp-ide-0.5.4\\out\\server\\src\\server.js:38:6131\n    at L2 (c:\\Users\\E495\\.vscode\\extensions\\uqbar.wollok-lsp-ide-0.5.4\\out\\server\\src\\server.js:2389:42)\n    at c:\\Users\\E495\\.vscode\\extensions\\uqbar.wollok-lsp-ide-0.5.4\\out\\server\\src\\server.js:2389:2988\n    at c:\\Users\\E495\\.vscode\\extensions\\uqbar.wollok-lsp-ide-0.5.4\\out\\server\\src\\server.js:2398:8440","timestamp":"2026-05-05T17:37:18.020Z"}
{"level":"info","message":"⌛ Validating destinos.wlk","timeElapsed":112,"timestamp":"2026-05-05T17:37:18.137Z"}
{"level":"info","message":"⌛ Validating destinos.wlk","timeElapsed":111,"timestamp":"2026-05-05T17:37:18.248Z"}
{"level":"error","message":"✘ Completions for node Send ([2:44, 2:97] - destinos.wlk) failed: Error: [Send]{e26928} at destinos.wlk:2 exhausted all cases without a match [Send]{e26928} at destinos.wlk:2 exhausted all cases without a match","stack":"Error: [Send]{e26928} at destinos.wlk:2 exhausted all cases without a match\n    at c:\\Users\\E495\\.vscode\\extensions\\uqbar.wollok-lsp-ide-0.5.4\\out\\server\\src\\server.js:38:6142\n    at L2 (c:\\Users\\E495\\.vscode\\extensions\\uqbar.wollok-lsp-ide-0.5.4\\out\\server\\src\\server.js:2389:42)\n    at Jh (c:\\Users\\E495\\.vscode\\extensions\\uqbar.wollok-lsp-ide-0.5.4\\out\\server\\src\\server.js:2389:1092)\n    at M5n (c:\\Users\\E495\\.vscode\\extensions\\uqbar.wollok-lsp-ide-0.5.4\\out\\server\\src\\server.js:2389:1248)\n    at c:\\Users\\E495\\.vscode\\extensions\\uqbar.wollok-lsp-ide-0.5.4\\out\\server\\src\\server.js:38:6131\n    at L2 (c:\\Users\\E495\\.vscode\\extensions\\uqbar.wollok-lsp-ide-0.5.4\\out\\server\\src\\server.js:2389:42)\n    at c:\\Users\\E495\\.vscode\\extensions\\uqbar.wollok-lsp-ide-0.5.4\\out\\server\\src\\server.js:2389:2988\n    at c:\\Users\\E495\\.vscode\\extensions\\uqbar.wollok-lsp-ide-0.5.4\\out\\server\\src\\server.js:2398:8440\n    at c:\\Users\\E495\\.vscode\\extensions\\uqbar.wollok-lsp-ide-0.5.4\\out\\server\\src\\server.js:37:74872\n    at Ke (c:\\Users\\E495\\.vscode\\extensions\\uqbar.wollok-lsp-ide-0.5.4\\out\\server\\src\\server.js:7:8527)","timestamp":"2026-05-05T17:37:18.571Z"}
{"level":"error","message":"✘ Completions for node Return (undefined - destinos.wlk) failed: Error: [Return]{3d1c5b} at destinos.wlk:-- exhausted all cases without a match [Return]{3d1c5b} at destinos.wlk:-- exhausted all cases without a match","stack":"Error: [Return]{3d1c5b} at destinos.wlk:-- exhausted all cases without a match\n    at c:\\Users\\E495\\.vscode\\extensions\\uqbar.wollok-lsp-ide-0.5.4\\out\\server\\src\\server.js:38:6142\n    at L2 (c:\\Users\\E495\\.vscode\\extensions\\uqbar.wollok-lsp-ide-0.5.4\\out\\server\\src\\server.js:2389:42)\n    at Jh (c:\\Users\\E495\\.vscode\\extensions\\uqbar.wollok-lsp-ide-0.5.4\\out\\server\\src\\server.js:2389:1092)\n    at L2 (c:\\Users\\E495\\.vscode\\extensions\\uqbar.wollok-lsp-ide-0.5.4\\out\\server\\src\\server.js:2389:544)\n    at Jh (c:\\Users\\E495\\.vscode\\extensions\\uqbar.wollok-lsp-ide-0.5.4\\out\\server\\src\\server.js:2389:1092)\n    at M5n (c:\\Users\\E495\\.vscode\\extensions\\uqbar.wollok-lsp-ide-0.5.4\\out\\server\\src\\server.js:2389:1248)\n    at c:\\Users\\E495\\.vscode\\extensions\\uqbar.wollok-lsp-ide-0.5.4\\out\\server\\src\\server.js:38:6131\n    at L2 (c:\\Users\\E495\\.vscode\\extensions\\uqbar.wollok-lsp-ide-0.5.4\\out\\server\\src\\server.js:2389:42)\n    at c:\\Users\\E495\\.vscode\\extensions\\uqbar.wollok-lsp-ide-0.5.4\\out\\server\\src\\server.js:2389:2988\n    at c:\\Users\\E495\\.vscode\\extensions\\uqbar.wollok-lsp-ide-0.5.4\\out\\server\\src\\server.js:2398:8440","timestamp":"2026-05-05T17:37:18.571Z"}
{"level":"info","message":"⌛ Validating destinos.wlk","timeElapsed":182,"timestamp":"2026-05-05T17:37:18.758Z"}
{"level":"error","message":"✘ Completions for node Send ([2:44, 2:98] - destinos.wlk) failed: Error: [Send]{18d05d} at destinos.wlk:2 exhausted all cases without a match [Send]{18d05d} at destinos.wlk:2 exhausted all cases without a match","stack":"Error: [Send]{18d05d} at destinos.wlk:2 exhausted all cases without a match\n    at c:\\Users\\E495\\.vscode\\extensions\\uqbar.wollok-lsp-ide-0.5.4\\out\\server\\src\\server.js:38:6142\n    at L2 (c:\\Users\\E495\\.vscode\\extensions\\uqbar.wollok-lsp-ide-0.5.4\\out\\server\\src\\server.js:2389:42)\n    at Jh (c:\\Users\\E495\\.vscode\\extensions\\uqbar.wollok-lsp-ide-0.5.4\\out\\server\\src\\server.js:2389:1092)\n    at M5n (c:\\Users\\E495\\.vscode\\extensions\\uqbar.wollok-lsp-ide-0.5.4\\out\\server\\src\\server.js:2389:1248)\n    at c:\\Users\\E495\\.vscode\\extensions\\uqbar.wollok-lsp-ide-0.5.4\\out\\server\\src\\server.js:38:6131\n    at L2 (c:\\Users\\E495\\.vscode\\extensions\\uqbar.wollok-lsp-ide-0.5.4\\out\\server\\src\\server.js:2389:42)\n    at c:\\Users\\E495\\.vscode\\extensions\\uqbar.wollok-lsp-ide-0.5.4\\out\\server\\src\\server.js:2389:2988\n    at c:\\Users\\E495\\.vscode\\extensions\\uqbar.wollok-lsp-ide-0.5.4\\out\\server\\src\\server.js:2398:8440\n    at c:\\Users\\E495\\.vscode\\extensions\\uqbar.wollok-lsp-ide-0.5.4\\out\\server\\src\\server.js:37:74872\n    at Ke (c:\\Users\\E495\\.vscode\\extensions\\uqbar.wollok-lsp-ide-0.5.4\\out\\server\\src\\server.js:7:8527)","timestamp":"2026-05-05T17:37:18.967Z"}
{"level":"error","message":"✘ Completions for node Return (undefined - destinos.wlk) failed: Error: [Return]{c7c2b5} at destinos.wlk:-- exhausted all cases without a match [Return]{c7c2b5} at destinos.wlk:-- exhausted all cases without a match","stack":"Error: [Return]{c7c2b5} at destinos.wlk:-- exhausted all cases without a match\n    at c:\\Users\\E495\\.vscode\\extensions\\uqbar.wollok-lsp-ide-0.5.4\\out\\server\\src\\server.js:38:6142\n    at L2 (c:\\Users\\E495\\.vscode\\extensions\\uqbar.wollok-lsp-ide-0.5.4\\out\\server\\src\\server.js:2389:42)\n    at Jh (c:\\Users\\E495\\.vscode\\extensions\\uqbar.wollok-lsp-ide-0.5.4\\out\\server\\src\\server.js:2389:1092)\n    at L2 (c:\\Users\\E495\\.vscode\\extensions\\uqbar.wollok-lsp-ide-0.5.4\\out\\server\\src\\server.js:2389:544)\n    at Jh (c:\\Users\\E495\\.vscode\\extensions\\uqbar.wollok-lsp-ide-0.5.4\\out\\server\\src\\server.js:2389:1092)\n    at M5n (c:\\Users\\E495\\.vscode\\extensions\\uqbar.wollok-lsp-ide-0.5.4\\out\\server\\src\\server.js:2389:1248)\n    at c:\\Users\\E495\\.vscode\\extensions\\uqbar.wollok-lsp-ide-0.5.4\\out\\server\\src\\server.js:38:6131\n    at L2 (c:\\Users\\E495\\.vscode\\extensions\\uqbar.wollok-lsp-ide-0.5.4\\out\\server\\src\\server.js:2389:42)\n    at c:\\Users\\E495\\.vscode\\extensions\\uqbar.wollok-lsp-ide-0.5.4\\out\\server\\src\\server.js:2389:2988\n    at c:\\Users\\E495\\.vscode\\extensions\\uqbar.wollok-lsp-ide-0.5.4\\out\\server\\src\\server.js:2398:8440","timestamp":"2026-05-05T17:37:18.968Z"}
{"level":"info","message":"⌛ Validating destinos.wlk","timeElapsed":138,"timestamp":"2026-05-05T17:37:19.110Z"}
{"level":"info","message":"⌛ Building environment","timeElapsed":158,"timestamp":"2026-05-05T17:37:19.349Z"}
{"level":"error","message":"✘ Completions for node Send ([2:44, 2:99] - destinos.wlk) failed: Error: [Send]{f0f82f} at destinos.wlk:2 exhausted all cases without a match [Send]{f0f82f} at destinos.wlk:2 exhausted all cases without a match","stack":"Error: [Send]{f0f82f} at destinos.wlk:2 exhausted all cases without a match\n    at c:\\Users\\E495\\.vscode\\extensions\\uqbar.wollok-lsp-ide-0.5.4\\out\\server\\src\\server.js:38:6142\n    at L2 (c:\\Users\\E495\\.vscode\\extensions\\uqbar.wollok-lsp-ide-0.5.4\\out\\server\\src\\server.js:2389:42)\n    at Jh (c:\\Users\\E495\\.vscode\\extensions\\uqbar.wollok-lsp-ide-0.5.4\\out\\server\\src\\server.js:2389:1092)\n    at M5n (c:\\Users\\E495\\.vscode\\extensions\\uqbar.wollok-lsp-ide-0.5.4\\out\\server\\src\\server.js:2389:1248)\n    at c:\\Users\\E495\\.vscode\\extensions\\uqbar.wollok-lsp-ide-0.5.4\\out\\server\\src\\server.js:38:6131\n    at L2 (c:\\Users\\E495\\.vscode\\extensions\\uqbar.wollok-lsp-ide-0.5.4\\out\\server\\src\\server.js:2389:42)\n    at c:\\Users\\E495\\.vscode\\extensions\\uqbar.wollok-lsp-ide-0.5.4\\out\\server\\src\\server.js:2389:2988\n    at c:\\Users\\E495\\.vscode\\extensions\\uqbar.wollok-lsp-ide-0.5.4\\out\\server\\src\\server.js:2398:8440\n    at c:\\Users\\E495\\.vscode\\extensions\\uqbar.wollok-lsp-ide-0.5.4\\out\\server\\src\\server.js:37:74872\n    at Ke (c:\\Users\\E495\\.vscode\\extensions\\uqbar.wollok-lsp-ide-0.5.4\\out\\server\\src\\server.js:7:8527)","timestamp":"2026-05-05T17:37:19.388Z"}
{"level":"error","message":"✘ Completions for node Return (undefined - destinos.wlk) failed: Error: [Return]{d0cab4} at destinos.wlk:-- exhausted all cases without a match [Return]{d0cab4} at destinos.wlk:-- exhausted all cases without a match","stack":"Error: [Return]{d0cab4} at destinos.wlk:-- exhausted all cases without a match\n    at c:\\Users\\E495\\.vscode\\extensions\\uqbar.wollok-lsp-ide-0.5.4\\out\\server\\src\\server.js:38:6142\n    at L2 (c:\\Users\\E495\\.vscode\\extensions\\uqbar.wollok-lsp-ide-0.5.4\\out\\server\\src\\server.js:2389:42)\n    at Jh (c:\\Users\\E495\\.vscode\\extensions\\uqbar.wollok-lsp-ide-0.5.4\\out\\server\\src\\server.js:2389:1092)\n    at L2 (c:\\Users\\E495\\.vscode\\extensions\\uqbar.wollok-lsp-ide-0.5.4\\out\\server\\src\\server.js:2389:544)\n    at Jh (c:\\Users\\E495\\.vscode\\extensions\\uqbar.wollok-lsp-ide-0.5.4\\out\\server\\src\\server.js:2389:1092)\n    at M5n (c:\\Users\\E495\\.vscode\\extensions\\uqbar.wollok-lsp-ide-0.5.4\\out\\server\\src\\server.js:2389:1248)\n    at c:\\Users\\E495\\.vscode\\extensions\\uqbar.wollok-lsp-ide-0.5.4\\out\\server\\src\\server.js:38:6131\n    at L2 (c:\\Users\\E495\\.vscode\\extensions\\uqbar.wollok-lsp-ide-0.5.4\\out\\server\\src\\server.js:2389:42)\n    at c:\\Users\\E495\\.vscode\\extensions\\uqbar.wollok-lsp-ide-0.5.4\\out\\server\\src\\server.js:2389:2988\n    at c:\\Users\\E495\\.vscode\\extensions\\uqbar.wollok-lsp-ide-0.5.4\\out\\server\\src\\server.js:2398:8440","timestamp":"2026-05-05T17:37:19.388Z"}
{"level":"info","message":"⌛ Validating destinos.wlk","timeElapsed":152,"timestamp":"2026-05-05T17:37:19.546Z"}
{"level":"info","message":"⌛ Validating destinos.wlk","timeElapsed":132,"timestamp":"2026-05-05T17:37:19.985Z"}
{"level":"error","message":"✘ Completions for node Send ([2:44, 2:99] - destinos.wlk) failed: Error: [Send]{710a16} at destinos.wlk:2 exhausted all cases without a match [Send]{710a16} at destinos.wlk:2 exhausted all cases without a match","stack":"Error: [Send]{710a16} at destinos.wlk:2 exhausted all cases without a match\n    at c:\\Users\\E495\\.vscode\\extensions\\uqbar.wollok-lsp-ide-0.5.4\\out\\server\\src\\server.js:38:6142\n    at L2 (c:\\Users\\E495\\.vscode\\extensions\\uqbar.wollok-lsp-ide-0.5.4\\out\\server\\src\\server.js:2389:42)\n    at Jh (c:\\Users\\E495\\.vscode\\extensions\\uqbar.wollok-lsp-ide-0.5.4\\out\\server\\src\\server.js:2389:1092)\n    at M5n (c:\\Users\\E495\\.vscode\\extensions\\uqbar.wollok-lsp-ide-0.5.4\\out\\server\\src\\server.js:2389:1248)\n    at c:\\Users\\E495\\.vscode\\extensions\\uqbar.wollok-lsp-ide-0.5.4\\out\\server\\src\\server.js:38:6131\n    at L2 (c:\\Users\\E495\\.vscode\\extensions\\uqbar.wollok-lsp-ide-0.5.4\\out\\server\\src\\server.js:2389:42)\n    at c:\\Users\\E495\\.vscode\\extensions\\uqbar.wollok-lsp-ide-0.5.4\\out\\server\\src\\server.js:2389:2988\n    at c:\\Users\\E495\\.vscode\\extensions\\uqbar.wollok-lsp-ide-0.5.4\\out\\server\\src\\server.js:2398:8440\n    at c:\\Users\\E495\\.vscode\\extensions\\uqbar.wollok-lsp-ide-0.5.4\\out\\server\\src\\server.js:37:74872\n    at Ke (c:\\Users\\E495\\.vscode\\extensions\\uqbar.wollok-lsp-ide-0.5.4\\out\\server\\src\\server.js:7:8527)","timestamp":"2026-05-05T17:37:20.025Z"}
{"level":"error","message":"✘ Completions for node Return (undefined - destinos.wlk) failed: Error: [Return]{b15726} at destinos.wlk:-- exhausted all cases without a match [Return]{b15726} at destinos.wlk:-- exhausted all cases without a match","stack":"Error: [Return]{b15726} at destinos.wlk:-- exhausted all cases without a match\n    at c:\\Users\\E495\\.vscode\\extensions\\uqbar.wollok-lsp-ide-0.5.4\\out\\server\\src\\server.js:38:6142\n    at L2 (c:\\Users\\E495\\.vscode\\extensions\\uqbar.wollok-lsp-ide-0.5.4\\out\\server\\src\\server.js:2389:42)\n    at Jh (c:\\Users\\E495\\.vscode\\extensions\\uqbar.wollok-lsp-ide-0.5.4\\out\\server\\src\\server.js:2389:1092)\n    at L2 (c:\\Users\\E495\\.vscode\\extensions\\uqbar.wollok-lsp-ide-0.5.4\\out\\server\\src\\server.js:2389:544)\n    at Jh (c:\\Users\\E495\\.vscode\\extensions\\uqbar.wollok-lsp-ide-0.5.4\\out\\server\\src\\server.js:2389:1092)\n    at M5n (c:\\Users\\E495\\.vscode\\extensions\\uqbar.wollok-lsp-ide-0.5.4\\out\\server\\src\\server.js:2389:1248)\n    at c:\\Users\\E495\\.vscode\\extensions\\uqbar.wollok-lsp-ide-0.5.4\\out\\server\\src\\server.js:38:6131\n    at L2 (c:\\Users\\E495\\.vscode\\extensions\\uqbar.wollok-lsp-ide-0.5.4\\out\\server\\src\\server.js:2389:42)\n    at c:\\Users\\E495\\.vscode\\extensions\\uqbar.wollok-lsp-ide-0.5.4\\out\\server\\src\\server.js:2389:2988\n    at c:\\Users\\E495\\.vscode\\extensions\\uqbar.wollok-lsp-ide-0.5.4\\out\\server\\src\\server.js:2398:8440","timestamp":"2026-05-05T17:37:20.026Z"}
{"level":"info","message":"⌛ Validating destinos.wlk","timeElapsed":111,"timestamp":"2026-05-05T17:37:20.143Z"}
{"level":"info","message":"⌛ Building environment","timeElapsed":161,"timestamp":"2026-05-05T17:37:20.308Z"}
{"level":"info","message":"⌛ Validating destinos.wlk","timeElapsed":120,"timestamp":"2026-05-05T17:37:20.435Z"}
{"level":"info","message":"⌛ Validating destinos.wlk","timeElapsed":113,"timestamp":"2026-05-05T17:37:20.622Z"}
{"level":"info","message":"⌛ Validating destinos.wlk","timeElapsed":120,"timestamp":"2026-05-05T17:37:21.044Z"}
{"level":"error","message":"✘ Completions for node Send ([2:44, 2:99] - destinos.wlk) failed: Error: [Send]{30c8b9} at destinos.wlk:2 exhausted all cases without a match [Send]{30c8b9} at destinos.wlk:2 exhausted all cases without a match","stack":"Error: [Send]{30c8b9} at destinos.wlk:2 exhausted all cases without a match\n    at c:\\Users\\E495\\.vscode\\extensions\\uqbar.wollok-lsp-ide-0.5.4\\out\\server\\src\\server.js:38:6142\n    at L2 (c:\\Users\\E495\\.vscode\\extensions\\uqbar.wollok-lsp-ide-0.5.4\\out\\server\\src\\server.js:2389:42)\n    at Jh (c:\\Users\\E495\\.vscode\\extensions\\uqbar.wollok-lsp-ide-0.5.4\\out\\server\\src\\server.js:2389:1092)\n    at M5n (c:\\Users\\E495\\.vscode\\extensions\\uqbar.wollok-lsp-ide-0.5.4\\out\\server\\src\\server.js:2389:1248)\n    at c:\\Users\\E495\\.vscode\\extensions\\uqbar.wollok-lsp-ide-0.5.4\\out\\server\\src\\server.js:38:6131\n    at L2 (c:\\Users\\E495\\.vscode\\extensions\\uqbar.wollok-lsp-ide-0.5.4\\out\\server\\src\\server.js:2389:42)\n    at c:\\Users\\E495\\.vscode\\extensions\\uqbar.wollok-lsp-ide-0.5.4\\out\\server\\src\\server.js:2389:2988\n    at c:\\Users\\E495\\.vscode\\extensions\\uqbar.wollok-lsp-ide-0.5.4\\out\\server\\src\\server.js:2398:8440\n    at c:\\Users\\E495\\.vscode\\extensions\\uqbar.wollok-lsp-ide-0.5.4\\out\\server\\src\\server.js:37:74872\n    at Ke (c:\\Users\\E495\\.vscode\\extensions\\uqbar.wollok-lsp-ide-0.5.4\\out\\server\\src\\server.js:7:8527)","timestamp":"2026-05-05T17:37:21.164Z"}
{"level":"error","message":"✘ Completions for node Return (undefined - destinos.wlk) failed: Error: [Return]{fe7c26} at destinos.wlk:-- exhausted all cases without a match [Return]{fe7c26} at destinos.wlk:-- exhausted all cases without a match","stack":"Error: [Return]{fe7c26} at destinos.wlk:-- exhausted all cases without a match\n    at c:\\Users\\E495\\.vscode\\extensions\\uqbar.wollok-lsp-ide-0.5.4\\out\\server\\src\\server.js:38:6142\n    at L2 (c:\\Users\\E495\\.vscode\\extensions\\uqbar.wollok-lsp-ide-0.5.4\\out\\server\\src\\server.js:2389:42)\n    at Jh (c:\\Users\\E495\\.vscode\\extensions\\uqbar.wollok-lsp-ide-0.5.4\\out\\server\\src\\server.js:2389:1092)\n    at L2 (c:\\Users\\E495\\.vscode\\extensions\\uqbar.wollok-lsp-ide-0.5.4\\out\\server\\src\\server.js:2389:544)\n    at Jh (c:\\Users\\E495\\.vscode\\extensions\\uqbar.wollok-lsp-ide-0.5.4\\out\\server\\src\\server.js:2389:1092)\n    at M5n (c:\\Users\\E495\\.vscode\\extensions\\uqbar.wollok-lsp-ide-0.5.4\\out\\server\\src\\server.js:2389:1248)\n    at c:\\Users\\E495\\.vscode\\extensions\\uqbar.wollok-lsp-ide-0.5.4\\out\\server\\src\\server.js:38:6131\n    at L2 (c:\\Users\\E495\\.vscode\\extensions\\uqbar.wollok-lsp-ide-0.5.4\\out\\server\\src\\server.js:2389:42)\n    at c:\\Users\\E495\\.vscode\\extensions\\uqbar.wollok-lsp-ide-0.5.4\\out\\server\\src\\server.js:2389:2988\n    at c:\\Users\\E495\\.vscode\\extensions\\uqbar.wollok-lsp-ide-0.5.4\\out\\server\\src\\server.js:2398:8440","timestamp":"2026-05-05T17:37:21.164Z"}
{"level":"info","message":"⌛ Validating destinos.wlk","timeElapsed":108,"timestamp":"2026-05-05T17:37:21.276Z"}
{"level":"info","message":"⌛ Building environment","timeElapsed":120,"timestamp":"2026-05-05T17:37:21.397Z"}
{"level":"error","message":"✘ Completions for node Send ([2:44, 2:100] - destinos.wlk) failed: Error: [Send]{1b22ba} at destinos.wlk:2 exhausted all cases without a match [Send]{1b22ba} at destinos.wlk:2 exhausted all cases without a match","stack":"Error: [Send]{1b22ba} at destinos.wlk:2 exhausted all cases without a match\n    at c:\\Users\\E495\\.vscode\\extensions\\uqbar.wollok-lsp-ide-0.5.4\\out\\server\\src\\server.js:38:6142\n    at L2 (c:\\Users\\E495\\.vscode\\extensions\\uqbar.wollok-lsp-ide-0.5.4\\out\\server\\src\\server.js:2389:42)\n    at Jh (c:\\Users\\E495\\.vscode\\extensions\\uqbar.wollok-lsp-ide-0.5.4\\out\\server\\src\\server.js:2389:1092)\n    at M5n (c:\\Users\\E495\\.vscode\\extensions\\uqbar.wollok-lsp-ide-0.5.4\\out\\server\\src\\server.js:2389:1248)\n    at c:\\Users\\E495\\.vscode\\extensions\\uqbar.wollok-lsp-ide-0.5.4\\out\\server\\src\\server.js:38:6131\n    at L2 (c:\\Users\\E495\\.vscode\\extensions\\uqbar.wollok-lsp-ide-0.5.4\\out\\server\\src\\server.js:2389:42)\n    at c:\\Users\\E495\\.vscode\\extensions\\uqbar.wollok-lsp-ide-0.5.4\\out\\server\\src\\server.js:2389:2988\n    at c:\\Users\\E495\\.vscode\\extensions\\uqbar.wollok-lsp-ide-0.5.4\\out\\server\\src\\server.js:2398:8440\n    at c:\\Users\\E495\\.vscode\\extensions\\uqbar.wollok-lsp-ide-0.5.4\\out\\server\\src\\server.js:37:74872\n    at Ke (c:\\Users\\E495\\.vscode\\extensions\\uqbar.wollok-lsp-ide-0.5.4\\out\\server\\src\\server.js:7:8527)","timestamp":"2026-05-05T17:37:21.436Z"}
{"level":"error","message":"✘ Completions for node Return (undefined - destinos.wlk) failed: Error: [Return]{693eff} at destinos.wlk:-- exhausted all cases without a match [Return]{693eff} at destinos.wlk:-- exhausted all cases without a match","stack":"Error: [Return]{693eff} at destinos.wlk:-- exhausted all cases without a match\n    at c:\\Users\\E495\\.vscode\\extensions\\uqbar.wollok-lsp-ide-0.5.4\\out\\server\\src\\server.js:38:6142\n    at L2 (c:\\Users\\E495\\.vscode\\extensions\\uqbar.wollok-lsp-ide-0.5.4\\out\\server\\src\\server.js:2389:42)\n    at Jh (c:\\Users\\E495\\.vscode\\extensions\\uqbar.wollok-lsp-ide-0.5.4\\out\\server\\src\\server.js:2389:1092)\n    at L2 (c:\\Users\\E495\\.vscode\\extensions\\uqbar.wollok-lsp-ide-0.5.4\\out\\server\\src\\server.js:2389:544)\n    at Jh (c:\\Users\\E495\\.vscode\\extensions\\uqbar.wollok-lsp-ide-0.5.4\\out\\server\\src\\server.js:2389:1092)\n    at M5n (c:\\Users\\E495\\.vscode\\extensions\\uqbar.wollok-lsp-ide-0.5.4\\out\\server\\src\\server.js:2389:1248)\n    at c:\\Users\\E495\\.vscode\\extensions\\uqbar.wollok-lsp-ide-0.5.4\\out\\server\\src\\server.js:38:6131\n    at L2 (c:\\Users\\E495\\.vscode\\extensions\\uqbar.wollok-lsp-ide-0.5.4\\out\\server\\src\\server.js:2389:42)\n    at c:\\Users\\E495\\.vscode\\extensions\\uqbar.wollok-lsp-ide-0.5.4\\out\\server\\src\\server.js:2389:2988\n    at c:\\Users\\E495\\.vscode\\extensions\\uqbar.wollok-lsp-ide-0.5.4\\out\\server\\src\\server.js:2398:8440","timestamp":"2026-05-05T17:37:21.436Z"}
{"level":"info","message":"⌛ Validating destinos.wlk","timeElapsed":118,"timestamp":"2026-05-05T17:37:21.560Z"}
{"level":"error","message":"✘ Completions for node Send ([2:44, 2:101] - destinos.wlk) failed: Error: [Send]{7bcaa2} at destinos.wlk:2 exhausted all cases without a match [Send]{7bcaa2} at destinos.wlk:2 exhausted all cases without a match","stack":"Error: [Send]{7bcaa2} at destinos.wlk:2 exhausted all cases without a match\n    at c:\\Users\\E495\\.vscode\\extensions\\uqbar.wollok-lsp-ide-0.5.4\\out\\server\\src\\server.js:38:6142\n    at L2 (c:\\Users\\E495\\.vscode\\extensions\\uqbar.wollok-lsp-ide-0.5.4\\out\\server\\src\\server.js:2389:42)\n    at Jh (c:\\Users\\E495\\.vscode\\extensions\\uqbar.wollok-lsp-ide-0.5.4\\out\\server\\src\\server.js:2389:1092)\n    at M5n (c:\\Users\\E495\\.vscode\\extensions\\uqbar.wollok-lsp-ide-0.5.4\\out\\server\\src\\server.js:2389:1248)\n    at c:\\Users\\E495\\.vscode\\extensions\\uqbar.wollok-lsp-ide-0.5.4\\out\\server\\src\\server.js:38:6131\n    at L2 (c:\\Users\\E495\\.vscode\\extensions\\uqbar.wollok-lsp-ide-0.5.4\\out\\server\\src\\server.js:2389:42)\n    at c:\\Users\\E495\\.vscode\\extensions\\uqbar.wollok-lsp-ide-0.5.4\\out\\server\\src\\server.js:2389:2988\n    at c:\\Users\\E495\\.vscode\\extensions\\uqbar.wollok-lsp-ide-0.5.4\\out\\server\\src\\server.js:2398:8440\n    at c:\\Users\\E495\\.vscode\\extensions\\uqbar.wollok-lsp-ide-0.5.4\\out\\server\\src\\server.js:37:74872\n    at Ke (c:\\Users\\E495\\.vscode\\extensions\\uqbar.wollok-lsp-ide-0.5.4\\out\\server\\src\\server.js:7:8527)","timestamp":"2026-05-05T17:37:22.049Z"}
{"level":"error","message":"✘ Completions for node Return (undefined - destinos.wlk) failed: Error: [Return]{94da0a} at destinos.wlk:-- exhausted all cases without a match [Return]{94da0a} at destinos.wlk:-- exhausted all cases without a match","stack":"Error: [Return]{94da0a} at destinos.wlk:-- exhausted all cases without a match\n    at c:\\Users\\E495\\.vscode\\extensions\\uqbar.wollok-lsp-ide-0.5.4\\out\\server\\src\\server.js:38:6142\n    at L2 (c:\\Users\\E495\\.vscode\\extensions\\uqbar.wollok-lsp-ide-0.5.4\\out\\server\\src\\server.js:2389:42)\n    at Jh (c:\\Users\\E495\\.vscode\\extensions\\uqbar.wollok-lsp-ide-0.5.4\\out\\server\\src\\server.js:2389:1092)\n    at L2 (c:\\Users\\E495\\.vscode\\extensions\\uqbar.wollok-lsp-ide-0.5.4\\out\\server\\src\\server.js:2389:544)\n    at Jh (c:\\Users\\E495\\.vscode\\extensions\\uqbar.wollok-lsp-ide-0.5.4\\out\\server\\src\\server.js:2389:1092)\n    at M5n (c:\\Users\\E495\\.vscode\\extensions\\uqbar.wollok-lsp-ide-0.5.4\\out\\server\\src\\server.js:2389:1248)\n    at c:\\Users\\E495\\.vscode\\extensions\\uqbar.wollok-lsp-ide-0.5.4\\out\\server\\src\\server.js:38:6131\n    at L2 (c:\\Users\\E495\\.vscode\\extensions\\uqbar.wollok-lsp-ide-0.5.4\\out\\server\\src\\server.js:2389:42)\n    at c:\\Users\\E495\\.vscode\\extensions\\uqbar.wollok-lsp-ide-0.5.4\\out\\server\\src\\server.js:2389:2988\n    at c:\\Users\\E495\\.vscode\\extensions\\uqbar.wollok-lsp-ide-0.5.4\\out\\server\\src\\server.js:2398:8440","timestamp":"2026-05-05T17:37:22.049Z"}
{"level":"info","message":"⌛ Validating destinos.wlk","timeElapsed":127,"timestamp":"2026-05-05T17:37:33.994Z"}
{"level":"info","message":"⌛ Validating mensajeros.wlk","timeElapsed":110,"timestamp":"2026-05-05T17:37:42.922Z"}
{"level":"info","message":"⌛ Validating mensajeros.wlk","timeElapsed":103,"timestamp":"2026-05-05T17:37:43.138Z"}
{"level":"info","message":"⌛ Validating mensajeros.wlk","timeElapsed":107,"timestamp":"2026-05-05T17:37:44.917Z"}
{"level":"info","message":"⌛ Building environment","timeElapsed":119,"timestamp":"2026-05-05T17:37:45.038Z"}
{"level":"info","message":"⌛ Validating mensajeros.wlk","timeElapsed":108,"timestamp":"2026-05-05T17:37:45.147Z"}
{"level":"info","message":"⌛ Validating mensajeros.wlk","timeElapsed":123,"timestamp":"2026-05-05T17:37:45.624Z"}
{"level":"info","message":"⌛ Validating mensajeros.wlk","timeElapsed":109,"timestamp":"2026-05-05T17:37:46.104Z"}
{"level":"error","message":"✘ Failed to rebuild document Failed to parse mensajeros.wlk: \n-- PARSING FAILED --------------------------------------------------\n\n  44 | \n  45 |     method\n> 46 | }\n     | ^\n  47 | \n  48 | object neo {\n\nExpected one of the following: \n\n'!=', '!==', '%', '&&', '*', '**', '+', '-', '->', '..', '..<', '/', '<', '<<', '<<<', '<=', '<=>', '<>', '==', '===', '>', '>..', '>=', '>>', '>>>', '?:', '@', 'and', 'class', 'const', 'describe', 'invert', 'mixin', 'negate', 'object', 'only', 'or', 'package', 'plus', 'program', 'test', 'var', '{', '||', EOF, comment, identifier, not \"}\r\n\r\n\", whitespace\n","stack":"Error: Failed to parse mensajeros.wlk: \n-- PARSING FAILED --------------------------------------------------\n\n  44 | \n  45 |     method\n> 46 | }\n     | ^\n  47 | \n  48 | object neo {\n\nExpected one of the following: \n\n'!=', '!==', '%', '&&', '*', '**', '+', '-', '->', '..', '..<', '/', '<', '<<', '<<<', '<=', '<=>', '<>', '==', '===', '>', '>..', '>=', '>>', '>>>', '?:', '@', 'and', 'class', 'const', 'describe', 'invert', 'mixin', 'negate', 'object', 'only', 'or', 'package', 'plus', 'program', 'test', 'var', '{', '||', EOF, comment, identifier, not \"}\r\n\r\n\", whitespace\n\n    at c:\\Users\\E495\\.vscode\\extensions\\uqbar.wollok-lsp-ide-0.5.4\\out\\server\\src\\server.js:2353:13026\n    at Array.map (<anonymous>)\n    at U1n (c:\\Users\\E495\\.vscode\\extensions\\uqbar.wollok-lsp-ide-0.5.4\\out\\server\\src\\server.js:2353:12950)\n    at H2.buildEnvironmentFrom (c:\\Users\\E495\\.vscode\\extensions\\uqbar.wollok-lsp-ide-0.5.4\\out\\server\\src\\server.js:2398:5254)\n    at H2.updateEnvironmentWith (c:\\Users\\E495\\.vscode\\extensions\\uqbar.wollok-lsp-ide-0.5.4\\out\\server\\src\\server.js:2398:4989)\n    at GF (c:\\Users\\E495\\.vscode\\extensions\\uqbar.wollok-lsp-ide-0.5.4\\out\\server\\src\\server.js:2398:7383)\n    at V3.invoke (c:\\Users\\E495\\.vscode\\extensions\\uqbar.wollok-lsp-ide-0.5.4\\out\\server\\src\\server.js:3:157328)\n    at o.fire (c:\\Users\\E495\\.vscode\\extensions\\uqbar.wollok-lsp-ide-0.5.4\\out\\server\\src\\server.js:3:158098)\n    at c:\\Users\\E495\\.vscode\\extensions\\uqbar.wollok-lsp-ide-0.5.4\\out\\server\\src\\server.js:37:57871\n    at nd (c:\\Users\\E495\\.vscode\\extensions\\uqbar.wollok-lsp-ide-0.5.4\\out\\server\\src\\server.js:8:1561)","timestamp":"2026-05-05T17:37:46.118Z"}
{"level":"error","message":"✘ Failed to rebuild document Failed to parse mensajeros.wlk: \n-- PARSING FAILED --------------------------------------------------\n\n  44 | \n  45 |     method \n> 46 | }\n     | ^\n  47 | \n  48 | object neo {\n\nExpected one of the following: \n\n'!=', '!==', '%', '&&', '*', '**', '+', '-', '->', '..', '..<', '/', '<', '<<', '<<<', '<=', '<=>', '<>', '==', '===', '>', '>..', '>=', '>>', '>>>', '?:', '@', 'and', 'class', 'const', 'describe', 'invert', 'mixin', 'negate', 'object', 'only', 'or', 'package', 'plus', 'program', 'test', 'var', '{', '||', EOF, comment, identifier, not \"}\r\n\r\n\", whitespace\n","stack":"Error: Failed to parse mensajeros.wlk: \n-- PARSING FAILED --------------------------------------------------\n\n  44 | \n  45 |     method \n> 46 | }\n     | ^\n  47 | \n  48 | object neo {\n\nExpected one of the following: \n\n'!=', '!==', '%', '&&', '*', '**', '+', '-', '->', '..', '..<', '/', '<', '<<', '<<<', '<=', '<=>', '<>', '==', '===', '>', '>..', '>=', '>>', '>>>', '?:', '@', 'and', 'class', 'const', 'describe', 'invert', 'mixin', 'negate', 'object', 'only', 'or', 'package', 'plus', 'program', 'test', 'var', '{', '||', EOF, comment, identifier, not \"}\r\n\r\n\", whitespace\n\n    at c:\\Users\\E495\\.vscode\\extensions\\uqbar.wollok-lsp-ide-0.5.4\\out\\server\\src\\server.js:2353:13026\n    at Array.map (<anonymous>)\n    at U1n (c:\\Users\\E495\\.vscode\\extensions\\uqbar.wollok-lsp-ide-0.5.4\\out\\server\\src\\server.js:2353:12950)\n    at H2.buildEnvironmentFrom (c:\\Users\\E495\\.vscode\\extensions\\uqbar.wollok-lsp-ide-0.5.4\\out\\server\\src\\server.js:2398:5254)\n    at H2.updateEnvironmentWith (c:\\Users\\E495\\.vscode\\extensions\\uqbar.wollok-lsp-ide-0.5.4\\out\\server\\src\\server.js:2398:4989)\n    at GF (c:\\Users\\E495\\.vscode\\extensions\\uqbar.wollok-lsp-ide-0.5.4\\out\\server\\src\\server.js:2398:7383)\n    at V3.invoke (c:\\Users\\E495\\.vscode\\extensions\\uqbar.wollok-lsp-ide-0.5.4\\out\\server\\src\\server.js:3:157328)\n    at o.fire (c:\\Users\\E495\\.vscode\\extensions\\uqbar.wollok-lsp-ide-0.5.4\\out\\server\\src\\server.js:3:158098)\n    at c:\\Users\\E495\\.vscode\\extensions\\uqbar.wollok-lsp-ide-0.5.4\\out\\server\\src\\server.js:37:57871\n    at nd (c:\\Users\\E495\\.vscode\\extensions\\uqbar.wollok-lsp-ide-0.5.4\\out\\server\\src\\server.js:8:1561)","timestamp":"2026-05-05T17:37:46.799Z"}
{"level":"error","message":"✘ Failed to rebuild document Failed to parse mensajeros.wlk: \n-- PARSING FAILED --------------------------------------------------\n\n  44 | \n  45 |     method\n> 46 | }\n     | ^\n  47 | \n  48 | object neo {\n\nExpected one of the following: \n\n'!=', '!==', '%', '&&', '*', '**', '+', '-', '->', '..', '..<', '/', '<', '<<', '<<<', '<=', '<=>', '<>', '==', '===', '>', '>..', '>=', '>>', '>>>', '?:', '@', 'and', 'class', 'const', 'describe', 'invert', 'mixin', 'negate', 'object', 'only', 'or', 'package', 'plus', 'program', 'test', 'var', '{', '||', EOF, comment, identifier, not \"}\r\n\r\n\", whitespace\n","stack":"Error: Failed to parse mensajeros.wlk: \n-- PARSING FAILED --------------------------------------------------\n\n  44 | \n  45 |     method\n> 46 | }\n     | ^\n  47 | \n  48 | object neo {\n\nExpected one of the following: \n\n'!=', '!==', '%', '&&', '*', '**', '+', '-', '->', '..', '..<', '/', '<', '<<', '<<<', '<=', '<=>', '<>', '==', '===', '>', '>..', '>=', '>>', '>>>', '?:', '@', 'and', 'class', 'const', 'describe', 'invert', 'mixin', 'negate', 'object', 'only', 'or', 'package', 'plus', 'program', 'test', 'var', '{', '||', EOF, comment, identifier, not \"}\r\n\r\n\", whitespace\n\n    at c:\\Users\\E495\\.vscode\\extensions\\uqbar.wollok-lsp-ide-0.5.4\\out\\server\\src\\server.js:2353:13026\n    at Array.map (<anonymous>)\n    at U1n (c:\\Users\\E495\\.vscode\\extensions\\uqbar.wollok-lsp-ide-0.5.4\\out\\server\\src\\server.js:2353:12950)\n    at H2.buildEnvironmentFrom (c:\\Users\\E495\\.vscode\\extensions\\uqbar.wollok-lsp-ide-0.5.4\\out\\server\\src\\server.js:2398:5254)\n    at H2.updateEnvironmentWith (c:\\Users\\E495\\.vscode\\extensions\\uqbar.wollok-lsp-ide-0.5.4\\out\\server\\src\\server.js:2398:4989)\n    at GF (c:\\Users\\E495\\.vscode\\extensions\\uqbar.wollok-lsp-ide-0.5.4\\out\\server\\src\\server.js:2398:7383)\n    at V3.invoke (c:\\Users\\E495\\.vscode\\extensions\\uqbar.wollok-lsp-ide-0.5.4\\out\\server\\src\\server.js:3:157328)\n    at o.fire (c:\\Users\\E495\\.vscode\\extensions\\uqbar.wollok-lsp-ide-0.5.4\\out\\server\\src\\server.js:3:158098)\n    at c:\\Users\\E495\\.vscode\\extensions\\uqbar.wollok-lsp-ide-0.5.4\\out\\server\\src\\server.js:37:57871\n    at nd (c:\\Users\\E495\\.vscode\\extensions\\uqbar.wollok-lsp-ide-0.5.4\\out\\server\\src\\server.js:8:1561)","timestamp":"2026-05-05T17:37:48.423Z"}
{"level":"info","message":"⌛ Building environment","timeElapsed":104,"timestamp":"2026-05-05T17:37:49.064Z"}
{"level":"info","message":"⌛ Validating mensajeros.wlk","timeElapsed":142,"timestamp":"2026-05-05T17:37:49.498Z"}
{"level":"info","message":"⌛ Building environment","timeElapsed":132,"timestamp":"2026-05-05T17:37:49.631Z"}
{"level":"info","message":"⌛ Validating mensajeros.wlk","timeElapsed":134,"timestamp":"2026-05-05T17:37:49.961Z"}
{"level":"info","message":"⌛ Validating mensajeros.wlk","timeElapsed":122,"timestamp":"2026-05-05T17:37:50.084Z"}
{"level":"info","message":"⌛ Building environment","timeElapsed":103,"timestamp":"2026-05-05T17:37:50.286Z"}
{"level":"info","message":"⌛ Validating mensajeros.wlk","timeElapsed":127,"timestamp":"2026-05-05T17:37:50.419Z"}
{"level":"info","message":"⌛ Validating mensajeros.wlk","timeElapsed":134,"timestamp":"2026-05-05T17:37:50.557Z"}
{"level":"info","message":"⌛ Building environment","timeElapsed":135,"timestamp":"2026-05-05T17:37:57.098Z"}
{"level":"info","message":"⌛ Validating mensajeros.wlk","timeElapsed":104,"timestamp":"2026-05-05T17:37:57.204Z"}
{"level":"info","message":"⌛ Building environment","timeElapsed":105,"timestamp":"2026-05-05T17:38:00.733Z"}
{"level":"info","message":"⌛ Validating mensajeros.wlk","timeElapsed":120,"timestamp":"2026-05-05T17:38:00.854Z"}
{"level":"info","message":"⌛ Validating mensajeros.wlk","timeElapsed":116,"timestamp":"2026-05-05T17:38:01.931Z"}
{"level":"info","message":"⌛ Building environment","timeElapsed":104,"timestamp":"2026-05-05T17:38:02.037Z"}
{"level":"info","message":"⌛ Validating mensajeros.wlk","timeElapsed":101,"timestamp":"2026-05-05T17:38:02.735Z"}
{"level":"info","message":"⌛ Building environment","timeElapsed":103,"timestamp":"2026-05-05T17:38:03.064Z"}
{"level":"info","message":"⌛ Validating mensajeros.wlk","timeElapsed":115,"timestamp":"2026-05-05T17:38:03.180Z"}
{"level":"info","message":"⌛ Validating mensajeros.wlk","timeElapsed":110,"timestamp":"2026-05-05T17:38:03.496Z"}
{"level":"info","message":"⌛ Validating mensajeros.wlk","timeElapsed":139,"timestamp":"2026-05-05T17:38:03.724Z"}
{"level":"info","message":"⌛ Validating mensajeros.wlk","timeElapsed":108,"timestamp":"2026-05-05T17:38:06.223Z"}
{"level":"info","message":"⌛ Validating mensajeros.wlk","timeElapsed":113,"timestamp":"2026-05-05T17:38:06.441Z"}
{"level":"info","message":"⌛ Building environment","timeElapsed":127,"timestamp":"2026-05-05T17:38:06.575Z"}
{"level":"info","message":"⌛ Validating mensajeros.wlk","timeElapsed":109,"timestamp":"2026-05-05T17:38:06.814Z"}
{"level":"info","message":"⌛ Validating mensajeros.wlk","timeElapsed":103,"timestamp":"2026-05-05T17:38:07.134Z"}
{"level":"info","message":"⌛ Building environment","timeElapsed":157,"timestamp":"2026-05-05T17:38:07.294Z"}
{"level":"info","message":"⌛ Validating mensajeros.wlk","timeElapsed":124,"timestamp":"2026-05-05T17:38:07.461Z"}
{"level":"info","message":"⌛ Building environment","timeElapsed":111,"timestamp":"2026-05-05T17:38:07.662Z"}
{"level":"info","message":"⌛ Validating mensajeros.wlk","timeElapsed":105,"timestamp":"2026-05-05T17:38:07.808Z"}
{"level":"info","message":"⌛ Validating mensajeros.wlk","timeElapsed":103,"timestamp":"2026-05-05T17:38:08.251Z"}
{"level":"info","message":"⌛ Validating mensajeros.wlk","timeElapsed":106,"timestamp":"2026-05-05T17:38:08.753Z"}
{"level":"info","message":"⌛ Building environment","timeElapsed":102,"timestamp":"2026-05-05T17:38:08.858Z"}
{"level":"info","message":"⌛ Validating mensajeros.wlk","timeElapsed":142,"timestamp":"2026-05-05T17:38:10.180Z"}
{"level":"info","message":"⌛ Validating mensajeros.wlk","timeElapsed":105,"timestamp":"2026-05-05T17:38:11.324Z"}
{"level":"info","message":"⌛ Validating mensajeros.wlk","timeElapsed":132,"timestamp":"2026-05-05T17:38:11.992Z"}
{"level":"info","message":"⌛ Building environment","timeElapsed":112,"timestamp":"2026-05-05T17:38:12.388Z"}
{"level":"info","message":"⌛ Validating mensajeros.wlk","timeElapsed":113,"timestamp":"2026-05-05T17:38:12.540Z"}
{"level":"info","message":"⌛ Validating mensajeros.wlk","timeElapsed":115,"timestamp":"2026-05-05T17:38:13.273Z"}
{"level":"info","message":"⌛ Validating mensajeros.wlk","timeElapsed":120,"timestamp":"2026-05-05T17:38:13.972Z"}
{"level":"info","message":"⌛ Building environment","timeElapsed":101,"timestamp":"2026-05-05T17:38:14.075Z"}
{"level":"info","message":"⌛ Validating mensajeros.wlk","timeElapsed":171,"timestamp":"2026-05-05T17:38:14.421Z"}
{"level":"info","message":"⌛ Validating mensajeros.wlk","timeElapsed":143,"timestamp":"2026-05-05T17:38:14.564Z"}
{"level":"info","message":"⌛ Validating mensajeros.wlk","timeElapsed":115,"timestamp":"2026-05-05T17:38:17.698Z"}
{"level":"info","message":"⌛ Validating mensajeros.wlk","timeElapsed":141,"timestamp":"2026-05-05T17:38:19.406Z"}
{"level":"info","message":"⌛ Validating mensajeros.wlk","timeElapsed":116,"timestamp":"2026-05-05T17:38:19.613Z"}
{"level":"error","message":"✘ Completions for node Return (undefined - mensajeros.wlk) failed: Error: [Return]{1e48c0} at mensajeros.wlk:-- exhausted all cases without a match [Return]{1e48c0} at mensajeros.wlk:-- exhausted all cases without a match","stack":"Error: [Return]{1e48c0} at mensajeros.wlk:-- exhausted all cases without a match\n    at c:\\Users\\E495\\.vscode\\extensions\\uqbar.wollok-lsp-ide-0.5.4\\out\\server\\src\\server.js:38:6142\n    at L2 (c:\\Users\\E495\\.vscode\\extensions\\uqbar.wollok-lsp-ide-0.5.4\\out\\server\\src\\server.js:2389:42)\n    at Jh (c:\\Users\\E495\\.vscode\\extensions\\uqbar.wollok-lsp-ide-0.5.4\\out\\server\\src\\server.js:2389:1092)\n    at M5n (c:\\Users\\E495\\.vscode\\extensions\\uqbar.wollok-lsp-ide-0.5.4\\out\\server\\src\\server.js:2389:1248)\n    at c:\\Users\\E495\\.vscode\\extensions\\uqbar.wollok-lsp-ide-0.5.4\\out\\server\\src\\server.js:38:6131\n    at L2 (c:\\Users\\E495\\.vscode\\extensions\\uqbar.wollok-lsp-ide-0.5.4\\out\\server\\src\\server.js:2389:42)\n    at c:\\Users\\E495\\.vscode\\extensions\\uqbar.wollok-lsp-ide-0.5.4\\out\\server\\src\\server.js:2389:2988\n    at c:\\Users\\E495\\.vscode\\extensions\\uqbar.wollok-lsp-ide-0.5.4\\out\\server\\src\\server.js:2398:8440\n    at c:\\Users\\E495\\.vscode\\extensions\\uqbar.wollok-lsp-ide-0.5.4\\out\\server\\src\\server.js:37:74872\n    at Ke (c:\\Users\\E495\\.vscode\\extensions\\uqbar.wollok-lsp-ide-0.5.4\\out\\server\\src\\server.js:7:8527)","timestamp":"2026-05-05T17:38:19.738Z"}
{"level":"info","message":"⌛ Validating mensajeros.wlk","timeElapsed":101,"timestamp":"2026-05-05T17:38:19.843Z"}
{"level":"info","message":"⌛ Validating mensajeros.wlk","timeElapsed":127,"timestamp":"2026-05-05T17:38:20.063Z"}
{"level":"info","message":"⌛ Building environment","timeElapsed":156,"timestamp":"2026-05-05T17:38:20.753Z"}
{"level":"info","message":"⌛ Validating mensajeros.wlk","timeElapsed":129,"timestamp":"2026-05-05T17:38:35.262Z"}
{"level":"info","message":"⌛ Validating mensajeros.wlk","timeElapsed":103,"timestamp":"2026-05-05T17:38:35.524Z"}
{"level":"info","message":"⌛ Validating mensajeros.wlk","timeElapsed":108,"timestamp":"2026-05-05T17:38:38.173Z"}
{"level":"info","message":"⌛ Validating mensajeros.wlk","timeElapsed":196,"timestamp":"2026-05-05T17:38:38.447Z"}
{"level":"info","message":"⌛ Building environment","timeElapsed":121,"timestamp":"2026-05-05T17:38:39.449Z"}
{"level":"info","message":"⌛ Validating mensajeros.wlk","timeElapsed":120,"timestamp":"2026-05-05T17:38:39.580Z"}
{"level":"error","message":"✘ Failed to rebuild document Failed to parse mensajeros.wlk: \n-- PARSING FAILED --------------------------------------------------\n\n  17 | \n  18 |     method\n> 19 | }\n     | ^\n  20 | \n  21 | object bicicleta {\n\nExpected one of the following: \n\n'!=', '!==', '%', '&&', '*', '**', '+', '-', '->', '..', '..<', '/', '<', '<<', '<<<', '<=', '<=>', '<>', '==', '===', '>', '>..', '>=', '>>', '>>>', '?:', '@', 'and', 'class', 'const', 'describe', 'invert', 'mixin', 'negate', 'object', 'only', 'or', 'package', 'plus', 'program', 'test', 'var', '{', '||', EOF, comment, identifier, not \"}\r\n\r\n\", whitespace\n","stack":"Error: Failed to parse mensajeros.wlk: \n-- PARSING FAILED --------------------------------------------------\n\n  17 | \n  18 |     method\n> 19 | }\n     | ^\n  20 | \n  21 | object bicicleta {\n\nExpected one of the following: \n\n'!=', '!==', '%', '&&', '*', '**', '+', '-', '->', '..', '..<', '/', '<', '<<', '<<<', '<=', '<=>', '<>', '==', '===', '>', '>..', '>=', '>>', '>>>', '?:', '@', 'and', 'class', 'const', 'describe', 'invert', 'mixin', 'negate', 'object', 'only', 'or', 'package', 'plus', 'program', 'test', 'var', '{', '||', EOF, comment, identifier, not \"}\r\n\r\n\", whitespace\n\n    at c:\\Users\\E495\\.vscode\\extensions\\uqbar.wollok-lsp-ide-0.5.4\\out\\server\\src\\server.js:2353:13026\n    at Array.map (<anonymous>)\n    at U1n (c:\\Users\\E495\\.vscode\\extensions\\uqbar.wollok-lsp-ide-0.5.4\\out\\server\\src\\server.js:2353:12950)\n    at H2.buildEnvironmentFrom (c:\\Users\\E495\\.vscode\\extensions\\uqbar.wollok-lsp-ide-0.5.4\\out\\server\\src\\server.js:2398:5254)\n    at H2.updateEnvironmentWith (c:\\Users\\E495\\.vscode\\extensions\\uqbar.wollok-lsp-ide-0.5.4\\out\\server\\src\\server.js:2398:4989)\n    at GF (c:\\Users\\E495\\.vscode\\extensions\\uqbar.wollok-lsp-ide-0.5.4\\out\\server\\src\\server.js:2398:7383)\n    at V3.invoke (c:\\Users\\E495\\.vscode\\extensions\\uqbar.wollok-lsp-ide-0.5.4\\out\\server\\src\\server.js:3:157328)\n    at o.fire (c:\\Users\\E495\\.vscode\\extensions\\uqbar.wollok-lsp-ide-0.5.4\\out\\server\\src\\server.js:3:158098)\n    at c:\\Users\\E495\\.vscode\\extensions\\uqbar.wollok-lsp-ide-0.5.4\\out\\server\\src\\server.js:37:57871\n    at nd (c:\\Users\\E495\\.vscode\\extensions\\uqbar.wollok-lsp-ide-0.5.4\\out\\server\\src\\server.js:8:1561)","timestamp":"2026-05-05T17:38:39.677Z"}
{"level":"error","message":"✘ Failed to rebuild document Failed to parse mensajeros.wlk: \n-- PARSING FAILED --------------------------------------------------\n\n  17 | \n  18 |     method \n> 19 | }\n     | ^\n  20 | \n  21 | object bicicleta {\n\nExpected one of the following: \n\n'!=', '!==', '%', '&&', '*', '**', '+', '-', '->', '..', '..<', '/', '<', '<<', '<<<', '<=', '<=>', '<>', '==', '===', '>', '>..', '>=', '>>', '>>>', '?:', '@', 'and', 'class', 'const', 'describe', 'invert', 'mixin', 'negate', 'object', 'only', 'or', 'package', 'plus', 'program', 'test', 'var', '{', '||', EOF, comment, identifier, not \"}\r\n\r\n\", whitespace\n","stack":"Error: Failed to parse mensajeros.wlk: \n-- PARSING FAILED --------------------------------------------------\n\n  17 | \n  18 |     method \n> 19 | }\n     | ^\n  20 | \n  21 | object bicicleta {\n\nExpected one of the following: \n\n'!=', '!==', '%', '&&', '*', '**', '+', '-', '->', '..', '..<', '/', '<', '<<', '<<<', '<=', '<=>', '<>', '==', '===', '>', '>..', '>=', '>>', '>>>', '?:', '@', 'and', 'class', 'const', 'describe', 'invert', 'mixin', 'negate', 'object', 'only', 'or', 'package', 'plus', 'program', 'test', 'var', '{', '||', EOF, comment, identifier, not \"}\r\n\r\n\", whitespace\n\n    at c:\\Users\\E495\\.vscode\\extensions\\uqbar.wollok-lsp-ide-0.5.4\\out\\server\\src\\server.js:2353:13026\n    at Array.map (<anonymous>)\n    at U1n (c:\\Users\\E495\\.vscode\\extensions\\uqbar.wollok-lsp-ide-0.5.4\\out\\server\\src\\server.js:2353:12950)\n    at H2.buildEnvironmentFrom (c:\\Users\\E495\\.vscode\\extensions\\uqbar.wollok-lsp-ide-0.5.4\\out\\server\\src\\server.js:2398:5254)\n    at H2.updateEnvironmentWith (c:\\Users\\E495\\.vscode\\extensions\\uqbar.wollok-lsp-ide-0.5.4\\out\\server\\src\\server.js:2398:4989)\n    at GF (c:\\Users\\E495\\.vscode\\extensions\\uqbar.wollok-lsp-ide-0.5.4\\out\\server\\src\\server.js:2398:7383)\n    at V3.invoke (c:\\Users\\E495\\.vscode\\extensions\\uqbar.wollok-lsp-ide-0.5.4\\out\\server\\src\\server.js:3:157328)\n    at o.fire (c:\\Users\\E495\\.vscode\\extensions\\uqbar.wollok-lsp-ide-0.5.4\\out\\server\\src\\server.js:3:158098)\n    at c:\\Users\\E495\\.vscode\\extensions\\uqbar.wollok-lsp-ide-0.5.4\\out\\server\\src\\server.js:37:57871\n    at nd (c:\\Users\\E495\\.vscode\\extensions\\uqbar.wollok-lsp-ide-0.5.4\\out\\server\\src\\server.js:8:1561)","timestamp":"2026-05-05T17:38:39.885Z"}
{"level":"info","message":"⌛ Validating mensajeros.wlk","timeElapsed":119,"timestamp":"2026-05-05T17:38:40.570Z"}
{"level":"info","message":"⌛ Validating mensajeros.wlk","timeElapsed":121,"timestamp":"2026-05-05T17:38:41.075Z"}
{"level":"info","message":"⌛ Validating mensajeros.wlk","timeElapsed":102,"timestamp":"2026-05-05T17:38:41.276Z"}
{"level":"info","message":"⌛ Building environment","timeElapsed":145,"timestamp":"2026-05-05T17:38:42.343Z"}
{"level":"info","message":"⌛ Validating mensajeros.wlk","timeElapsed":119,"timestamp":"2026-05-05T17:38:42.463Z"}
{"level":"info","message":"⌛ Validating mensajeros.wlk","timeElapsed":104,"timestamp":"2026-05-05T17:38:42.886Z"}
{"level":"info","message":"⌛ Building environment","timeElapsed":138,"timestamp":"2026-05-05T17:38:48.988Z"}
{"level":"info","message":"⌛ Validating mensajeros.wlk","timeElapsed":117,"timestamp":"2026-05-05T17:38:49.199Z"}
{"level":"info","message":"⌛ Building environment","timeElapsed":116,"timestamp":"2026-05-05T17:38:49.416Z"}
{"level":"info","message":"⌛ Validating mensajeros.wlk","timeElapsed":105,"timestamp":"2026-05-05T17:38:49.533Z"}
{"level":"info","message":"⌛ Building environment","timeElapsed":111,"timestamp":"2026-05-05T17:38:49.671Z"}
{"level":"info","message":"⌛ Validating mensajeros.wlk","timeElapsed":110,"timestamp":"2026-05-05T17:38:49.826Z"}
{"level":"error","message":"✘ Failed to rebuild document Failed to parse mensajeros.wlk: \n-- PARSING FAILED --------------------------------------------------\n\n  17 | \n  18 |     method \n> 19 | }\n     | ^\n  20 | \n  21 | object bicicleta {\n\nExpected one of the following: \n\n'!=', '!==', '%', '&&', '*', '**', '+', '-', '->', '..', '..<', '/', '<', '<<', '<<<', '<=', '<=>', '<>', '==', '===', '>', '>..', '>=', '>>', '>>>', '?:', '@', 'and', 'class', 'const', 'describe', 'invert', 'mixin', 'negate', 'object', 'only', 'or', 'package', 'plus', 'program', 'test', 'var', '{', '||', EOF, comment, identifier, not \"}\r\n\r\n\", whitespace\n","stack":"Error: Failed to parse mensajeros.wlk: \n-- PARSING FAILED --------------------------------------------------\n\n  17 | \n  18 |     method \n> 19 | }\n     | ^\n  20 | \n  21 | object bicicleta {\n\nExpected one of the following: \n\n'!=', '!==', '%', '&&', '*', '**', '+', '-', '->', '..', '..<', '/', '<', '<<', '<<<', '<=', '<=>', '<>', '==', '===', '>', '>..', '>=', '>>', '>>>', '?:', '@', 'and', 'class', 'const', 'describe', 'invert', 'mixin', 'negate', 'object', 'only', 'or', 'package', 'plus', 'program', 'test', 'var', '{', '||', EOF, comment, identifier, not \"}\r\n\r\n\", whitespace\n\n    at c:\\Users\\E495\\.vscode\\extensions\\uqbar.wollok-lsp-ide-0.5.4\\out\\server\\src\\server.js:2353:13026\n    at Array.map (<anonymous>)\n    at U1n (c:\\Users\\E495\\.vscode\\extensions\\uqbar.wollok-lsp-ide-0.5.4\\out\\server\\src\\server.js:2353:12950)\n    at H2.buildEnvironmentFrom (c:\\Users\\E495\\.vscode\\extensions\\uqbar.wollok-lsp-ide-0.5.4\\out\\server\\src\\server.js:2398:5254)\n    at H2.updateEnvironmentWith (c:\\Users\\E495\\.vscode\\extensions\\uqbar.wollok-lsp-ide-0.5.4\\out\\server\\src\\server.js:2398:4989)\n    at GF (c:\\Users\\E495\\.vscode\\extensions\\uqbar.wollok-lsp-ide-0.5.4\\out\\server\\src\\server.js:2398:7383)\n    at V3.invoke (c:\\Users\\E495\\.vscode\\extensions\\uqbar.wollok-lsp-ide-0.5.4\\out\\server\\src\\server.js:3:157328)\n    at o.fire (c:\\Users\\E495\\.vscode\\extensions\\uqbar.wollok-lsp-ide-0.5.4\\out\\server\\src\\server.js:3:158098)\n    at c:\\Users\\E495\\.vscode\\extensions\\uqbar.wollok-lsp-ide-0.5.4\\out\\server\\src\\server.js:37:57871\n    at nd (c:\\Users\\E495\\.vscode\\extensions\\uqbar.wollok-lsp-ide-0.5.4\\out\\server\\src\\server.js:8:1561)","timestamp":"2026-05-05T17:38:49.836Z"}
{"level":"info","message":"⌛ Validating mensajeros.wlk","timeElapsed":125,"timestamp":"2026-05-05T17:38:49.961Z"}
{"level":"info","message":"⌛ Validating mensajeros.wlk","timeElapsed":108,"timestamp":"2026-05-05T17:38:50.156Z"}
{"level":"info","message":"⌛ Building environment","timeElapsed":136,"timestamp":"2026-05-05T17:38:50.506Z"}
{"level":"info","message":"⌛ Validating mensajeros.wlk","timeElapsed":117,"timestamp":"2026-05-05T17:38:50.817Z"}
{"level":"info","message":"⌛ Validating mensajeros.wlk","timeElapsed":107,"timestamp":"2026-05-05T17:38:50.934Z"}
{"level":"info","message":"⌛ Validating mensajeros.wlk","timeElapsed":119,"timestamp":"2026-05-05T17:38:51.146Z"}
{"level":"info","message":"⌛ Validating mensajeros.wlk","timeElapsed":132,"timestamp":"2026-05-05T17:38:51.402Z"}
{"level":"info","message":"⌛ Building environment","timeElapsed":104,"timestamp":"2026-05-05T17:38:51.510Z"}
{"level":"info","message":"⌛ Validating mensajeros.wlk","timeElapsed":110,"timestamp":"2026-05-05T17:38:52.028Z"}
{"level":"info","message":"⌛ Building environment","timeElapsed":130,"timestamp":"2026-05-05T17:38:52.159Z"}
{"level":"info","message":"⌛ Validating mensajeros.wlk","timeElapsed":132,"timestamp":"2026-05-05T17:38:52.291Z"}
{"level":"info","message":"⌛ Building environment","timeElapsed":105,"timestamp":"2026-05-05T17:38:52.396Z"}
{"level":"info","message":"⌛ Validating mensajeros.wlk","timeElapsed":117,"timestamp":"2026-05-05T17:38:52.514Z"}
{"level":"info","message":"⌛ Validating mensajeros.wlk","timeElapsed":115,"timestamp":"2026-05-05T17:38:52.629Z"}
{"level":"info","message":"⌛ Validating mensajeros.wlk","timeElapsed":111,"timestamp":"2026-05-05T17:38:52.875Z"}
{"level":"info","message":"⌛ Validating mensajeros.wlk","timeElapsed":155,"timestamp":"2026-05-05T17:38:53.038Z"}
{"level":"info","message":"⌛ Validating mensajeros.wlk","timeElapsed":107,"timestamp":"2026-05-05T17:38:53.145Z"}
{"level":"info","message":"⌛ Building environment","timeElapsed":179,"timestamp":"2026-05-05T17:38:53.324Z"}
{"level":"info","message":"⌛ Validating mensajeros.wlk","timeElapsed":119,"timestamp":"2026-05-05T17:38:53.581Z"}
{"level":"info","message":"⌛ Building environment","timeElapsed":111,"timestamp":"2026-05-05T17:38:53.696Z"}
{"level":"info","message":"⌛ Validating mensajeros.wlk","timeElapsed":124,"timestamp":"2026-05-05T17:38:53.821Z"}
{"level":"info","message":"⌛ Building environment","timeElapsed":104,"timestamp":"2026-05-05T17:38:53.969Z"}
{"level":"info","message":"⌛ Validating mensajeros.wlk","timeElapsed":123,"timestamp":"2026-05-05T17:38:54.134Z"}
{"level":"info","message":"⌛ Validating mensajeros.wlk","timeElapsed":117,"timestamp":"2026-05-05T17:38:54.339Z"}
{"level":"info","message":"⌛ Validating mensajeros.wlk","timeElapsed":111,"timestamp":"2026-05-05T17:38:54.537Z"}
{"level":"info","message":"⌛ Building environment","timeElapsed":126,"timestamp":"2026-05-05T17:38:54.664Z"}
{"level":"info","message":"⌛ Validating mensajeros.wlk","timeElapsed":109,"timestamp":"2026-05-05T17:38:55.276Z"}
{"level":"info","message":"⌛ Validating mensajeros.wlk","timeElapsed":107,"timestamp":"2026-05-05T17:38:55.642Z"}
{"level":"info","message":"⌛ Validating mensajeros.wlk","timeElapsed":103,"timestamp":"2026-05-05T17:38:56.085Z"}
{"level":"info","message":"⌛ Validating mensajeros.wlk","timeElapsed":109,"timestamp":"2026-05-05T17:38:58.469Z"}
{"level":"info","message":"⌛ Building environment","timeElapsed":117,"timestamp":"2026-05-05T17:39:13.071Z"}
{"level":"info","message":"⌛ Validating mensajeros.wlk","timeElapsed":122,"timestamp":"2026-05-05T17:39:13.193Z"}
{"level":"error","message":"✘ Completions for node Send ([19:9, 19:15] - mensajeros.wlk) failed: Error: [Send]{52700f} at mensajeros.wlk:19 exhausted all cases without a match [Send]{52700f} at mensajeros.wlk:19 exhausted all cases without a match","stack":"Error: [Send]{52700f} at mensajeros.wlk:19 exhausted all cases without a match\n    at c:\\Users\\E495\\.vscode\\extensions\\uqbar.wollok-lsp-ide-0.5.4\\out\\server\\src\\server.js:38:6142\n    at L2 (c:\\Users\\E495\\.vscode\\extensions\\uqbar.wollok-lsp-ide-0.5.4\\out\\server\\src\\server.js:2389:42)\n    at Jh (c:\\Users\\E495\\.vscode\\extensions\\uqbar.wollok-lsp-ide-0.5.4\\out\\server\\src\\server.js:2389:1092)\n    at M5n (c:\\Users\\E495\\.vscode\\extensions\\uqbar.wollok-lsp-ide-0.5.4\\out\\server\\src\\server.js:2389:1248)\n    at c:\\Users\\E495\\.vscode\\extensions\\uqbar.wollok-lsp-ide-0.5.4\\out\\server\\src\\server.js:38:6131\n    at L2 (c:\\Users\\E495\\.vscode\\extensions\\uqbar.wollok-lsp-ide-0.5.4\\out\\server\\src\\server.js:2389:42)\n    at c:\\Users\\E495\\.vscode\\extensions\\uqbar.wollok-lsp-ide-0.5.4\\out\\server\\src\\server.js:2389:2988\n    at c:\\Users\\E495\\.vscode\\extensions\\uqbar.wollok-lsp-ide-0.5.4\\out\\server\\src\\server.js:2398:8440\n    at c:\\Users\\E495\\.vscode\\extensions\\uqbar.wollok-lsp-ide-0.5.4\\out\\server\\src\\server.js:37:74872\n    at Ke (c:\\Users\\E495\\.vscode\\extensions\\uqbar.wollok-lsp-ide-0.5.4\\out\\server\\src\\server.js:7:8527)","timestamp":"2026-05-05T17:39:14.549Z"}
{"level":"info","message":"⌛ Building environment","timeElapsed":175,"timestamp":"2026-05-05T17:39:14.916Z"}
{"level":"info","message":"⌛ Validating mensajeros.wlk","timeElapsed":125,"timestamp":"2026-05-05T17:39:15.047Z"}
{"level":"info","message":"⌛ Validating mensajeros.wlk","timeElapsed":101,"timestamp":"2026-05-05T17:39:16.562Z"}
{"level":"info","message":"⌛ Validating mensajeros.wlk","timeElapsed":145,"timestamp":"2026-05-05T17:39:19.015Z"}
{"level":"info","message":"⌛ Validating mensajeros.wlk","timeElapsed":104,"timestamp":"2026-05-05T17:39:19.225Z"}
{"level":"error","message":"✘ Completions for node Send ([19:13, 19:32] - mensajeros.wlk) failed: Error: [Send]{0b413e} at mensajeros.wlk:19 exhausted all cases without a match [Send]{0b413e} at mensajeros.wlk:19 exhausted all cases without a match","stack":"Error: [Send]{0b413e} at mensajeros.wlk:19 exhausted all cases without a match\n    at c:\\Users\\E495\\.vscode\\extensions\\uqbar.wollok-lsp-ide-0.5.4\\out\\server\\src\\server.js:38:6142\n    at L2 (c:\\Users\\E495\\.vscode\\extensions\\uqbar.wollok-lsp-ide-0.5.4\\out\\server\\src\\server.js:2389:42)\n    at Jh (c:\\Users\\E495\\.vscode\\extensions\\uqbar.wollok-lsp-ide-0.5.4\\out\\server\\src\\server.js:2389:1092)\n    at M5n (c:\\Users\\E495\\.vscode\\extensions\\uqbar.wollok-lsp-ide-0.5.4\\out\\server\\src\\server.js:2389:1248)\n    at c:\\Users\\E495\\.vscode\\extensions\\uqbar.wollok-lsp-ide-0.5.4\\out\\server\\src\\server.js:38:6131\n    at L2 (c:\\Users\\E495\\.vscode\\extensions\\uqbar.wollok-lsp-ide-0.5.4\\out\\server\\src\\server.js:2389:42)\n    at c:\\Users\\E495\\.vscode\\extensions\\uqbar.wollok-lsp-ide-0.5.4\\out\\server\\src\\server.js:2389:2988\n    at c:\\Users\\E495\\.vscode\\extensions\\uqbar.wollok-lsp-ide-0.5.4\\out\\server\\src\\server.js:2398:8440\n    at c:\\Users\\E495\\.vscode\\extensions\\uqbar.wollok-lsp-ide-0.5.4\\out\\server\\src\\server.js:37:74872\n    at Ke (c:\\Users\\E495\\.vscode\\extensions\\uqbar.wollok-lsp-ide-0.5.4\\out\\server\\src\\server.js:7:8527)","timestamp":"2026-05-05T17:39:23.006Z"}
{"level":"error","message":"✘ Completions for node Send ([19:9, 19:33] - mensajeros.wlk) failed: Error: [Send]{beff6f} at mensajeros.wlk:19 exhausted all cases without a match [Send]{beff6f} at mensajeros.wlk:19 exhausted all cases without a match","stack":"Error: [Send]{beff6f} at mensajeros.wlk:19 exhausted all cases without a match\n    at c:\\Users\\E495\\.vscode\\extensions\\uqbar.wollok-lsp-ide-0.5.4\\out\\server\\src\\server.js:38:6142\n    at L2 (c:\\Users\\E495\\.vscode\\extensions\\uqbar.wollok-lsp-ide-0.5.4\\out\\server\\src\\server.js:2389:42)\n    at Jh (c:\\Users\\E495\\.vscode\\extensions\\uqbar.wollok-lsp-ide-0.5.4\\out\\server\\src\\server.js:2389:1092)\n    at L2 (c:\\Users\\E495\\.vscode\\extensions\\uqbar.wollok-lsp-ide-0.5.4\\out\\server\\src\\server.js:2389:544)\n    at Jh (c:\\Users\\E495\\.vscode\\extensions\\uqbar.wollok-lsp-ide-0.5.4\\out\\server\\src\\server.js:2389:1092)\n    at M5n (c:\\Users\\E495\\.vscode\\extensions\\uqbar.wollok-lsp-ide-0.5.4\\out\\server\\src\\server.js:2389:1248)\n    at c:\\Users\\E495\\.vscode\\extensions\\uqbar.wollok-lsp-ide-0.5.4\\out\\server\\src\\server.js:38:6131\n    at L2 (c:\\Users\\E495\\.vscode\\extensions\\uqbar.wollok-lsp-ide-0.5.4\\out\\server\\src\\server.js:2389:42)\n    at c:\\Users\\E495\\.vscode\\extensions\\uqbar.wollok-lsp-ide-0.5.4\\out\\server\\src\\server.js:2389:2988\n    at c:\\Users\\E495\\.vscode\\extensions\\uqbar.wollok-lsp-ide-0.5.4\\out\\server\\src\\server.js:2398:8440","timestamp":"2026-05-05T17:39:23.007Z"}
{"level":"info","message":"⌛ Validating mensajeros.wlk","timeElapsed":108,"timestamp":"2026-05-05T17:39:23.118Z"}
{"level":"info","message":"⌛ Building environment","timeElapsed":158,"timestamp":"2026-05-05T17:39:23.337Z"}
{"level":"info","message":"⌛ Validating mensajeros.wlk","timeElapsed":133,"timestamp":"2026-05-05T17:39:23.570Z"}
{"level":"info","message":"⌛ Validating mensajeros.wlk","timeElapsed":102,"timestamp":"2026-05-05T17:39:23.865Z"}
{"level":"info","message":"⌛ Building environment","timeElapsed":104,"timestamp":"2026-05-05T17:39:26.660Z"}
{"level":"info","message":"⌛ Validating mensajeros.wlk","timeElapsed":110,"timestamp":"2026-05-05T17:39:26.777Z"}
{"level":"info","message":"⌛ Validating mensajeros.wlk","timeElapsed":103,"timestamp":"2026-05-05T17:39:26.978Z"}
{"level":"error","message":"✘ Completions for node If ([19:9, 21:10] - mensajeros.wlk) failed: Error: [If]{e1db82} at mensajeros.wlk:19 exhausted all cases without a match [If]{e1db82} at mensajeros.wlk:19 exhausted all cases without a match","stack":"Error: [If]{e1db82} at mensajeros.wlk:19 exhausted all cases without a match\n    at c:\\Users\\E495\\.vscode\\extensions\\uqbar.wollok-lsp-ide-0.5.4\\out\\server\\src\\server.js:38:6142\n    at L2 (c:\\Users\\E495\\.vscode\\extensions\\uqbar.wollok-lsp-ide-0.5.4\\out\\server\\src\\server.js:2389:42)\n    at Jh (c:\\Users\\E495\\.vscode\\extensions\\uqbar.wollok-lsp-ide-0.5.4\\out\\server\\src\\server.js:2389:1092)\n    at v5n (c:\\Users\\E495\\.vscode\\extensions\\uqbar.wollok-lsp-ide-0.5.4\\out\\server\\src\\server.js:2389:818)\n    at c:\\Users\\E495\\.vscode\\extensions\\uqbar.wollok-lsp-ide-0.5.4\\out\\server\\src\\server.js:38:6131\n    at L2 (c:\\Users\\E495\\.vscode\\extensions\\uqbar.wollok-lsp-ide-0.5.4\\out\\server\\src\\server.js:2389:42)\n    at Jh (c:\\Users\\E495\\.vscode\\extensions\\uqbar.wollok-lsp-ide-0.5.4\\out\\server\\src\\server.js:2389:1092)\n    at M5n (c:\\Users\\E495\\.vscode\\extensions\\uqbar.wollok-lsp-ide-0.5.4\\out\\server\\src\\server.js:2389:1248)\n    at c:\\Users\\E495\\.vscode\\extensions\\uqbar.wollok-lsp-ide-0.5.4\\out\\server\\src\\server.js:38:6131\n    at L2 (c:\\Users\\E495\\.vscode\\extensions\\uqbar.wollok-lsp-ide-0.5.4\\out\\server\\src\\server.js:2389:42)","timestamp":"2026-05-05T17:39:28.550Z"}
{"level":"info","message":"⌛ Validating mensajeros.wlk","timeElapsed":117,"timestamp":"2026-05-05T17:39:28.671Z"}
{"level":"info","message":"⌛ Validating mensajeros.wlk","timeElapsed":127,"timestamp":"2026-05-05T17:39:28.888Z"}
{"level":"info","message":"⌛ Validating mensajeros.wlk","timeElapsed":132,"timestamp":"2026-05-05T17:39:29.297Z"}
{"level":"info","message":"⌛ Validating mensajeros.wlk","timeElapsed":102,"timestamp":"2026-05-05T17:39:29.759Z"}
{"level":"info","message":"⌛ Building environment","timeElapsed":124,"timestamp":"2026-05-05T17:39:35.092Z"}
{"level":"error","message":"✘ Completions for node If ([19:9, 21:10] - mensajeros.wlk) failed: Error: [If]{7d4d9a} at mensajeros.wlk:19 exhausted all cases without a match [If]{7d4d9a} at mensajeros.wlk:19 exhausted all cases without a match","stack":"Error: [If]{7d4d9a} at mensajeros.wlk:19 exhausted all cases without a match\n    at c:\\Users\\E495\\.vscode\\extensions\\uqbar.wollok-lsp-ide-0.5.4\\out\\server\\src\\server.js:38:6142\n    at L2 (c:\\Users\\E495\\.vscode\\extensions\\uqbar.wollok-lsp-ide-0.5.4\\out\\server\\src\\server.js:2389:42)\n    at Jh (c:\\Users\\E495\\.vscode\\extensions\\uqbar.wollok-lsp-ide-0.5.4\\out\\server\\src\\server.js:2389:1092)\n    at v5n (c:\\Users\\E495\\.vscode\\extensions\\uqbar.wollok-lsp-ide-0.5.4\\out\\server\\src\\server.js:2389:818)\n    at c:\\Users\\E495\\.vscode\\extensions\\uqbar.wollok-lsp-ide-0.5.4\\out\\server\\src\\server.js:38:6131\n    at L2 (c:\\Users\\E495\\.vscode\\extensions\\uqbar.wollok-lsp-ide-0.5.4\\out\\server\\src\\server.js:2389:42)\n    at Jh (c:\\Users\\E495\\.vscode\\extensions\\uqbar.wollok-lsp-ide-0.5.4\\out\\server\\src\\server.js:2389:1092)\n    at M5n (c:\\Users\\E495\\.vscode\\extensions\\uqbar.wollok-lsp-ide-0.5.4\\out\\server\\src\\server.js:2389:1248)\n    at c:\\Users\\E495\\.vscode\\extensions\\uqbar.wollok-lsp-ide-0.5.4\\out\\server\\src\\server.js:38:6131\n    at L2 (c:\\Users\\E495\\.vscode\\extensions\\uqbar.wollok-lsp-ide-0.5.4\\out\\server\\src\\server.js:2389:42)","timestamp":"2026-05-05T17:39:35.143Z"}
{"level":"info","message":"⌛ Validating mensajeros.wlk","timeElapsed":102,"timestamp":"2026-05-05T17:39:35.255Z"}
{"level":"info","message":"⌛ Building environment","timeElapsed":108,"timestamp":"2026-05-05T17:39:35.617Z"}
{"level":"error","message":"✘ Completions for node If ([19:9, 21:10] - mensajeros.wlk) failed: Error: [If]{5593f3} at mensajeros.wlk:19 exhausted all cases without a match [If]{5593f3} at mensajeros.wlk:19 exhausted all cases without a match","stack":"Error: [If]{5593f3} at mensajeros.wlk:19 exhausted all cases without a match\n    at c:\\Users\\E495\\.vscode\\extensions\\uqbar.wollok-lsp-ide-0.5.4\\out\\server\\src\\server.js:38:6142\n    at L2 (c:\\Users\\E495\\.vscode\\extensions\\uqbar.wollok-lsp-ide-0.5.4\\out\\server\\src\\server.js:2389:42)\n    at Jh (c:\\Users\\E495\\.vscode\\extensions\\uqbar.wollok-lsp-ide-0.5.4\\out\\server\\src\\server.js:2389:1092)\n    at v5n (c:\\Users\\E495\\.vscode\\extensions\\uqbar.wollok-lsp-ide-0.5.4\\out\\server\\src\\server.js:2389:818)\n    at c:\\Users\\E495\\.vscode\\extensions\\uqbar.wollok-lsp-ide-0.5.4\\out\\server\\src\\server.js:38:6131\n    at L2 (c:\\Users\\E495\\.vscode\\extensions\\uqbar.wollok-lsp-ide-0.5.4\\out\\server\\src\\server.js:2389:42)\n    at Jh (c:\\Users\\E495\\.vscode\\extensions\\uqbar.wollok-lsp-ide-0.5.4\\out\\server\\src\\server.js:2389:1092)\n    at M5n (c:\\Users\\E495\\.vscode\\extensions\\uqbar.wollok-lsp-ide-0.5.4\\out\\server\\src\\server.js:2389:1248)\n    at c:\\Users\\E495\\.vscode\\extensions\\uqbar.wollok-lsp-ide-0.5.4\\out\\server\\src\\server.js:38:6131\n    at L2 (c:\\Users\\E495\\.vscode\\extensions\\uqbar.wollok-lsp-ide-0.5.4\\out\\server\\src\\server.js:2389:42)","timestamp":"2026-05-05T17:39:35.660Z"}
{"level":"error","message":"✘ Completions for node If ([19:9, 21:10] - mensajeros.wlk) failed: Error: [If]{ac2f13} at mensajeros.wlk:19 exhausted all cases without a match [If]{ac2f13} at mensajeros.wlk:19 exhausted all cases without a match","stack":"Error: [If]{ac2f13} at mensajeros.wlk:19 exhausted all cases without a match\n    at c:\\Users\\E495\\.vscode\\extensions\\uqbar.wollok-lsp-ide-0.5.4\\out\\server\\src\\server.js:38:6142\n    at L2 (c:\\Users\\E495\\.vscode\\extensions\\uqbar.wollok-lsp-ide-0.5.4\\out\\server\\src\\server.js:2389:42)\n    at Jh (c:\\Users\\E495\\.vscode\\extensions\\uqbar.wollok-lsp-ide-0.5.4\\out\\server\\src\\server.js:2389:1092)\n    at v5n (c:\\Users\\E495\\.vscode\\extensions\\uqbar.wollok-lsp-ide-0.5.4\\out\\server\\src\\server.js:2389:818)\n    at c:\\Users\\E495\\.vscode\\extensions\\uqbar.wollok-lsp-ide-0.5.4\\out\\server\\src\\server.js:38:6131\n    at L2 (c:\\Users\\E495\\.vscode\\extensions\\uqbar.wollok-lsp-ide-0.5.4\\out\\server\\src\\server.js:2389:42)\n    at Jh (c:\\Users\\E495\\.vscode\\extensions\\uqbar.wollok-lsp-ide-0.5.4\\out\\server\\src\\server.js:2389:1092)\n    at M5n (c:\\Users\\E495\\.vscode\\extensions\\uqbar.wollok-lsp-ide-0.5.4\\out\\server\\src\\server.js:2389:1248)\n    at c:\\Users\\E495\\.vscode\\extensions\\uqbar.wollok-lsp-ide-0.5.4\\out\\server\\src\\server.js:38:6131\n    at L2 (c:\\Users\\E495\\.vscode\\extensions\\uqbar.wollok-lsp-ide-0.5.4\\out\\server\\src\\server.js:2389:42)","timestamp":"2026-05-05T17:39:35.785Z"}
{"level":"error","message":"✘ Completions for node If ([19:9, 21:10] - mensajeros.wlk) failed: Error: [If]{1d804a} at mensajeros.wlk:19 exhausted all cases without a match [If]{1d804a} at mensajeros.wlk:19 exhausted all cases without a match","stack":"Error: [If]{1d804a} at mensajeros.wlk:19 exhausted all cases without a match\n    at c:\\Users\\E495\\.vscode\\extensions\\uqbar.wollok-lsp-ide-0.5.4\\out\\server\\src\\server.js:38:6142\n    at L2 (c:\\Users\\E495\\.vscode\\extensions\\uqbar.wollok-lsp-ide-0.5.4\\out\\server\\src\\server.js:2389:42)\n    at Jh (c:\\Users\\E495\\.vscode\\extensions\\uqbar.wollok-lsp-ide-0.5.4\\out\\server\\src\\server.js:2389:1092)\n    at v5n (c:\\Users\\E495\\.vscode\\extensions\\uqbar.wollok-lsp-ide-0.5.4\\out\\server\\src\\server.js:2389:818)\n    at c:\\Users\\E495\\.vscode\\extensions\\uqbar.wollok-lsp-ide-0.5.4\\out\\server\\src\\server.js:38:6131\n    at L2 (c:\\Users\\E495\\.vscode\\extensions\\uqbar.wollok-lsp-ide-0.5.4\\out\\server\\src\\server.js:2389:42)\n    at Jh (c:\\Users\\E495\\.vscode\\extensions\\uqbar.wollok-lsp-ide-0.5.4\\out\\server\\src\\server.js:2389:1092)\n    at M5n (c:\\Users\\E495\\.vscode\\extensions\\uqbar.wollok-lsp-ide-0.5.4\\out\\server\\src\\server.js:2389:1248)\n    at c:\\Users\\E495\\.vscode\\extensions\\uqbar.wollok-lsp-ide-0.5.4\\out\\server\\src\\server.js:38:6131\n    at L2 (c:\\Users\\E495\\.vscode\\extensions\\uqbar.wollok-lsp-ide-0.5.4\\out\\server\\src\\server.js:2389:42)","timestamp":"2026-05-05T17:39:35.912Z"}
{"level":"error","message":"✘ Completions for node If ([19:9, 21:10] - mensajeros.wlk) failed: Error: [If]{37787a} at mensajeros.wlk:19 exhausted all cases without a match [If]{37787a} at mensajeros.wlk:19 exhausted all cases without a match","stack":"Error: [If]{37787a} at mensajeros.wlk:19 exhausted all cases without a match\n    at c:\\Users\\E495\\.vscode\\extensions\\uqbar.wollok-lsp-ide-0.5.4\\out\\server\\src\\server.js:38:6142\n    at L2 (c:\\Users\\E495\\.vscode\\extensions\\uqbar.wollok-lsp-ide-0.5.4\\out\\server\\src\\server.js:2389:42)\n    at Jh (c:\\Users\\E495\\.vscode\\extensions\\uqbar.wollok-lsp-ide-0.5.4\\out\\server\\src\\server.js:2389:1092)\n    at v5n (c:\\Users\\E495\\.vscode\\extensions\\uqbar.wollok-lsp-ide-0.5.4\\out\\server\\src\\server.js:2389:818)\n    at c:\\Users\\E495\\.vscode\\extensions\\uqbar.wollok-lsp-ide-0.5.4\\out\\server\\src\\server.js:38:6131\n    at L2 (c:\\Users\\E495\\.vscode\\extensions\\uqbar.wollok-lsp-ide-0.5.4\\out\\server\\src\\server.js:2389:42)\n    at Jh (c:\\Users\\E495\\.vscode\\extensions\\uqbar.wollok-lsp-ide-0.5.4\\out\\server\\src\\server.js:2389:1092)\n    at M5n (c:\\Users\\E495\\.vscode\\extensions\\uqbar.wollok-lsp-ide-0.5.4\\out\\server\\src\\server.js:2389:1248)\n    at c:\\Users\\E495\\.vscode\\extensions\\uqbar.wollok-lsp-ide-0.5.4\\out\\server\\src\\server.js:38:6131\n    at L2 (c:\\Users\\E495\\.vscode\\extensions\\uqbar.wollok-lsp-ide-0.5.4\\out\\server\\src\\server.js:2389:42)","timestamp":"2026-05-05T17:39:36.034Z"}
{"level":"info","message":"⌛ Building environment","timeElapsed":128,"timestamp":"2026-05-05T17:39:36.269Z"}
{"level":"error","message":"✘ Completions for node If ([19:9, 21:10] - mensajeros.wlk) failed: Error: [If]{290322} at mensajeros.wlk:19 exhausted all cases without a match [If]{290322} at mensajeros.wlk:19 exhausted all cases without a match","stack":"Error: [If]{290322} at mensajeros.wlk:19 exhausted all cases without a match\n    at c:\\Users\\E495\\.vscode\\extensions\\uqbar.wollok-lsp-ide-0.5.4\\out\\server\\src\\server.js:38:6142\n    at L2 (c:\\Users\\E495\\.vscode\\extensions\\uqbar.wollok-lsp-ide-0.5.4\\out\\server\\src\\server.js:2389:42)\n    at Jh (c:\\Users\\E495\\.vscode\\extensions\\uqbar.wollok-lsp-ide-0.5.4\\out\\server\\src\\server.js:2389:1092)\n    at v5n (c:\\Users\\E495\\.vscode\\extensions\\uqbar.wollok-lsp-ide-0.5.4\\out\\server\\src\\server.js:2389:818)\n    at c:\\Users\\E495\\.vscode\\extensions\\uqbar.wollok-lsp-ide-0.5.4\\out\\server\\src\\server.js:38:6131\n    at L2 (c:\\Users\\E495\\.vscode\\extensions\\uqbar.wollok-lsp-ide-0.5.4\\out\\server\\src\\server.js:2389:42)\n    at Jh (c:\\Users\\E495\\.vscode\\extensions\\uqbar.wollok-lsp-ide-0.5.4\\out\\server\\src\\server.js:2389:1092)\n    at M5n (c:\\Users\\E495\\.vscode\\extensions\\uqbar.wollok-lsp-ide-0.5.4\\out\\server\\src\\server.js:2389:1248)\n    at c:\\Users\\E495\\.vscode\\extensions\\uqbar.wollok-lsp-ide-0.5.4\\out\\server\\src\\server.js:38:6131\n    at L2 (c:\\Users\\E495\\.vscode\\extensions\\uqbar.wollok-lsp-ide-0.5.4\\out\\server\\src\\server.js:2389:42)","timestamp":"2026-05-05T17:39:36.299Z"}
{"level":"error","message":"✘ Completions for node If ([19:9, 21:10] - mensajeros.wlk) failed: Error: [If]{93271b} at mensajeros.wlk:19 exhausted all cases without a match [If]{93271b} at mensajeros.wlk:19 exhausted all cases without a match","stack":"Error: [If]{93271b} at mensajeros.wlk:19 exhausted all cases without a match\n    at c:\\Users\\E495\\.vscode\\extensions\\uqbar.wollok-lsp-ide-0.5.4\\out\\server\\src\\server.js:38:6142\n    at L2 (c:\\Users\\E495\\.vscode\\extensions\\uqbar.wollok-lsp-ide-0.5.4\\out\\server\\src\\server.js:2389:42)\n    at Jh (c:\\Users\\E495\\.vscode\\extensions\\uqbar.wollok-lsp-ide-0.5.4\\out\\server\\src\\server.js:2389:1092)\n    at v5n (c:\\Users\\E495\\.vscode\\extensions\\uqbar.wollok-lsp-ide-0.5.4\\out\\server\\src\\server.js:2389:818)\n    at c:\\Users\\E495\\.vscode\\extensions\\uqbar.wollok-lsp-ide-0.5.4\\out\\server\\src\\server.js:38:6131\n    at L2 (c:\\Users\\E495\\.vscode\\extensions\\uqbar.wollok-lsp-ide-0.5.4\\out\\server\\src\\server.js:2389:42)\n    at Jh (c:\\Users\\E495\\.vscode\\extensions\\uqbar.wollok-lsp-ide-0.5.4\\out\\server\\src\\server.js:2389:1092)\n    at M5n (c:\\Users\\E495\\.vscode\\extensions\\uqbar.wollok-lsp-ide-0.5.4\\out\\server\\src\\server.js:2389:1248)\n    at c:\\Users\\E495\\.vscode\\extensions\\uqbar.wollok-lsp-ide-0.5.4\\out\\server\\src\\server.js:38:6131\n    at L2 (c:\\Users\\E495\\.vscode\\extensions\\uqbar.wollok-lsp-ide-0.5.4\\out\\server\\src\\server.js:2389:42)","timestamp":"2026-05-05T17:39:36.421Z"}
{"level":"error","message":"✘ Completions for node If ([19:9, 21:10] - mensajeros.wlk) failed: Error: [If]{28dd2c} at mensajeros.wlk:19 exhausted all cases without a match [If]{28dd2c} at mensajeros.wlk:19 exhausted all cases without a match","stack":"Error: [If]{28dd2c} at mensajeros.wlk:19 exhausted all cases without a match\n    at c:\\Users\\E495\\.vscode\\extensions\\uqbar.wollok-lsp-ide-0.5.4\\out\\server\\src\\server.js:38:6142\n    at L2 (c:\\Users\\E495\\.vscode\\extensions\\uqbar.wollok-lsp-ide-0.5.4\\out\\server\\src\\server.js:2389:42)\n    at Jh (c:\\Users\\E495\\.vscode\\extensions\\uqbar.wollok-lsp-ide-0.5.4\\out\\server\\src\\server.js:2389:1092)\n    at v5n (c:\\Users\\E495\\.vscode\\extensions\\uqbar.wollok-lsp-ide-0.5.4\\out\\server\\src\\server.js:2389:818)\n    at c:\\Users\\E495\\.vscode\\extensions\\uqbar.wollok-lsp-ide-0.5.4\\out\\server\\src\\server.js:38:6131\n    at L2 (c:\\Users\\E495\\.vscode\\extensions\\uqbar.wollok-lsp-ide-0.5.4\\out\\server\\src\\server.js:2389:42)\n    at Jh (c:\\Users\\E495\\.vscode\\extensions\\uqbar.wollok-lsp-ide-0.5.4\\out\\server\\src\\server.js:2389:1092)\n    at M5n (c:\\Users\\E495\\.vscode\\extensions\\uqbar.wollok-lsp-ide-0.5.4\\out\\server\\src\\server.js:2389:1248)\n    at c:\\Users\\E495\\.vscode\\extensions\\uqbar.wollok-lsp-ide-0.5.4\\out\\server\\src\\server.js:38:6131\n    at L2 (c:\\Users\\E495\\.vscode\\extensions\\uqbar.wollok-lsp-ide-0.5.4\\out\\server\\src\\server.js:2389:42)","timestamp":"2026-05-05T17:39:36.621Z"}
{"level":"info","message":"⌛ Validating mensajeros.wlk","timeElapsed":110,"timestamp":"2026-05-05T17:39:36.923Z"}
{"level":"info","message":"⌛ Validating mensajeros.wlk","timeElapsed":133,"timestamp":"2026-05-05T17:39:37.091Z"}
{"level":"info","message":"⌛ Validating mensajeros.wlk","timeElapsed":123,"timestamp":"2026-05-05T17:39:37.215Z"}
{"level":"info","message":"⌛ Building environment","timeElapsed":107,"timestamp":"2026-05-05T17:39:37.507Z"}
{"level":"error","message":"✘ Completions for node If ([19:9, 21:10] - mensajeros.wlk) failed: Error: [If]{a116ca} at mensajeros.wlk:19 exhausted all cases without a match [If]{a116ca} at mensajeros.wlk:19 exhausted all cases without a match","stack":"Error: [If]{a116ca} at mensajeros.wlk:19 exhausted all cases without a match\n    at c:\\Users\\E495\\.vscode\\extensions\\uqbar.wollok-lsp-ide-0.5.4\\out\\server\\src\\server.js:38:6142\n    at L2 (c:\\Users\\E495\\.vscode\\extensions\\uqbar.wollok-lsp-ide-0.5.4\\out\\server\\src\\server.js:2389:42)\n    at Jh (c:\\Users\\E495\\.vscode\\extensions\\uqbar.wollok-lsp-ide-0.5.4\\out\\server\\src\\server.js:2389:1092)\n    at v5n (c:\\Users\\E495\\.vscode\\extensions\\uqbar.wollok-lsp-ide-0.5.4\\out\\server\\src\\server.js:2389:818)\n    at c:\\Users\\E495\\.vscode\\extensions\\uqbar.wollok-lsp-ide-0.5.4\\out\\server\\src\\server.js:38:6131\n    at L2 (c:\\Users\\E495\\.vscode\\extensions\\uqbar.wollok-lsp-ide-0.5.4\\out\\server\\src\\server.js:2389:42)\n    at Jh (c:\\Users\\E495\\.vscode\\extensions\\uqbar.wollok-lsp-ide-0.5.4\\out\\server\\src\\server.js:2389:1092)\n    at M5n (c:\\Users\\E495\\.vscode\\extensions\\uqbar.wollok-lsp-ide-0.5.4\\out\\server\\src\\server.js:2389:1248)\n    at c:\\Users\\E495\\.vscode\\extensions\\uqbar.wollok-lsp-ide-0.5.4\\out\\server\\src\\server.js:38:6131\n    at L2 (c:\\Users\\E495\\.vscode\\extensions\\uqbar.wollok-lsp-ide-0.5.4\\out\\server\\src\\server.js:2389:42)","timestamp":"2026-05-05T17:39:37.543Z"}
{"level":"info","message":"⌛ Building environment","timeElapsed":113,"timestamp":"2026-05-05T17:39:37.679Z"}
{"level":"info","message":"⌛ Building environment","timeElapsed":132,"timestamp":"2026-05-05T17:39:37.997Z"}
{"level":"info","message":"⌛ Validating mensajeros.wlk","timeElapsed":117,"timestamp":"2026-05-05T17:39:38.115Z"}
{"level":"info","message":"⌛ Validating mensajeros.wlk","timeElapsed":101,"timestamp":"2026-05-05T17:39:38.216Z"}
{"level":"info","message":"⌛ Validating mensajeros.wlk","timeElapsed":107,"timestamp":"2026-05-05T17:39:38.440Z"}
{"level":"error","message":"✘ Completions for node If ([19:9, 21:10] - mensajeros.wlk) failed: Error: [If]{c568f8} at mensajeros.wlk:19 exhausted all cases without a match [If]{c568f8} at mensajeros.wlk:19 exhausted all cases without a match","stack":"Error: [If]{c568f8} at mensajeros.wlk:19 exhausted all cases without a match\n    at c:\\Users\\E495\\.vscode\\extensions\\uqbar.wollok-lsp-ide-0.5.4\\out\\server\\src\\server.js:38:6142\n    at L2 (c:\\Users\\E495\\.vscode\\extensions\\uqbar.wollok-lsp-ide-0.5.4\\out\\server\\src\\server.js:2389:42)\n    at Jh (c:\\Users\\E495\\.vscode\\extensions\\uqbar.wollok-lsp-ide-0.5.4\\out\\server\\src\\server.js:2389:1092)\n    at v5n (c:\\Users\\E495\\.vscode\\extensions\\uqbar.wollok-lsp-ide-0.5.4\\out\\server\\src\\server.js:2389:818)\n    at c:\\Users\\E495\\.vscode\\extensions\\uqbar.wollok-lsp-ide-0.5.4\\out\\server\\src\\server.js:38:6131\n    at L2 (c:\\Users\\E495\\.vscode\\extensions\\uqbar.wollok-lsp-ide-0.5.4\\out\\server\\src\\server.js:2389:42)\n    at Jh (c:\\Users\\E495\\.vscode\\extensions\\uqbar.wollok-lsp-ide-0.5.4\\out\\server\\src\\server.js:2389:1092)\n    at M5n (c:\\Users\\E495\\.vscode\\extensions\\uqbar.wollok-lsp-ide-0.5.4\\out\\server\\src\\server.js:2389:1248)\n    at c:\\Users\\E495\\.vscode\\extensions\\uqbar.wollok-lsp-ide-0.5.4\\out\\server\\src\\server.js:38:6131\n    at L2 (c:\\Users\\E495\\.vscode\\extensions\\uqbar.wollok-lsp-ide-0.5.4\\out\\server\\src\\server.js:2389:42)","timestamp":"2026-05-05T17:39:38.549Z"}
{"level":"info","message":"⌛ Validating mensajeros.wlk","timeElapsed":107,"timestamp":"2026-05-05T17:39:38.667Z"}
{"level":"info","message":"⌛ Building environment","timeElapsed":178,"timestamp":"2026-05-05T17:39:38.853Z"}
{"level":"info","message":"⌛ Validating mensajeros.wlk","timeElapsed":137,"timestamp":"2026-05-05T17:39:38.991Z"}
{"level":"error","message":"✘ Completions for node Return ([20:13, 20:19] - mensajeros.wlk) failed: Error: [Return]{e10a14} at mensajeros.wlk:20 exhausted all cases without a match [Return]{e10a14} at mensajeros.wlk:20 exhausted all cases without a match","stack":"Error: [Return]{e10a14} at mensajeros.wlk:20 exhausted all cases without a match\n    at c:\\Users\\E495\\.vscode\\extensions\\uqbar.wollok-lsp-ide-0.5.4\\out\\server\\src\\server.js:38:6142\n    at L2 (c:\\Users\\E495\\.vscode\\extensions\\uqbar.wollok-lsp-ide-0.5.4\\out\\server\\src\\server.js:2389:42)\n    at c:\\Users\\E495\\.vscode\\extensions\\uqbar.wollok-lsp-ide-0.5.4\\out\\server\\src\\server.js:2389:2988\n    at c:\\Users\\E495\\.vscode\\extensions\\uqbar.wollok-lsp-ide-0.5.4\\out\\server\\src\\server.js:2398:8440\n    at c:\\Users\\E495\\.vscode\\extensions\\uqbar.wollok-lsp-ide-0.5.4\\out\\server\\src\\server.js:37:74872\n    at Ke (c:\\Users\\E495\\.vscode\\extensions\\uqbar.wollok-lsp-ide-0.5.4\\out\\server\\src\\server.js:7:8527)\n    at Lt (c:\\Users\\E495\\.vscode\\extensions\\uqbar.wollok-lsp-ide-0.5.4\\out\\server\\src\\server.js:7:6189)\n    at ct (c:\\Users\\E495\\.vscode\\extensions\\uqbar.wollok-lsp-ide-0.5.4\\out\\server\\src\\server.js:7:6378)\n    at Immediate._onImmediate (c:\\Users\\E495\\.vscode\\extensions\\uqbar.wollok-lsp-ide-0.5.4\\out\\server\\src\\server.js:7:6142)\n    at process.processImmediate (node:internal/timers:484:21)","timestamp":"2026-05-05T17:39:39.106Z"}
{"level":"error","message":"✘ Completions for node If ([19:9, 21:10] - mensajeros.wlk) failed: Error: [If]{b3db23} at mensajeros.wlk:19 exhausted all cases without a match [If]{b3db23} at mensajeros.wlk:19 exhausted all cases without a match","stack":"Error: [If]{b3db23} at mensajeros.wlk:19 exhausted all cases without a match\n    at c:\\Users\\E495\\.vscode\\extensions\\uqbar.wollok-lsp-ide-0.5.4\\out\\server\\src\\server.js:38:6142\n    at L2 (c:\\Users\\E495\\.vscode\\extensions\\uqbar.wollok-lsp-ide-0.5.4\\out\\server\\src\\server.js:2389:42)\n    at Jh (c:\\Users\\E495\\.vscode\\extensions\\uqbar.wollok-lsp-ide-0.5.4\\out\\server\\src\\server.js:2389:1092)\n    at v5n (c:\\Users\\E495\\.vscode\\extensions\\uqbar.wollok-lsp-ide-0.5.4\\out\\server\\src\\server.js:2389:818)\n    at c:\\Users\\E495\\.vscode\\extensions\\uqbar.wollok-lsp-ide-0.5.4\\out\\server\\src\\server.js:38:6131\n    at L2 (c:\\Users\\E495\\.vscode\\extensions\\uqbar.wollok-lsp-ide-0.5.4\\out\\server\\src\\server.js:2389:42)\n    at Jh (c:\\Users\\E495\\.vscode\\extensions\\uqbar.wollok-lsp-ide-0.5.4\\out\\server\\src\\server.js:2389:1092)\n    at L2 (c:\\Users\\E495\\.vscode\\extensions\\uqbar.wollok-lsp-ide-0.5.4\\out\\server\\src\\server.js:2389:544)\n    at c:\\Users\\E495\\.vscode\\extensions\\uqbar.wollok-lsp-ide-0.5.4\\out\\server\\src\\server.js:2389:2988\n    at c:\\Users\\E495\\.vscode\\extensions\\uqbar.wollok-lsp-ide-0.5.4\\out\\server\\src\\server.js:2398:8440","timestamp":"2026-05-05T17:39:39.107Z"}
{"level":"info","message":"⌛ Validating mensajeros.wlk","timeElapsed":103,"timestamp":"2026-05-05T17:39:40.154Z"}
{"level":"error","message":"✘ Completions for node Return ([20:13, 20:21] - mensajeros.wlk) failed: Error: [Return]{fcd75d} at mensajeros.wlk:20 exhausted all cases without a match [Return]{fcd75d} at mensajeros.wlk:20 exhausted all cases without a match","stack":"Error: [Return]{fcd75d} at mensajeros.wlk:20 exhausted all cases without a match\n    at c:\\Users\\E495\\.vscode\\extensions\\uqbar.wollok-lsp-ide-0.5.4\\out\\server\\src\\server.js:38:6142\n    at L2 (c:\\Users\\E495\\.vscode\\extensions\\uqbar.wollok-lsp-ide-0.5.4\\out\\server\\src\\server.js:2389:42)\n    at Jh (c:\\Users\\E495\\.vscode\\extensions\\uqbar.wollok-lsp-ide-0.5.4\\out\\server\\src\\server.js:2389:1092)\n    at M5n (c:\\Users\\E495\\.vscode\\extensions\\uqbar.wollok-lsp-ide-0.5.4\\out\\server\\src\\server.js:2389:1248)\n    at c:\\Users\\E495\\.vscode\\extensions\\uqbar.wollok-lsp-ide-0.5.4\\out\\server\\src\\server.js:38:6131\n    at L2 (c:\\Users\\E495\\.vscode\\extensions\\uqbar.wollok-lsp-ide-0.5.4\\out\\server\\src\\server.js:2389:42)\n    at c:\\Users\\E495\\.vscode\\extensions\\uqbar.wollok-lsp-ide-0.5.4\\out\\server\\src\\server.js:2389:2988\n    at c:\\Users\\E495\\.vscode\\extensions\\uqbar.wollok-lsp-ide-0.5.4\\out\\server\\src\\server.js:2398:8440\n    at c:\\Users\\E495\\.vscode\\extensions\\uqbar.wollok-lsp-ide-0.5.4\\out\\server\\src\\server.js:37:74872\n    at Ke (c:\\Users\\E495\\.vscode\\extensions\\uqbar.wollok-lsp-ide-0.5.4\\out\\server\\src\\server.js:7:8527)","timestamp":"2026-05-05T17:39:40.398Z"}
{"level":"error","message":"✘ Completions for node If ([19:9, 21:10] - mensajeros.wlk) failed: Error: [If]{81596d} at mensajeros.wlk:19 exhausted all cases without a match [If]{81596d} at mensajeros.wlk:19 exhausted all cases without a match","stack":"Error: [If]{81596d} at mensajeros.wlk:19 exhausted all cases without a match\n    at c:\\Users\\E495\\.vscode\\extensions\\uqbar.wollok-lsp-ide-0.5.4\\out\\server\\src\\server.js:38:6142\n    at L2 (c:\\Users\\E495\\.vscode\\extensions\\uqbar.wollok-lsp-ide-0.5.4\\out\\server\\src\\server.js:2389:42)\n    at Jh (c:\\Users\\E495\\.vscode\\extensions\\uqbar.wollok-lsp-ide-0.5.4\\out\\server\\src\\server.js:2389:1092)\n    at v5n (c:\\Users\\E495\\.vscode\\extensions\\uqbar.wollok-lsp-ide-0.5.4\\out\\server\\src\\server.js:2389:818)\n    at c:\\Users\\E495\\.vscode\\extensions\\uqbar.wollok-lsp-ide-0.5.4\\out\\server\\src\\server.js:38:6131\n    at L2 (c:\\Users\\E495\\.vscode\\extensions\\uqbar.wollok-lsp-ide-0.5.4\\out\\server\\src\\server.js:2389:42)\n    at Jh (c:\\Users\\E495\\.vscode\\extensions\\uqbar.wollok-lsp-ide-0.5.4\\out\\server\\src\\server.js:2389:1092)\n    at L2 (c:\\Users\\E495\\.vscode\\extensions\\uqbar.wollok-lsp-ide-0.5.4\\out\\server\\src\\server.js:2389:544)\n    at Jh (c:\\Users\\E495\\.vscode\\extensions\\uqbar.wollok-lsp-ide-0.5.4\\out\\server\\src\\server.js:2389:1092)\n    at M5n (c:\\Users\\E495\\.vscode\\extensions\\uqbar.wollok-lsp-ide-0.5.4\\out\\server\\src\\server.js:2389:1248)","timestamp":"2026-05-05T17:39:40.398Z"}
{"level":"info","message":"⌛ Validating mensajeros.wlk","timeElapsed":109,"timestamp":"2026-05-05T17:39:40.516Z"}
{"level":"info","message":"⌛ Validating mensajeros.wlk","timeElapsed":102,"timestamp":"2026-05-05T17:39:42.193Z"}
{"level":"info","message":"⌛ Validating mensajeros.wlk","timeElapsed":117,"timestamp":"2026-05-05T17:39:42.720Z"}
{"level":"info","message":"⌛ Building environment","timeElapsed":105,"timestamp":"2026-05-05T17:39:43.275Z"}
{"level":"info","message":"⌛ Validating mensajeros.wlk","timeElapsed":148,"timestamp":"2026-05-05T17:39:43.425Z"}
{"level":"info","message":"⌛ Validating mensajeros.wlk","timeElapsed":107,"timestamp":"2026-05-05T17:39:43.629Z"}
{"level":"info","message":"⌛ Validating mensajeros.wlk","timeElapsed":111,"timestamp":"2026-05-05T17:39:43.828Z"}
{"level":"info","message":"⌛ Validating mensajeros.wlk","timeElapsed":117,"timestamp":"2026-05-05T17:39:48.091Z"}
{"level":"error","message":"✘ Completions for node Return (undefined - mensajeros.wlk) failed: Error: [Return]{f48cf8} at mensajeros.wlk:-- exhausted all cases without a match [Return]{f48cf8} at mensajeros.wlk:-- exhausted all cases without a match","stack":"Error: [Return]{f48cf8} at mensajeros.wlk:-- exhausted all cases without a match\n    at c:\\Users\\E495\\.vscode\\extensions\\uqbar.wollok-lsp-ide-0.5.4\\out\\server\\src\\server.js:38:6142\n    at L2 (c:\\Users\\E495\\.vscode\\extensions\\uqbar.wollok-lsp-ide-0.5.4\\out\\server\\src\\server.js:2389:42)\n    at Jh (c:\\Users\\E495\\.vscode\\extensions\\uqbar.wollok-lsp-ide-0.5.4\\out\\server\\src\\server.js:2389:1092)\n    at M5n (c:\\Users\\E495\\.vscode\\extensions\\uqbar.wollok-lsp-ide-0.5.4\\out\\server\\src\\server.js:2389:1248)\n    at c:\\Users\\E495\\.vscode\\extensions\\uqbar.wollok-lsp-ide-0.5.4\\out\\server\\src\\server.js:38:6131\n    at L2 (c:\\Users\\E495\\.vscode\\extensions\\uqbar.wollok-lsp-ide-0.5.4\\out\\server\\src\\server.js:2389:42)\n    at c:\\Users\\E495\\.vscode\\extensions\\uqbar.wollok-lsp-ide-0.5.4\\out\\server\\src\\server.js:2389:2988\n    at c:\\Users\\E495\\.vscode\\extensions\\uqbar.wollok-lsp-ide-0.5.4\\out\\server\\src\\server.js:2398:8440\n    at c:\\Users\\E495\\.vscode\\extensions\\uqbar.wollok-lsp-ide-0.5.4\\out\\server\\src\\server.js:37:74872\n    at Ke (c:\\Users\\E495\\.vscode\\extensions\\uqbar.wollok-lsp-ide-0.5.4\\out\\server\\src\\server.js:7:8527)","timestamp":"2026-05-05T17:39:49.367Z"}
{"level":"info","message":"⌛ Validating mensajeros.wlk","timeElapsed":178,"timestamp":"2026-05-05T17:39:49.555Z"}
{"level":"info","message":"⌛ Validating mensajeros.wlk","timeElapsed":110,"timestamp":"2026-05-05T17:39:49.994Z"}
{"level":"info","message":"⌛ Validating mensajeros.wlk","timeElapsed":147,"timestamp":"2026-05-05T17:39:52.059Z"}
{"level":"info","message":"⌛ Building environment","timeElapsed":114,"timestamp":"2026-05-05T17:39:52.632Z"}
{"level":"info","message":"⌛ Validating mensajeros.wlk","timeElapsed":117,"timestamp":"2026-05-05T17:39:52.751Z"}
{"level":"error","message":"✘ Completions for node Return (undefined - mensajeros.wlk) failed: Error: [Return]{0d0613} at mensajeros.wlk:-- exhausted all cases without a match [Return]{0d0613} at mensajeros.wlk:-- exhausted all cases without a match","stack":"Error: [Return]{0d0613} at mensajeros.wlk:-- exhausted all cases without a match\n    at c:\\Users\\E495\\.vscode\\extensions\\uqbar.wollok-lsp-ide-0.5.4\\out\\server\\src\\server.js:38:6142\n    at L2 (c:\\Users\\E495\\.vscode\\extensions\\uqbar.wollok-lsp-ide-0.5.4\\out\\server\\src\\server.js:2389:42)\n    at Jh (c:\\Users\\E495\\.vscode\\extensions\\uqbar.wollok-lsp-ide-0.5.4\\out\\server\\src\\server.js:2389:1092)\n    at M5n (c:\\Users\\E495\\.vscode\\extensions\\uqbar.wollok-lsp-ide-0.5.4\\out\\server\\src\\server.js:2389:1248)\n    at c:\\Users\\E495\\.vscode\\extensions\\uqbar.wollok-lsp-ide-0.5.4\\out\\server\\src\\server.js:38:6131\n    at L2 (c:\\Users\\E495\\.vscode\\extensions\\uqbar.wollok-lsp-ide-0.5.4\\out\\server\\src\\server.js:2389:42)\n    at c:\\Users\\E495\\.vscode\\extensions\\uqbar.wollok-lsp-ide-0.5.4\\out\\server\\src\\server.js:2389:2988\n    at c:\\Users\\E495\\.vscode\\extensions\\uqbar.wollok-lsp-ide-0.5.4\\out\\server\\src\\server.js:2398:8440\n    at c:\\Users\\E495\\.vscode\\extensions\\uqbar.wollok-lsp-ide-0.5.4\\out\\server\\src\\server.js:37:74872\n    at Ke (c:\\Users\\E495\\.vscode\\extensions\\uqbar.wollok-lsp-ide-0.5.4\\out\\server\\src\\server.js:7:8527)","timestamp":"2026-05-05T17:39:54.743Z"}
{"level":"info","message":"⌛ Validating mensajeros.wlk","timeElapsed":117,"timestamp":"2026-05-05T17:39:59.107Z"}
{"level":"info","message":"⌛ Validating mensajeros.wlk","timeElapsed":114,"timestamp":"2026-05-05T17:39:59.394Z"}
{"level":"info","message":"⌛ Validating mensajeros.wlk","timeElapsed":112,"timestamp":"2026-05-05T17:40:02.299Z"}
{"level":"info","message":"⌛ Validating mensajeros.wlk","timeElapsed":144,"timestamp":"2026-05-05T17:40:13.304Z"}
{"level":"info","message":"⌛ Validating mensajeros.wlk","timeElapsed":102,"timestamp":"2026-05-05T17:40:14.053Z"}
{"level":"info","message":"⌛ Validating mensajeros.wlk","timeElapsed":110,"timestamp":"2026-05-05T17:40:14.382Z"}
{"level":"info","message":"⌛ Validating mensajeros.wlk","timeElapsed":105,"timestamp":"2026-05-05T17:40:14.624Z"}
{"level":"info","message":"⌛ Building environment","timeElapsed":134,"timestamp":"2026-05-05T17:40:14.999Z"}
{"level":"info","message":"⌛ Validating mensajeros.wlk","timeElapsed":125,"timestamp":"2026-05-05T17:40:15.125Z"}
{"level":"info","message":"⌛ Validating mensajeros.wlk","timeElapsed":123,"timestamp":"2026-05-05T17:40:15.324Z"}
{"level":"info","message":"⌛ Building environment","timeElapsed":137,"timestamp":"2026-05-05T17:40:15.464Z"}
{"level":"info","message":"⌛ Validating mensajeros.wlk","timeElapsed":127,"timestamp":"2026-05-05T17:40:15.592Z"}
{"level":"error","message":"✘ Completions for node If ([19:9, 25:10] - mensajeros.wlk) failed: Error: [If]{a47c01} at mensajeros.wlk:19 exhausted all cases without a match [If]{a47c01} at mensajeros.wlk:19 exhausted all cases without a match","stack":"Error: [If]{a47c01} at mensajeros.wlk:19 exhausted all cases without a match\n    at c:\\Users\\E495\\.vscode\\extensions\\uqbar.wollok-lsp-ide-0.5.4\\out\\server\\src\\server.js:38:6142\n    at L2 (c:\\Users\\E495\\.vscode\\extensions\\uqbar.wollok-lsp-ide-0.5.4\\out\\server\\src\\server.js:2389:42)\n    at Jh (c:\\Users\\E495\\.vscode\\extensions\\uqbar.wollok-lsp-ide-0.5.4\\out\\server\\src\\server.js:2389:1092)\n    at v5n (c:\\Users\\E495\\.vscode\\extensions\\uqbar.wollok-lsp-ide-0.5.4\\out\\server\\src\\server.js:2389:818)\n    at c:\\Users\\E495\\.vscode\\extensions\\uqbar.wollok-lsp-ide-0.5.4\\out\\server\\src\\server.js:38:6131\n    at L2 (c:\\Users\\E495\\.vscode\\extensions\\uqbar.wollok-lsp-ide-0.5.4\\out\\server\\src\\server.js:2389:42)\n    at Jh (c:\\Users\\E495\\.vscode\\extensions\\uqbar.wollok-lsp-ide-0.5.4\\out\\server\\src\\server.js:2389:1092)\n    at M5n (c:\\Users\\E495\\.vscode\\extensions\\uqbar.wollok-lsp-ide-0.5.4\\out\\server\\src\\server.js:2389:1248)\n    at c:\\Users\\E495\\.vscode\\extensions\\uqbar.wollok-lsp-ide-0.5.4\\out\\server\\src\\server.js:38:6131\n    at L2 (c:\\Users\\E495\\.vscode\\extensions\\uqbar.wollok-lsp-ide-0.5.4\\out\\server\\src\\server.js:2389:42)","timestamp":"2026-05-05T17:40:15.715Z"}
{"level":"info","message":"⌛ Validating mensajeros.wlk","timeElapsed":117,"timestamp":"2026-05-05T17:40:15.835Z"}
{"level":"info","message":"⌛ Building environment","timeElapsed":106,"timestamp":"2026-05-05T17:40:16.485Z"}
{"level":"error","message":"✘ Completions for node If ([19:9, 25:10] - mensajeros.wlk) failed: Error: [If]{d28184} at mensajeros.wlk:19 exhausted all cases without a match [If]{d28184} at mensajeros.wlk:19 exhausted all cases without a match","stack":"Error: [If]{d28184} at mensajeros.wlk:19 exhausted all cases without a match\n    at c:\\Users\\E495\\.vscode\\extensions\\uqbar.wollok-lsp-ide-0.5.4\\out\\server\\src\\server.js:38:6142\n    at L2 (c:\\Users\\E495\\.vscode\\extensions\\uqbar.wollok-lsp-ide-0.5.4\\out\\server\\src\\server.js:2389:42)\n    at Jh (c:\\Users\\E495\\.vscode\\extensions\\uqbar.wollok-lsp-ide-0.5.4\\out\\server\\src\\server.js:2389:1092)\n    at v5n (c:\\Users\\E495\\.vscode\\extensions\\uqbar.wollok-lsp-ide-0.5.4\\out\\server\\src\\server.js:2389:818)\n    at c:\\Users\\E495\\.vscode\\extensions\\uqbar.wollok-lsp-ide-0.5.4\\out\\server\\src\\server.js:38:6131\n    at L2 (c:\\Users\\E495\\.vscode\\extensions\\uqbar.wollok-lsp-ide-0.5.4\\out\\server\\src\\server.js:2389:42)\n    at Jh (c:\\Users\\E495\\.vscode\\extensions\\uqbar.wollok-lsp-ide-0.5.4\\out\\server\\src\\server.js:2389:1092)\n    at M5n (c:\\Users\\E495\\.vscode\\extensions\\uqbar.wollok-lsp-ide-0.5.4\\out\\server\\src\\server.js:2389:1248)\n    at c:\\Users\\E495\\.vscode\\extensions\\uqbar.wollok-lsp-ide-0.5.4\\out\\server\\src\\server.js:38:6131\n    at L2 (c:\\Users\\E495\\.vscode\\extensions\\uqbar.wollok-lsp-ide-0.5.4\\out\\server\\src\\server.js:2389:42)","timestamp":"2026-05-05T17:40:16.519Z"}
{"level":"error","message":"✘ Completions for node If ([19:9, 25:10] - mensajeros.wlk) failed: Error: [If]{9dba64} at mensajeros.wlk:19 exhausted all cases without a match [If]{9dba64} at mensajeros.wlk:19 exhausted all cases without a match","stack":"Error: [If]{9dba64} at mensajeros.wlk:19 exhausted all cases without a match\n    at c:\\Users\\E495\\.vscode\\extensions\\uqbar.wollok-lsp-ide-0.5.4\\out\\server\\src\\server.js:38:6142\n    at L2 (c:\\Users\\E495\\.vscode\\extensions\\uqbar.wollok-lsp-ide-0.5.4\\out\\server\\src\\server.js:2389:42)\n    at Jh (c:\\Users\\E495\\.vscode\\extensions\\uqbar.wollok-lsp-ide-0.5.4\\out\\server\\src\\server.js:2389:1092)\n    at v5n (c:\\Users\\E495\\.vscode\\extensions\\uqbar.wollok-lsp-ide-0.5.4\\out\\server\\src\\server.js:2389:818)\n    at c:\\Users\\E495\\.vscode\\extensions\\uqbar.wollok-lsp-ide-0.5.4\\out\\server\\src\\server.js:38:6131\n    at L2 (c:\\Users\\E495\\.vscode\\extensions\\uqbar.wollok-lsp-ide-0.5.4\\out\\server\\src\\server.js:2389:42)\n    at Jh (c:\\Users\\E495\\.vscode\\extensions\\uqbar.wollok-lsp-ide-0.5.4\\out\\server\\src\\server.js:2389:1092)\n    at M5n (c:\\Users\\E495\\.vscode\\extensions\\uqbar.wollok-lsp-ide-0.5.4\\out\\server\\src\\server.js:2389:1248)\n    at c:\\Users\\E495\\.vscode\\extensions\\uqbar.wollok-lsp-ide-0.5.4\\out\\server\\src\\server.js:38:6131\n    at L2 (c:\\Users\\E495\\.vscode\\extensions\\uqbar.wollok-lsp-ide-0.5.4\\out\\server\\src\\server.js:2389:42)","timestamp":"2026-05-05T17:40:17.376Z"}
{"level":"error","message":"✘ Completions for node If ([19:9, 25:10] - mensajeros.wlk) failed: Error: [If]{3df125} at mensajeros.wlk:19 exhausted all cases without a match [If]{3df125} at mensajeros.wlk:19 exhausted all cases without a match","stack":"Error: [If]{3df125} at mensajeros.wlk:19 exhausted all cases without a match\n    at c:\\Users\\E495\\.vscode\\extensions\\uqbar.wollok-lsp-ide-0.5.4\\out\\server\\src\\server.js:38:6142\n    at L2 (c:\\Users\\E495\\.vscode\\extensions\\uqbar.wollok-lsp-ide-0.5.4\\out\\server\\src\\server.js:2389:42)\n    at Jh (c:\\Users\\E495\\.vscode\\extensions\\uqbar.wollok-lsp-ide-0.5.4\\out\\server\\src\\server.js:2389:1092)\n    at v5n (c:\\Users\\E495\\.vscode\\extensions\\uqbar.wollok-lsp-ide-0.5.4\\out\\server\\src\\server.js:2389:818)\n    at c:\\Users\\E495\\.vscode\\extensions\\uqbar.wollok-lsp-ide-0.5.4\\out\\server\\src\\server.js:38:6131\n    at L2 (c:\\Users\\E495\\.vscode\\extensions\\uqbar.wollok-lsp-ide-0.5.4\\out\\server\\src\\server.js:2389:42)\n    at Jh (c:\\Users\\E495\\.vscode\\extensions\\uqbar.wollok-lsp-ide-0.5.4\\out\\server\\src\\server.js:2389:1092)\n    at M5n (c:\\Users\\E495\\.vscode\\extensions\\uqbar.wollok-lsp-ide-0.5.4\\out\\server\\src\\server.js:2389:1248)\n    at c:\\Users\\E495\\.vscode\\extensions\\uqbar.wollok-lsp-ide-0.5.4\\out\\server\\src\\server.js:38:6131\n    at L2 (c:\\Users\\E495\\.vscode\\extensions\\uqbar.wollok-lsp-ide-0.5.4\\out\\server\\src\\server.js:2389:42)","timestamp":"2026-05-05T17:40:17.662Z"}
{"level":"info","message":"⌛ Validating mensajeros.wlk","timeElapsed":102,"timestamp":"2026-05-05T17:40:17.768Z"}
{"level":"info","message":"⌛ Validating mensajeros.wlk","timeElapsed":120,"timestamp":"2026-05-05T17:40:18.080Z"}
{"level":"error","message":"✘ Completions for node Return ([24:13, 24:21] - mensajeros.wlk) failed: Error: [Return]{81fbd9} at mensajeros.wlk:24 exhausted all cases without a match [Return]{81fbd9} at mensajeros.wlk:24 exhausted all cases without a match","stack":"Error: [Return]{81fbd9} at mensajeros.wlk:24 exhausted all cases without a match\n    at c:\\Users\\E495\\.vscode\\extensions\\uqbar.wollok-lsp-ide-0.5.4\\out\\server\\src\\server.js:38:6142\n    at L2 (c:\\Users\\E495\\.vscode\\extensions\\uqbar.wollok-lsp-ide-0.5.4\\out\\server\\src\\server.js:2389:42)\n    at Jh (c:\\Users\\E495\\.vscode\\extensions\\uqbar.wollok-lsp-ide-0.5.4\\out\\server\\src\\server.js:2389:1092)\n    at M5n (c:\\Users\\E495\\.vscode\\extensions\\uqbar.wollok-lsp-ide-0.5.4\\out\\server\\src\\server.js:2389:1248)\n    at c:\\Users\\E495\\.vscode\\extensions\\uqbar.wollok-lsp-ide-0.5.4\\out\\server\\src\\server.js:38:6131\n    at L2 (c:\\Users\\E495\\.vscode\\extensions\\uqbar.wollok-lsp-ide-0.5.4\\out\\server\\src\\server.js:2389:42)\n    at c:\\Users\\E495\\.vscode\\extensions\\uqbar.wollok-lsp-ide-0.5.4\\out\\server\\src\\server.js:2389:2988\n    at c:\\Users\\E495\\.vscode\\extensions\\uqbar.wollok-lsp-ide-0.5.4\\out\\server\\src\\server.js:2398:8440\n    at c:\\Users\\E495\\.vscode\\extensions\\uqbar.wollok-lsp-ide-0.5.4\\out\\server\\src\\server.js:37:74872\n    at Ke (c:\\Users\\E495\\.vscode\\extensions\\uqbar.wollok-lsp-ide-0.5.4\\out\\server\\src\\server.js:7:8527)","timestamp":"2026-05-05T17:40:18.308Z"}
{"level":"error","message":"✘ Completions for node If ([19:9, 25:10] - mensajeros.wlk) failed: Error: [If]{5f3fb4} at mensajeros.wlk:19 exhausted all cases without a match [If]{5f3fb4} at mensajeros.wlk:19 exhausted all cases without a match","stack":"Error: [If]{5f3fb4} at mensajeros.wlk:19 exhausted all cases without a match\n    at c:\\Users\\E495\\.vscode\\extensions\\uqbar.wollok-lsp-ide-0.5.4\\out\\server\\src\\server.js:38:6142\n    at L2 (c:\\Users\\E495\\.vscode\\extensions\\uqbar.wollok-lsp-ide-0.5.4\\out\\server\\src\\server.js:2389:42)\n    at Jh (c:\\Users\\E495\\.vscode\\extensions\\uqbar.wollok-lsp-ide-0.5.4\\out\\server\\src\\server.js:2389:1092)\n    at v5n (c:\\Users\\E495\\.vscode\\extensions\\uqbar.wollok-lsp-ide-0.5.4\\out\\server\\src\\server.js:2389:818)\n    at c:\\Users\\E495\\.vscode\\extensions\\uqbar.wollok-lsp-ide-0.5.4\\out\\server\\src\\server.js:38:6131\n    at L2 (c:\\Users\\E495\\.vscode\\extensions\\uqbar.wollok-lsp-ide-0.5.4\\out\\server\\src\\server.js:2389:42)\n    at Jh (c:\\Users\\E495\\.vscode\\extensions\\uqbar.wollok-lsp-ide-0.5.4\\out\\server\\src\\server.js:2389:1092)\n    at L2 (c:\\Users\\E495\\.vscode\\extensions\\uqbar.wollok-lsp-ide-0.5.4\\out\\server\\src\\server.js:2389:544)\n    at Jh (c:\\Users\\E495\\.vscode\\extensions\\uqbar.wollok-lsp-ide-0.5.4\\out\\server\\src\\server.js:2389:1092)\n    at M5n (c:\\Users\\E495\\.vscode\\extensions\\uqbar.wollok-lsp-ide-0.5.4\\out\\server\\src\\server.js:2389:1248)","timestamp":"2026-05-05T17:40:18.308Z"}
{"level":"info","message":"⌛ Validating mensajeros.wlk","timeElapsed":111,"timestamp":"2026-05-05T17:40:18.565Z"}
{"level":"info","message":"⌛ Building environment","timeElapsed":108,"timestamp":"2026-05-05T17:40:18.675Z"}
{"level":"error","message":"✘ Completions for node Return ([24:13, 24:23] - mensajeros.wlk) failed: Error: [Return]{3a30dc} at mensajeros.wlk:24 exhausted all cases without a match [Return]{3a30dc} at mensajeros.wlk:24 exhausted all cases without a match","stack":"Error: [Return]{3a30dc} at mensajeros.wlk:24 exhausted all cases without a match\n    at c:\\Users\\E495\\.vscode\\extensions\\uqbar.wollok-lsp-ide-0.5.4\\out\\server\\src\\server.js:38:6142\n    at L2 (c:\\Users\\E495\\.vscode\\extensions\\uqbar.wollok-lsp-ide-0.5.4\\out\\server\\src\\server.js:2389:42)\n    at Jh (c:\\Users\\E495\\.vscode\\extensions\\uqbar.wollok-lsp-ide-0.5.4\\out\\server\\src\\server.js:2389:1092)\n    at M5n (c:\\Users\\E495\\.vscode\\extensions\\uqbar.wollok-lsp-ide-0.5.4\\out\\server\\src\\server.js:2389:1248)\n    at c:\\Users\\E495\\.vscode\\extensions\\uqbar.wollok-lsp-ide-0.5.4\\out\\server\\src\\server.js:38:6131\n    at L2 (c:\\Users\\E495\\.vscode\\extensions\\uqbar.wollok-lsp-ide-0.5.4\\out\\server\\src\\server.js:2389:42)\n    at c:\\Users\\E495\\.vscode\\extensions\\uqbar.wollok-lsp-ide-0.5.4\\out\\server\\src\\server.js:2389:2988\n    at c:\\Users\\E495\\.vscode\\extensions\\uqbar.wollok-lsp-ide-0.5.4\\out\\server\\src\\server.js:2398:8440\n    at c:\\Users\\E495\\.vscode\\extensions\\uqbar.wollok-lsp-ide-0.5.4\\out\\server\\src\\server.js:37:74872\n    at Ke (c:\\Users\\E495\\.vscode\\extensions\\uqbar.wollok-lsp-ide-0.5.4\\out\\server\\src\\server.js:7:8527)","timestamp":"2026-05-05T17:40:18.731Z"}
{"level":"error","message":"✘ Completions for node If ([19:9, 25:10] - mensajeros.wlk) failed: Error: [If]{3b7960} at mensajeros.wlk:19 exhausted all cases without a match [If]{3b7960} at mensajeros.wlk:19 exhausted all cases without a match","stack":"Error: [If]{3b7960} at mensajeros.wlk:19 exhausted all cases without a match\n    at c:\\Users\\E495\\.vscode\\extensions\\uqbar.wollok-lsp-ide-0.5.4\\out\\server\\src\\server.js:38:6142\n    at L2 (c:\\Users\\E495\\.vscode\\extensions\\uqbar.wollok-lsp-ide-0.5.4\\out\\server\\src\\server.js:2389:42)\n    at Jh (c:\\Users\\E495\\.vscode\\extensions\\uqbar.wollok-lsp-ide-0.5.4\\out\\server\\src\\server.js:2389:1092)\n    at v5n (c:\\Users\\E495\\.vscode\\extensions\\uqbar.wollok-lsp-ide-0.5.4\\out\\server\\src\\server.js:2389:818)\n    at c:\\Users\\E495\\.vscode\\extensions\\uqbar.wollok-lsp-ide-0.5.4\\out\\server\\src\\server.js:38:6131\n    at L2 (c:\\Users\\E495\\.vscode\\extensions\\uqbar.wollok-lsp-ide-0.5.4\\out\\server\\src\\server.js:2389:42)\n    at Jh (c:\\Users\\E495\\.vscode\\extensions\\uqbar.wollok-lsp-ide-0.5.4\\out\\server\\src\\server.js:2389:1092)\n    at L2 (c:\\Users\\E495\\.vscode\\extensions\\uqbar.wollok-lsp-ide-0.5.4\\out\\server\\src\\server.js:2389:544)\n    at Jh (c:\\Users\\E495\\.vscode\\extensions\\uqbar.wollok-lsp-ide-0.5.4\\out\\server\\src\\server.js:2389:1092)\n    at M5n (c:\\Users\\E495\\.vscode\\extensions\\uqbar.wollok-lsp-ide-0.5.4\\out\\server\\src\\server.js:2389:1248)","timestamp":"2026-05-05T17:40:18.731Z"}
{"level":"info","message":"⌛ Validating mensajeros.wlk","timeElapsed":189,"timestamp":"2026-05-05T17:40:19.212Z"}
{"level":"info","message":"⌛ Validating mensajeros.wlk","timeElapsed":105,"timestamp":"2026-05-05T17:40:19.349Z"}
{"level":"info","message":"⌛ Validating mensajeros.wlk","timeElapsed":111,"timestamp":"2026-05-05T17:40:39.883Z"}
{"level":"info","message":"⌛ Validating mensajeros.wlk","timeElapsed":117,"timestamp":"2026-05-05T17:40:40.084Z"}
{"level":"info","message":"⌛ Validating mensajeros.wlk","timeElapsed":101,"timestamp":"2026-05-05T17:40:40.270Z"}
{"level":"info","message":"⌛ Validating testMensajeros.wlk","timeElapsed":139,"timestamp":"2026-05-05T17:41:49.094Z"}
{"level":"info","message":"⌛ Validating testMensajeros.wlk","timeElapsed":111,"timestamp":"2026-05-05T17:41:49.423Z"}
{"level":"info","message":"⌛ Validating testMensajeros.wlk","timeElapsed":117,"timestamp":"2026-05-05T17:41:49.775Z"}
{"level":"info","message":"⌛ Validating testMensajeros.wlk","timeElapsed":102,"timestamp":"2026-05-05T17:41:49.981Z"}
{"level":"info","message":"⌛ Building environment","timeElapsed":146,"timestamp":"2026-05-05T17:41:50.848Z"}
{"level":"info","message":"⌛ Validating testMensajeros.wlk","timeElapsed":161,"timestamp":"2026-05-05T17:41:51.013Z"}
{"level":"info","message":"⌛ Validating testMensajeros.wlk","timeElapsed":109,"timestamp":"2026-05-05T17:41:51.939Z"}
{"level":"info","message":"⌛ Validating destinos.wlk","timeElapsed":138,"timestamp":"2026-05-05T17:42:21.241Z"}
{"level":"info","message":"⌛ Building environment","timeElapsed":113,"timestamp":"2026-05-05T17:42:21.463Z"}
{"level":"info","message":"⌛ Validating destinos.wlk","timeElapsed":148,"timestamp":"2026-05-05T17:42:21.618Z"}
{"level":"info","message":"⌛ Validating destinos.wlk","timeElapsed":112,"timestamp":"2026-05-05T17:42:25.115Z"}
{"level":"info","message":"⌛ Validating mensajeros.wlk","timeElapsed":110,"timestamp":"2026-05-05T17:42:33.312Z"}
{"level":"info","message":"⌛ Validating mensajeros.wlk","timeElapsed":106,"timestamp":"2026-05-05T17:42:33.551Z"}
{"level":"info","message":"⌛ Validating mensajeros.wlk","timeElapsed":105,"timestamp":"2026-05-05T17:42:34.478Z"}
{"level":"info","message":"⌛ Validating mensajeros.wlk","timeElapsed":101,"timestamp":"2026-05-05T17:42:34.677Z"}
{"level":"info","message":"⌛ Building environment","timeElapsed":103,"timestamp":"2026-05-05T17:42:34.807Z"}
{"level":"info","message":"⌛ Validating mensajeros.wlk","timeElapsed":112,"timestamp":"2026-05-05T17:42:34.965Z"}
{"level":"info","message":"⌛ Building environment","timeElapsed":110,"timestamp":"2026-05-05T17:42:35.076Z"}
{"level":"info","message":"⌛ Validating mensajeros.wlk","timeElapsed":107,"timestamp":"2026-05-05T17:42:35.191Z"}
{"level":"info","message":"⌛ Validating mensajeros.wlk","timeElapsed":116,"timestamp":"2026-05-05T17:42:35.417Z"}
{"level":"info","message":"⌛ Validating mensajeros.wlk","timeElapsed":101,"timestamp":"2026-05-05T17:42:35.623Z"}
{"level":"info","message":"⌛ Building environment","timeElapsed":103,"timestamp":"2026-05-05T17:42:36.734Z"}
{"level":"info","message":"⌛ Validating mensajeros.wlk","timeElapsed":106,"timestamp":"2026-05-05T17:42:36.891Z"}
{"level":"info","message":"⌛ Building environment","timeElapsed":116,"timestamp":"2026-05-05T17:42:37.104Z"}
{"level":"info","message":"⌛ Validating mensajeros.wlk","timeElapsed":109,"timestamp":"2026-05-05T17:42:37.308Z"}
{"level":"info","message":"⌛ Validating mensajeros.wlk","timeElapsed":109,"timestamp":"2026-05-05T17:42:37.420Z"}
{"level":"info","message":"⌛ Building environment","timeElapsed":140,"timestamp":"2026-05-05T17:42:37.560Z"}
{"level":"info","message":"⌛ Building environment","timeElapsed":107,"timestamp":"2026-05-05T17:42:37.668Z"}
{"level":"info","message":"⌛ Validating mensajeros.wlk","timeElapsed":103,"timestamp":"2026-05-05T17:42:37.773Z"}
{"level":"info","message":"⌛ Building environment","timeElapsed":104,"timestamp":"2026-05-05T17:42:44.218Z"}
{"level":"info","message":"⌛ Validating mensajeros.wlk","timeElapsed":102,"timestamp":"2026-05-05T17:42:44.321Z"}
{"level":"info","message":"⌛ Building environment","timeElapsed":110,"timestamp":"2026-05-05T17:42:44.488Z"}
{"level":"info","message":"⌛ Validating mensajeros.wlk","timeElapsed":111,"timestamp":"2026-05-05T17:42:44.648Z"}
{"level":"info","message":"⌛ Building environment","timeElapsed":113,"timestamp":"2026-05-05T17:42:44.762Z"}
{"level":"info","message":"⌛ Validating mensajeros.wlk","timeElapsed":103,"timestamp":"2026-05-05T17:42:45.215Z"}
{"level":"info","message":"⌛ Building environment","timeElapsed":119,"timestamp":"2026-05-05T17:42:45.335Z"}
{"level":"info","message":"⌛ Validating mensajeros.wlk","timeElapsed":124,"timestamp":"2026-05-05T17:42:45.768Z"}
{"level":"info","message":"⌛ Validating mensajeros.wlk","timeElapsed":133,"timestamp":"2026-05-05T17:42:46.034Z"}
{"level":"info","message":"⌛ Validating mensajeros.wlk","timeElapsed":130,"timestamp":"2026-05-05T17:42:46.451Z"}
{"level":"info","message":"⌛ Validating mensajeros.wlk","timeElapsed":120,"timestamp":"2026-05-05T17:42:46.705Z"}
{"level":"info","message":"⌛ Building environment","timeElapsed":123,"timestamp":"2026-05-05T17:42:47.826Z"}
{"level":"info","message":"⌛ Validating mensajeros.wlk","timeElapsed":108,"timestamp":"2026-05-05T17:42:47.983Z"}
{"level":"info","message":"⌛ Validating mensajeros.wlk","timeElapsed":105,"timestamp":"2026-05-05T17:42:53.142Z"}
{"level":"info","message":"⌛ Building environment","timeElapsed":110,"timestamp":"2026-05-05T17:42:53.481Z"}
{"level":"info","message":"⌛ Validating mensajeros.wlk","timeElapsed":101,"timestamp":"2026-05-05T17:42:54.245Z"}
{"level":"info","message":"⌛ Validating mensajeros.wlk","timeElapsed":108,"timestamp":"2026-05-05T17:42:54.634Z"}
{"level":"info","message":"⌛ Validating mensajeros.wlk","timeElapsed":108,"timestamp":"2026-05-05T17:42:54.951Z"}
{"level":"info","message":"⌛ Validating mensajeros.wlk","timeElapsed":104,"timestamp":"2026-05-05T17:42:55.125Z"}
{"level":"info","message":"⌛ Building environment","timeElapsed":104,"timestamp":"2026-05-05T17:42:55.230Z"}
{"level":"info","message":"⌛ Validating mensajeros.wlk","timeElapsed":113,"timestamp":"2026-05-05T17:42:55.356Z"}
{"level":"error","message":"✘ Completions for node Parameter ([28:35, 28:36] - mensajeros.wlk) failed: Error: [Parameter]{1bb10a} at mensajeros.wlk:28 exhausted all cases without a match [Parameter]{1bb10a} at mensajeros.wlk:28 exhausted all cases without a match","stack":"Error: [Parameter]{1bb10a} at mensajeros.wlk:28 exhausted all cases without a match\n    at c:\\Users\\E495\\.vscode\\extensions\\uqbar.wollok-lsp-ide-0.5.4\\out\\server\\src\\server.js:38:6142\n    at L2 (c:\\Users\\E495\\.vscode\\extensions\\uqbar.wollok-lsp-ide-0.5.4\\out\\server\\src\\server.js:2389:42)\n    at c:\\Users\\E495\\.vscode\\extensions\\uqbar.wollok-lsp-ide-0.5.4\\out\\server\\src\\server.js:2389:2988\n    at c:\\Users\\E495\\.vscode\\extensions\\uqbar.wollok-lsp-ide-0.5.4\\out\\server\\src\\server.js:2398:8440\n    at c:\\Users\\E495\\.vscode\\extensions\\uqbar.wollok-lsp-ide-0.5.4\\out\\server\\src\\server.js:37:74872\n    at Ke (c:\\Users\\E495\\.vscode\\extensions\\uqbar.wollok-lsp-ide-0.5.4\\out\\server\\src\\server.js:7:8527)\n    at Lt (c:\\Users\\E495\\.vscode\\extensions\\uqbar.wollok-lsp-ide-0.5.4\\out\\server\\src\\server.js:7:6189)\n    at ct (c:\\Users\\E495\\.vscode\\extensions\\uqbar.wollok-lsp-ide-0.5.4\\out\\server\\src\\server.js:7:6378)\n    at Immediate._onImmediate (c:\\Users\\E495\\.vscode\\extensions\\uqbar.wollok-lsp-ide-0.5.4\\out\\server\\src\\server.js:7:6142)\n    at process.processImmediate (node:internal/timers:484:21)","timestamp":"2026-05-05T17:42:56.423Z"}
{"level":"info","message":"⌛ Validating mensajeros.wlk","timeElapsed":192,"timestamp":"2026-05-05T17:42:56.618Z"}
{"level":"error","message":"✘ Completions for node Parameter ([28:35, 28:38] - mensajeros.wlk) failed: Error: [Parameter]{1ebd9a} at mensajeros.wlk:28 exhausted all cases without a match [Parameter]{1ebd9a} at mensajeros.wlk:28 exhausted all cases without a match","stack":"Error: [Parameter]{1ebd9a} at mensajeros.wlk:28 exhausted all cases without a match\n    at c:\\Users\\E495\\.vscode\\extensions\\uqbar.wollok-lsp-ide-0.5.4\\out\\server\\src\\server.js:38:6142\n    at L2 (c:\\Users\\E495\\.vscode\\extensions\\uqbar.wollok-lsp-ide-0.5.4\\out\\server\\src\\server.js:2389:42)\n    at c:\\Users\\E495\\.vscode\\extensions\\uqbar.wollok-lsp-ide-0.5.4\\out\\server\\src\\server.js:2389:2988\n    at c:\\Users\\E495\\.vscode\\extensions\\uqbar.wollok-lsp-ide-0.5.4\\out\\server\\src\\server.js:2398:8440\n    at c:\\Users\\E495\\.vscode\\extensions\\uqbar.wollok-lsp-ide-0.5.4\\out\\server\\src\\server.js:37:74872\n    at Ke (c:\\Users\\E495\\.vscode\\extensions\\uqbar.wollok-lsp-ide-0.5.4\\out\\server\\src\\server.js:7:8527)\n    at Lt (c:\\Users\\E495\\.vscode\\extensions\\uqbar.wollok-lsp-ide-0.5.4\\out\\server\\src\\server.js:7:6189)\n    at ct (c:\\Users\\E495\\.vscode\\extensions\\uqbar.wollok-lsp-ide-0.5.4\\out\\server\\src\\server.js:7:6378)\n    at Immediate._onImmediate (c:\\Users\\E495\\.vscode\\extensions\\uqbar.wollok-lsp-ide-0.5.4\\out\\server\\src\\server.js:7:6142)\n    at process.processImmediate (node:internal/timers:484:21)","timestamp":"2026-05-05T17:42:56.896Z"}
{"level":"info","message":"⌛ Validating mensajeros.wlk","timeElapsed":133,"timestamp":"2026-05-05T17:42:57.035Z"}
{"level":"info","message":"⌛ Validating mensajeros.wlk","timeElapsed":112,"timestamp":"2026-05-05T17:42:57.148Z"}
{"level":"info","message":"⌛ Building environment","timeElapsed":102,"timestamp":"2026-05-05T17:42:57.255Z"}
{"level":"error","message":"✘ Completions for node Parameter ([28:35, 28:39] - mensajeros.wlk) failed: Error: [Parameter]{f0c55b} at mensajeros.wlk:28 exhausted all cases without a match [Parameter]{f0c55b} at mensajeros.wlk:28 exhausted all cases without a match","stack":"Error: [Parameter]{f0c55b} at mensajeros.wlk:28 exhausted all cases without a match\n    at c:\\Users\\E495\\.vscode\\extensions\\uqbar.wollok-lsp-ide-0.5.4\\out\\server\\src\\server.js:38:6142\n    at L2 (c:\\Users\\E495\\.vscode\\extensions\\uqbar.wollok-lsp-ide-0.5.4\\out\\server\\src\\server.js:2389:42)\n    at c:\\Users\\E495\\.vscode\\extensions\\uqbar.wollok-lsp-ide-0.5.4\\out\\server\\src\\server.js:2389:2988\n    at c:\\Users\\E495\\.vscode\\extensions\\uqbar.wollok-lsp-ide-0.5.4\\out\\server\\src\\server.js:2398:8440\n    at c:\\Users\\E495\\.vscode\\extensions\\uqbar.wollok-lsp-ide-0.5.4\\out\\server\\src\\server.js:37:74872\n    at Ke (c:\\Users\\E495\\.vscode\\extensions\\uqbar.wollok-lsp-ide-0.5.4\\out\\server\\src\\server.js:7:8527)\n    at Lt (c:\\Users\\E495\\.vscode\\extensions\\uqbar.wollok-lsp-ide-0.5.4\\out\\server\\src\\server.js:7:6189)\n    at ct (c:\\Users\\E495\\.vscode\\extensions\\uqbar.wollok-lsp-ide-0.5.4\\out\\server\\src\\server.js:7:6378)\n    at Immediate._onImmediate (c:\\Users\\E495\\.vscode\\extensions\\uqbar.wollok-lsp-ide-0.5.4\\out\\server\\src\\server.js:7:6142)\n    at process.processImmediate (node:internal/timers:484:21)","timestamp":"2026-05-05T17:42:57.300Z"}
{"level":"info","message":"⌛ Validating mensajeros.wlk","timeElapsed":106,"timestamp":"2026-05-05T17:42:57.499Z"}
{"level":"info","message":"⌛ Validating mensajeros.wlk","timeElapsed":102,"timestamp":"2026-05-05T17:42:57.711Z"}
{"level":"info","message":"⌛ Building environment","timeElapsed":106,"timestamp":"2026-05-05T17:42:57.864Z"}
{"level":"info","message":"⌛ Validating mensajeros.wlk","timeElapsed":121,"timestamp":"2026-05-05T17:42:57.992Z"}
{"level":"error","message":"✘ Completions for node Parameter ([28:35, 28:42] - mensajeros.wlk) failed: Error: [Parameter]{77f420} at mensajeros.wlk:28 exhausted all cases without a match [Parameter]{77f420} at mensajeros.wlk:28 exhausted all cases without a match","stack":"Error: [Parameter]{77f420} at mensajeros.wlk:28 exhausted all cases without a match\n    at c:\\Users\\E495\\.vscode\\extensions\\uqbar.wollok-lsp-ide-0.5.4\\out\\server\\src\\server.js:38:6142\n    at L2 (c:\\Users\\E495\\.vscode\\extensions\\uqbar.wollok-lsp-ide-0.5.4\\out\\server\\src\\server.js:2389:42)\n    at c:\\Users\\E495\\.vscode\\extensions\\uqbar.wollok-lsp-ide-0.5.4\\out\\server\\src\\server.js:2389:2988\n    at c:\\Users\\E495\\.vscode\\extensions\\uqbar.wollok-lsp-ide-0.5.4\\out\\server\\src\\server.js:2398:8440\n    at c:\\Users\\E495\\.vscode\\extensions\\uqbar.wollok-lsp-ide-0.5.4\\out\\server\\src\\server.js:37:74872\n    at Ke (c:\\Users\\E495\\.vscode\\extensions\\uqbar.wollok-lsp-ide-0.5.4\\out\\server\\src\\server.js:7:8527)\n    at Lt (c:\\Users\\E495\\.vscode\\extensions\\uqbar.wollok-lsp-ide-0.5.4\\out\\server\\src\\server.js:7:6189)\n    at ct (c:\\Users\\E495\\.vscode\\extensions\\uqbar.wollok-lsp-ide-0.5.4\\out\\server\\src\\server.js:7:6378)\n    at Immediate._onImmediate (c:\\Users\\E495\\.vscode\\extensions\\uqbar.wollok-lsp-ide-0.5.4\\out\\server\\src\\server.js:7:6142)\n    at process.processImmediate (node:internal/timers:484:21)","timestamp":"2026-05-05T17:42:58.021Z"}
{"level":"info","message":"⌛ Validating mensajeros.wlk","timeElapsed":101,"timestamp":"2026-05-05T17:42:58.130Z"}
{"level":"info","message":"⌛ Building environment","timeElapsed":105,"timestamp":"2026-05-05T17:43:04.157Z"}
{"level":"info","message":"⌛ Validating mensajeros.wlk","timeElapsed":105,"timestamp":"2026-05-05T17:43:04.269Z"}
{"level":"info","message":"⌛ Validating mensajeros.wlk","timeElapsed":138,"timestamp":"2026-05-05T17:45:41.626Z"}
{"level":"info","message":"⌛ Building environment","timeElapsed":105,"timestamp":"2026-05-05T17:45:41.732Z"}
{"level":"info","message":"⌛ Validating mensajeros.wlk","timeElapsed":134,"timestamp":"2026-05-05T17:45:42.217Z"}
{"level":"info","message":"⌛ Building environment","timeElapsed":154,"timestamp":"2026-05-05T17:45:42.372Z"}
{"level":"info","message":"⌛ Validating mensajeros.wlk","timeElapsed":106,"timestamp":"2026-05-05T17:45:42.616Z"}
{"level":"error","message":"✘ Completions for node Return ([29:9, 29:15] - mensajeros.wlk) failed: Error: [Return]{2fcc44} at mensajeros.wlk:29 exhausted all cases without a match [Return]{2fcc44} at mensajeros.wlk:29 exhausted all cases without a match","stack":"Error: [Return]{2fcc44} at mensajeros.wlk:29 exhausted all cases without a match\n    at c:\\Users\\E495\\.vscode\\extensions\\uqbar.wollok-lsp-ide-0.5.4\\out\\server\\src\\server.js:38:6142\n    at L2 (c:\\Users\\E495\\.vscode\\extensions\\uqbar.wollok-lsp-ide-0.5.4\\out\\server\\src\\server.js:2389:42)\n    at c:\\Users\\E495\\.vscode\\extensions\\uqbar.wollok-lsp-ide-0.5.4\\out\\server\\src\\server.js:2389:2988\n    at c:\\Users\\E495\\.vscode\\extensions\\uqbar.wollok-lsp-ide-0.5.4\\out\\server\\src\\server.js:2398:8440\n    at c:\\Users\\E495\\.vscode\\extensions\\uqbar.wollok-lsp-ide-0.5.4\\out\\server\\src\\server.js:37:74872\n    at Ke (c:\\Users\\E495\\.vscode\\extensions\\uqbar.wollok-lsp-ide-0.5.4\\out\\server\\src\\server.js:7:8527)\n    at Lt (c:\\Users\\E495\\.vscode\\extensions\\uqbar.wollok-lsp-ide-0.5.4\\out\\server\\src\\server.js:7:6189)\n    at ct (c:\\Users\\E495\\.vscode\\extensions\\uqbar.wollok-lsp-ide-0.5.4\\out\\server\\src\\server.js:7:6378)\n    at Immediate._onImmediate (c:\\Users\\E495\\.vscode\\extensions\\uqbar.wollok-lsp-ide-0.5.4\\out\\server\\src\\server.js:7:6142)\n    at process.processImmediate (node:internal/timers:484:21)","timestamp":"2026-05-05T17:45:42.835Z"}
{"level":"info","message":"⌛ Building environment","timeElapsed":104,"timestamp":"2026-05-05T17:45:43.068Z"}
{"level":"info","message":"⌛ Validating mensajeros.wlk","timeElapsed":108,"timestamp":"2026-05-05T17:45:43.183Z"}
{"level":"info","message":"⌛ Building environment","timeElapsed":180,"timestamp":"2026-05-05T17:45:45.328Z"}
{"level":"error","message":"✘ Completions for node Return ([29:9, 29:17] - mensajeros.wlk) failed: Error: [Return]{73ffd4} at mensajeros.wlk:29 exhausted all cases without a match [Return]{73ffd4} at mensajeros.wlk:29 exhausted all cases without a match","stack":"Error: [Return]{73ffd4} at mensajeros.wlk:29 exhausted all cases without a match\n    at c:\\Users\\E495\\.vscode\\extensions\\uqbar.wollok-lsp-ide-0.5.4\\out\\server\\src\\server.js:38:6142\n    at L2 (c:\\Users\\E495\\.vscode\\extensions\\uqbar.wollok-lsp-ide-0.5.4\\out\\server\\src\\server.js:2389:42)\n    at Jh (c:\\Users\\E495\\.vscode\\extensions\\uqbar.wollok-lsp-ide-0.5.4\\out\\server\\src\\server.js:2389:1092)\n    at M5n (c:\\Users\\E495\\.vscode\\extensions\\uqbar.wollok-lsp-ide-0.5.4\\out\\server\\src\\server.js:2389:1248)\n    at c:\\Users\\E495\\.vscode\\extensions\\uqbar.wollok-lsp-ide-0.5.4\\out\\server\\src\\server.js:38:6131\n    at L2 (c:\\Users\\E495\\.vscode\\extensions\\uqbar.wollok-lsp-ide-0.5.4\\out\\server\\src\\server.js:2389:42)\n    at c:\\Users\\E495\\.vscode\\extensions\\uqbar.wollok-lsp-ide-0.5.4\\out\\server\\src\\server.js:2389:2988\n    at c:\\Users\\E495\\.vscode\\extensions\\uqbar.wollok-lsp-ide-0.5.4\\out\\server\\src\\server.js:2398:8440\n    at c:\\Users\\E495\\.vscode\\extensions\\uqbar.wollok-lsp-ide-0.5.4\\out\\server\\src\\server.js:37:74872\n    at Ke (c:\\Users\\E495\\.vscode\\extensions\\uqbar.wollok-lsp-ide-0.5.4\\out\\server\\src\\server.js:7:8527)","timestamp":"2026-05-05T17:45:45.386Z"}
{"level":"info","message":"⌛ Building environment","timeElapsed":117,"timestamp":"2026-05-05T17:45:45.506Z"}
{"level":"info","message":"⌛ Validating mensajeros.wlk","timeElapsed":116,"timestamp":"2026-05-05T17:45:45.623Z"}
{"level":"info","message":"⌛ Validating mensajeros.wlk","timeElapsed":112,"timestamp":"2026-05-05T17:45:45.736Z"}
{"level":"info","message":"⌛ Building environment","timeElapsed":167,"timestamp":"2026-05-05T17:45:45.904Z"}
{"level":"info","message":"⌛ Validating mensajeros.wlk","timeElapsed":194,"timestamp":"2026-05-05T17:45:46.104Z"}
{"level":"info","message":"⌛ Building environment","timeElapsed":112,"timestamp":"2026-05-05T17:45:46.216Z"}
{"level":"info","message":"⌛ Validating mensajeros.wlk","timeElapsed":127,"timestamp":"2026-05-05T17:45:46.344Z"}
{"level":"info","message":"⌛ Building environment","timeElapsed":179,"timestamp":"2026-05-05T17:45:46.777Z"}
{"level":"info","message":"⌛ Validating mensajeros.wlk","timeElapsed":198,"timestamp":"2026-05-05T17:45:46.977Z"}
{"level":"info","message":"⌛ Building environment","timeElapsed":115,"timestamp":"2026-05-05T17:45:47.099Z"}
{"level":"info","message":"⌛ Validating mensajeros.wlk","timeElapsed":123,"timestamp":"2026-05-05T17:45:47.264Z"}
{"level":"info","message":"⌛ Building environment","timeElapsed":177,"timestamp":"2026-05-05T17:45:47.700Z"}
{"level":"info","message":"⌛ Validating mensajeros.wlk","timeElapsed":125,"timestamp":"2026-05-05T17:45:47.836Z"}
{"level":"info","message":"⌛ Validating mensajeros.wlk","timeElapsed":120,"timestamp":"2026-05-05T17:45:49.344Z"}
{"level":"info","message":"⌛ Building environment","timeElapsed":115,"timestamp":"2026-05-05T17:45:51.894Z"}
{"level":"info","message":"⌛ Validating mensajeros.wlk","timeElapsed":149,"timestamp":"2026-05-05T17:45:52.051Z"}
{"level":"error","message":"✘ Completions for node Send ([29:16, 29:45] - mensajeros.wlk) failed: Error: [Send]{e61c07} at mensajeros.wlk:29 exhausted all cases without a match [Send]{e61c07} at mensajeros.wlk:29 exhausted all cases without a match","stack":"Error: [Send]{e61c07} at mensajeros.wlk:29 exhausted all cases without a match\n    at c:\\Users\\E495\\.vscode\\extensions\\uqbar.wollok-lsp-ide-0.5.4\\out\\server\\src\\server.js:38:6142\n    at L2 (c:\\Users\\E495\\.vscode\\extensions\\uqbar.wollok-lsp-ide-0.5.4\\out\\server\\src\\server.js:2389:42)\n    at Jh (c:\\Users\\E495\\.vscode\\extensions\\uqbar.wollok-lsp-ide-0.5.4\\out\\server\\src\\server.js:2389:1092)\n    at M5n (c:\\Users\\E495\\.vscode\\extensions\\uqbar.wollok-lsp-ide-0.5.4\\out\\server\\src\\server.js:2389:1248)\n    at c:\\Users\\E495\\.vscode\\extensions\\uqbar.wollok-lsp-ide-0.5.4\\out\\server\\src\\server.js:38:6131\n    at L2 (c:\\Users\\E495\\.vscode\\extensions\\uqbar.wollok-lsp-ide-0.5.4\\out\\server\\src\\server.js:2389:42)\n    at c:\\Users\\E495\\.vscode\\extensions\\uqbar.wollok-lsp-ide-0.5.4\\out\\server\\src\\server.js:2389:2988\n    at c:\\Users\\E495\\.vscode\\extensions\\uqbar.wollok-lsp-ide-0.5.4\\out\\server\\src\\server.js:2398:8440\n    at c:\\Users\\E495\\.vscode\\extensions\\uqbar.wollok-lsp-ide-0.5.4\\out\\server\\src\\server.js:37:74872\n    at Ke (c:\\Users\\E495\\.vscode\\extensions\\uqbar.wollok-lsp-ide-0.5.4\\out\\server\\src\\server.js:7:8527)","timestamp":"2026-05-05T17:45:52.452Z"}
{"level":"error","message":"✘ Completions for node Return ([29:9, 29:45] - mensajeros.wlk) failed: Error: [Return]{a2200f} at mensajeros.wlk:29 exhausted all cases without a match [Return]{a2200f} at mensajeros.wlk:29 exhausted all cases without a match","stack":"Error: [Return]{a2200f} at mensajeros.wlk:29 exhausted all cases without a match\n    at c:\\Users\\E495\\.vscode\\extensions\\uqbar.wollok-lsp-ide-0.5.4\\out\\server\\src\\server.js:38:6142\n    at L2 (c:\\Users\\E495\\.vscode\\extensions\\uqbar.wollok-lsp-ide-0.5.4\\out\\server\\src\\server.js:2389:42)\n    at Jh (c:\\Users\\E495\\.vscode\\extensions\\uqbar.wollok-lsp-ide-0.5.4\\out\\server\\src\\server.js:2389:1092)\n    at L2 (c:\\Users\\E495\\.vscode\\extensions\\uqbar.wollok-lsp-ide-0.5.4\\out\\server\\src\\server.js:2389:544)\n    at Jh (c:\\Users\\E495\\.vscode\\extensions\\uqbar.wollok-lsp-ide-0.5.4\\out\\server\\src\\server.js:2389:1092)\n    at M5n (c:\\Users\\E495\\.vscode\\extensions\\uqbar.wollok-lsp-ide-0.5.4\\out\\server\\src\\server.js:2389:1248)\n    at c:\\Users\\E495\\.vscode\\extensions\\uqbar.wollok-lsp-ide-0.5.4\\out\\server\\src\\server.js:38:6131\n    at L2 (c:\\Users\\E495\\.vscode\\extensions\\uqbar.wollok-lsp-ide-0.5.4\\out\\server\\src\\server.js:2389:42)\n    at c:\\Users\\E495\\.vscode\\extensions\\uqbar.wollok-lsp-ide-0.5.4\\out\\server\\src\\server.js:2389:2988\n    at c:\\Users\\E495\\.vscode\\extensions\\uqbar.wollok-lsp-ide-0.5.4\\out\\server\\src\\server.js:2398:8440","timestamp":"2026-05-05T17:45:52.453Z"}
{"level":"info","message":"⌛ Validating mensajeros.wlk","timeElapsed":238,"timestamp":"2026-05-05T17:45:52.694Z"}
{"level":"info","message":"⌛ Building environment","timeElapsed":103,"timestamp":"2026-05-05T17:45:52.797Z"}
{"level":"info","message":"⌛ Building environment","timeElapsed":134,"timestamp":"2026-05-05T17:45:52.932Z"}
{"level":"info","message":"⌛ Validating mensajeros.wlk","timeElapsed":117,"timestamp":"2026-05-05T17:45:53.049Z"}
{"level":"info","message":"⌛ Building environment","timeElapsed":129,"timestamp":"2026-05-05T17:45:53.180Z"}
{"level":"info","message":"⌛ Validating mensajeros.wlk","timeElapsed":114,"timestamp":"2026-05-05T17:45:53.295Z"}
{"level":"info","message":"⌛ Validating mensajeros.wlk","timeElapsed":111,"timestamp":"2026-05-05T17:45:53.411Z"}
{"level":"info","message":"⌛ Building environment","timeElapsed":105,"timestamp":"2026-05-05T17:45:53.914Z"}
{"level":"info","message":"⌛ Validating mensajeros.wlk","timeElapsed":112,"timestamp":"2026-05-05T17:45:54.028Z"}
{"level":"info","message":"⌛ Building environment","timeElapsed":108,"timestamp":"2026-05-05T17:45:55.107Z"}
{"level":"info","message":"⌛ Validating mensajeros.wlk","timeElapsed":108,"timestamp":"2026-05-05T17:45:55.261Z"}
{"level":"info","message":"⌛ Validating mensajeros.wlk","timeElapsed":104,"timestamp":"2026-05-05T17:45:55.891Z"}
{"level":"info","message":"⌛ Building environment","timeElapsed":137,"timestamp":"2026-05-05T17:45:56.036Z"}
{"level":"info","message":"⌛ Validating mensajeros.wlk","timeElapsed":123,"timestamp":"2026-05-05T17:45:56.160Z"}
{"level":"info","message":"⌛ Validating mensajeros.wlk","timeElapsed":117,"timestamp":"2026-05-05T17:45:56.399Z"}
{"level":"info","message":"⌛ Validating mensajeros.wlk","timeElapsed":105,"timestamp":"2026-05-05T17:45:56.587Z"}
{"level":"info","message":"⌛ Building environment","timeElapsed":103,"timestamp":"2026-05-05T17:45:57.001Z"}
{"level":"error","message":"✘ Completions for node Send ([29:16, 29:54] - mensajeros.wlk) failed: Error: [Send]{0b55af} at mensajeros.wlk:29 exhausted all cases without a match [Send]{0b55af} at mensajeros.wlk:29 exhausted all cases without a match","stack":"Error: [Send]{0b55af} at mensajeros.wlk:29 exhausted all cases without a match\n    at c:\\Users\\E495\\.vscode\\extensions\\uqbar.wollok-lsp-ide-0.5.4\\out\\server\\src\\server.js:38:6142\n    at L2 (c:\\Users\\E495\\.vscode\\extensions\\uqbar.wollok-lsp-ide-0.5.4\\out\\server\\src\\server.js:2389:42)\n    at Jh (c:\\Users\\E495\\.vscode\\extensions\\uqbar.wollok-lsp-ide-0.5.4\\out\\server\\src\\server.js:2389:1092)\n    at M5n (c:\\Users\\E495\\.vscode\\extensions\\uqbar.wollok-lsp-ide-0.5.4\\out\\server\\src\\server.js:2389:1248)\n    at c:\\Users\\E495\\.vscode\\extensions\\uqbar.wollok-lsp-ide-0.5.4\\out\\server\\src\\server.js:38:6131\n    at L2 (c:\\Users\\E495\\.vscode\\extensions\\uqbar.wollok-lsp-ide-0.5.4\\out\\server\\src\\server.js:2389:42)\n    at c:\\Users\\E495\\.vscode\\extensions\\uqbar.wollok-lsp-ide-0.5.4\\out\\server\\src\\server.js:2389:2988\n    at c:\\Users\\E495\\.vscode\\extensions\\uqbar.wollok-lsp-ide-0.5.4\\out\\server\\src\\server.js:2398:8440\n    at c:\\Users\\E495\\.vscode\\extensions\\uqbar.wollok-lsp-ide-0.5.4\\out\\server\\src\\server.js:37:74872\n    at Ke (c:\\Users\\E495\\.vscode\\extensions\\uqbar.wollok-lsp-ide-0.5.4\\out\\server\\src\\server.js:7:8527)","timestamp":"2026-05-05T17:45:57.045Z"}
{"level":"error","message":"✘ Completions for node Return ([29:9, 29:54] - mensajeros.wlk) failed: Error: [Return]{9ea0c9} at mensajeros.wlk:29 exhausted all cases without a match [Return]{9ea0c9} at mensajeros.wlk:29 exhausted all cases without a match","stack":"Error: [Return]{9ea0c9} at mensajeros.wlk:29 exhausted all cases without a match\n    at c:\\Users\\E495\\.vscode\\extensions\\uqbar.wollok-lsp-ide-0.5.4\\out\\server\\src\\server.js:38:6142\n    at L2 (c:\\Users\\E495\\.vscode\\extensions\\uqbar.wollok-lsp-ide-0.5.4\\out\\server\\src\\server.js:2389:42)\n    at Jh (c:\\Users\\E495\\.vscode\\extensions\\uqbar.wollok-lsp-ide-0.5.4\\out\\server\\src\\server.js:2389:1092)\n    at L2 (c:\\Users\\E495\\.vscode\\extensions\\uqbar.wollok-lsp-ide-0.5.4\\out\\server\\src\\server.js:2389:544)\n    at Jh (c:\\Users\\E495\\.vscode\\extensions\\uqbar.wollok-lsp-ide-0.5.4\\out\\server\\src\\server.js:2389:1092)\n    at M5n (c:\\Users\\E495\\.vscode\\extensions\\uqbar.wollok-lsp-ide-0.5.4\\out\\server\\src\\server.js:2389:1248)\n    at c:\\Users\\E495\\.vscode\\extensions\\uqbar.wollok-lsp-ide-0.5.4\\out\\server\\src\\server.js:38:6131\n    at L2 (c:\\Users\\E495\\.vscode\\extensions\\uqbar.wollok-lsp-ide-0.5.4\\out\\server\\src\\server.js:2389:42)\n    at c:\\Users\\E495\\.vscode\\extensions\\uqbar.wollok-lsp-ide-0.5.4\\out\\server\\src\\server.js:2389:2988\n    at c:\\Users\\E495\\.vscode\\extensions\\uqbar.wollok-lsp-ide-0.5.4\\out\\server\\src\\server.js:2398:8440","timestamp":"2026-05-05T17:45:57.045Z"}
{"level":"info","message":"⌛ Building environment","timeElapsed":113,"timestamp":"2026-05-05T17:45:57.160Z"}
{"level":"info","message":"⌛ Validating mensajeros.wlk","timeElapsed":133,"timestamp":"2026-05-05T17:45:57.294Z"}
{"level":"info","message":"⌛ Validating mensajeros.wlk","timeElapsed":110,"timestamp":"2026-05-05T17:45:57.404Z"}
{"level":"error","message":"✘ Completions for node Send ([29:16, 29:56] - mensajeros.wlk) failed: Error: [Send]{3136df} at mensajeros.wlk:29 exhausted all cases without a match [Send]{3136df} at mensajeros.wlk:29 exhausted all cases without a match","stack":"Error: [Send]{3136df} at mensajeros.wlk:29 exhausted all cases without a match\n    at c:\\Users\\E495\\.vscode\\extensions\\uqbar.wollok-lsp-ide-0.5.4\\out\\server\\src\\server.js:38:6142\n    at L2 (c:\\Users\\E495\\.vscode\\extensions\\uqbar.wollok-lsp-ide-0.5.4\\out\\server\\src\\server.js:2389:42)\n    at Jh (c:\\Users\\E495\\.vscode\\extensions\\uqbar.wollok-lsp-ide-0.5.4\\out\\server\\src\\server.js:2389:1092)\n    at M5n (c:\\Users\\E495\\.vscode\\extensions\\uqbar.wollok-lsp-ide-0.5.4\\out\\server\\src\\server.js:2389:1248)\n    at c:\\Users\\E495\\.vscode\\extensions\\uqbar.wollok-lsp-ide-0.5.4\\out\\server\\src\\server.js:38:6131\n    at L2 (c:\\Users\\E495\\.vscode\\extensions\\uqbar.wollok-lsp-ide-0.5.4\\out\\server\\src\\server.js:2389:42)\n    at c:\\Users\\E495\\.vscode\\extensions\\uqbar.wollok-lsp-ide-0.5.4\\out\\server\\src\\server.js:2389:2988\n    at c:\\Users\\E495\\.vscode\\extensions\\uqbar.wollok-lsp-ide-0.5.4\\out\\server\\src\\server.js:2398:8440\n    at c:\\Users\\E495\\.vscode\\extensions\\uqbar.wollok-lsp-ide-0.5.4\\out\\server\\src\\server.js:37:74872\n    at Ke (c:\\Users\\E495\\.vscode\\extensions\\uqbar.wollok-lsp-ide-0.5.4\\out\\server\\src\\server.js:7:8527)","timestamp":"2026-05-05T17:45:57.529Z"}
{"level":"error","message":"✘ Completions for node Return ([29:9, 29:56] - mensajeros.wlk) failed: Error: [Return]{76cebd} at mensajeros.wlk:29 exhausted all cases without a match [Return]{76cebd} at mensajeros.wlk:29 exhausted all cases without a match","stack":"Error: [Return]{76cebd} at mensajeros.wlk:29 exhausted all cases without a match\n    at c:\\Users\\E495\\.vscode\\extensions\\uqbar.wollok-lsp-ide-0.5.4\\out\\server\\src\\server.js:38:6142\n    at L2 (c:\\Users\\E495\\.vscode\\extensions\\uqbar.wollok-lsp-ide-0.5.4\\out\\server\\src\\server.js:2389:42)\n    at Jh (c:\\Users\\E495\\.vscode\\extensions\\uqbar.wollok-lsp-ide-0.5.4\\out\\server\\src\\server.js:2389:1092)\n    at L2 (c:\\Users\\E495\\.vscode\\extensions\\uqbar.wollok-lsp-ide-0.5.4\\out\\server\\src\\server.js:2389:544)\n    at Jh (c:\\Users\\E495\\.vscode\\extensions\\uqbar.wollok-lsp-ide-0.5.4\\out\\server\\src\\server.js:2389:1092)\n    at M5n (c:\\Users\\E495\\.vscode\\extensions\\uqbar.wollok-lsp-ide-0.5.4\\out\\server\\src\\server.js:2389:1248)\n    at c:\\Users\\E495\\.vscode\\extensions\\uqbar.wollok-lsp-ide-0.5.4\\out\\server\\src\\server.js:38:6131\n    at L2 (c:\\Users\\E495\\.vscode\\extensions\\uqbar.wollok-lsp-ide-0.5.4\\out\\server\\src\\server.js:2389:42)\n    at c:\\Users\\E495\\.vscode\\extensions\\uqbar.wollok-lsp-ide-0.5.4\\out\\server\\src\\server.js:2389:2988\n    at c:\\Users\\E495\\.vscode\\extensions\\uqbar.wollok-lsp-ide-0.5.4\\out\\server\\src\\server.js:2398:8440","timestamp":"2026-05-05T17:45:57.529Z"}
{"level":"info","message":"⌛ Building environment","timeElapsed":127,"timestamp":"2026-05-05T17:45:57.852Z"}
{"level":"error","message":"✘ Completions for node Send ([29:16, 29:59] - mensajeros.wlk) failed: Error: [Send]{fc75eb} at mensajeros.wlk:29 exhausted all cases without a match [Send]{fc75eb} at mensajeros.wlk:29 exhausted all cases without a match","stack":"Error: [Send]{fc75eb} at mensajeros.wlk:29 exhausted all cases without a match\n    at c:\\Users\\E495\\.vscode\\extensions\\uqbar.wollok-lsp-ide-0.5.4\\out\\server\\src\\server.js:38:6142\n    at L2 (c:\\Users\\E495\\.vscode\\extensions\\uqbar.wollok-lsp-ide-0.5.4\\out\\server\\src\\server.js:2389:42)\n    at Jh (c:\\Users\\E495\\.vscode\\extensions\\uqbar.wollok-lsp-ide-0.5.4\\out\\server\\src\\server.js:2389:1092)\n    at M5n (c:\\Users\\E495\\.vscode\\extensions\\uqbar.wollok-lsp-ide-0.5.4\\out\\server\\src\\server.js:2389:1248)\n    at c:\\Users\\E495\\.vscode\\extensions\\uqbar.wollok-lsp-ide-0.5.4\\out\\server\\src\\server.js:38:6131\n    at L2 (c:\\Users\\E495\\.vscode\\extensions\\uqbar.wollok-lsp-ide-0.5.4\\out\\server\\src\\server.js:2389:42)\n    at c:\\Users\\E495\\.vscode\\extensions\\uqbar.wollok-lsp-ide-0.5.4\\out\\server\\src\\server.js:2389:2988\n    at c:\\Users\\E495\\.vscode\\extensions\\uqbar.wollok-lsp-ide-0.5.4\\out\\server\\src\\server.js:2398:8440\n    at c:\\Users\\E495\\.vscode\\extensions\\uqbar.wollok-lsp-ide-0.5.4\\out\\server\\src\\server.js:37:74872\n    at Ke (c:\\Users\\E495\\.vscode\\extensions\\uqbar.wollok-lsp-ide-0.5.4\\out\\server\\src\\server.js:7:8527)","timestamp":"2026-05-05T17:45:58.215Z"}
{"level":"error","message":"✘ Completions for node Return ([29:9, 29:59] - mensajeros.wlk) failed: Error: [Return]{7e7f91} at mensajeros.wlk:29 exhausted all cases without a match [Return]{7e7f91} at mensajeros.wlk:29 exhausted all cases without a match","stack":"Error: [Return]{7e7f91} at mensajeros.wlk:29 exhausted all cases without a match\n    at c:\\Users\\E495\\.vscode\\extensions\\uqbar.wollok-lsp-ide-0.5.4\\out\\server\\src\\server.js:38:6142\n    at L2 (c:\\Users\\E495\\.vscode\\extensions\\uqbar.wollok-lsp-ide-0.5.4\\out\\server\\src\\server.js:2389:42)\n    at Jh (c:\\Users\\E495\\.vscode\\extensions\\uqbar.wollok-lsp-ide-0.5.4\\out\\server\\src\\server.js:2389:1092)\n    at L2 (c:\\Users\\E495\\.vscode\\extensions\\uqbar.wollok-lsp-ide-0.5.4\\out\\server\\src\\server.js:2389:544)\n    at Jh (c:\\Users\\E495\\.vscode\\extensions\\uqbar.wollok-lsp-ide-0.5.4\\out\\server\\src\\server.js:2389:1092)\n    at M5n (c:\\Users\\E495\\.vscode\\extensions\\uqbar.wollok-lsp-ide-0.5.4\\out\\server\\src\\server.js:2389:1248)\n    at c:\\Users\\E495\\.vscode\\extensions\\uqbar.wollok-lsp-ide-0.5.4\\out\\server\\src\\server.js:38:6131\n    at L2 (c:\\Users\\E495\\.vscode\\extensions\\uqbar.wollok-lsp-ide-0.5.4\\out\\server\\src\\server.js:2389:42)\n    at c:\\Users\\E495\\.vscode\\extensions\\uqbar.wollok-lsp-ide-0.5.4\\out\\server\\src\\server.js:2389:2988\n    at c:\\Users\\E495\\.vscode\\extensions\\uqbar.wollok-lsp-ide-0.5.4\\out\\server\\src\\server.js:2398:8440","timestamp":"2026-05-05T17:45:58.215Z"}
{"level":"error","message":"✘ Completions for node Send ([29:16, 29:60] - mensajeros.wlk) failed: Error: [Send]{e493e4} at mensajeros.wlk:29 exhausted all cases without a match [Send]{e493e4} at mensajeros.wlk:29 exhausted all cases without a match","stack":"Error: [Send]{e493e4} at mensajeros.wlk:29 exhausted all cases without a match\n    at c:\\Users\\E495\\.vscode\\extensions\\uqbar.wollok-lsp-ide-0.5.4\\out\\server\\src\\server.js:38:6142\n    at L2 (c:\\Users\\E495\\.vscode\\extensions\\uqbar.wollok-lsp-ide-0.5.4\\out\\server\\src\\server.js:2389:42)\n    at Jh (c:\\Users\\E495\\.vscode\\extensions\\uqbar.wollok-lsp-ide-0.5.4\\out\\server\\src\\server.js:2389:1092)\n    at M5n (c:\\Users\\E495\\.vscode\\extensions\\uqbar.wollok-lsp-ide-0.5.4\\out\\server\\src\\server.js:2389:1248)\n    at c:\\Users\\E495\\.vscode\\extensions\\uqbar.wollok-lsp-ide-0.5.4\\out\\server\\src\\server.js:38:6131\n    at L2 (c:\\Users\\E495\\.vscode\\extensions\\uqbar.wollok-lsp-ide-0.5.4\\out\\server\\src\\server.js:2389:42)\n    at c:\\Users\\E495\\.vscode\\extensions\\uqbar.wollok-lsp-ide-0.5.4\\out\\server\\src\\server.js:2389:2988\n    at c:\\Users\\E495\\.vscode\\extensions\\uqbar.wollok-lsp-ide-0.5.4\\out\\server\\src\\server.js:2398:8440\n    at c:\\Users\\E495\\.vscode\\extensions\\uqbar.wollok-lsp-ide-0.5.4\\out\\server\\src\\server.js:37:74872\n    at Ke (c:\\Users\\E495\\.vscode\\extensions\\uqbar.wollok-lsp-ide-0.5.4\\out\\server\\src\\server.js:7:8527)","timestamp":"2026-05-05T17:45:58.538Z"}
{"level":"error","message":"✘ Completions for node Return ([29:9, 29:60] - mensajeros.wlk) failed: Error: [Return]{5fba1c} at mensajeros.wlk:29 exhausted all cases without a match [Return]{5fba1c} at mensajeros.wlk:29 exhausted all cases without a match","stack":"Error: [Return]{5fba1c} at mensajeros.wlk:29 exhausted all cases without a match\n    at c:\\Users\\E495\\.vscode\\extensions\\uqbar.wollok-lsp-ide-0.5.4\\out\\server\\src\\server.js:38:6142\n    at L2 (c:\\Users\\E495\\.vscode\\extensions\\uqbar.wollok-lsp-ide-0.5.4\\out\\server\\src\\server.js:2389:42)\n    at Jh (c:\\Users\\E495\\.vscode\\extensions\\uqbar.wollok-lsp-ide-0.5.4\\out\\server\\src\\server.js:2389:1092)\n    at L2 (c:\\Users\\E495\\.vscode\\extensions\\uqbar.wollok-lsp-ide-0.5.4\\out\\server\\src\\server.js:2389:544)\n    at Jh (c:\\Users\\E495\\.vscode\\extensions\\uqbar.wollok-lsp-ide-0.5.4\\out\\server\\src\\server.js:2389:1092)\n    at M5n (c:\\Users\\E495\\.vscode\\extensions\\uqbar.wollok-lsp-ide-0.5.4\\out\\server\\src\\server.js:2389:1248)\n    at c:\\Users\\E495\\.vscode\\extensions\\uqbar.wollok-lsp-ide-0.5.4\\out\\server\\src\\server.js:38:6131\n    at L2 (c:\\Users\\E495\\.vscode\\extensions\\uqbar.wollok-lsp-ide-0.5.4\\out\\server\\src\\server.js:2389:42)\n    at c:\\Users\\E495\\.vscode\\extensions\\uqbar.wollok-lsp-ide-0.5.4\\out\\server\\src\\server.js:2389:2988\n    at c:\\Users\\E495\\.vscode\\extensions\\uqbar.wollok-lsp-ide-0.5.4\\out\\server\\src\\server.js:2398:8440","timestamp":"2026-05-05T17:45:58.538Z"}
{"level":"info","message":"⌛ Building environment","timeElapsed":114,"timestamp":"2026-05-05T17:45:58.925Z"}
{"level":"error","message":"✘ Completions for node Send ([29:16, 29:61] - mensajeros.wlk) failed: Error: [Send]{1f259d} at mensajeros.wlk:29 exhausted all cases without a match [Send]{1f259d} at mensajeros.wlk:29 exhausted all cases without a match","stack":"Error: [Send]{1f259d} at mensajeros.wlk:29 exhausted all cases without a match\n    at c:\\Users\\E495\\.vscode\\extensions\\uqbar.wollok-lsp-ide-0.5.4\\out\\server\\src\\server.js:38:6142\n    at L2 (c:\\Users\\E495\\.vscode\\extensions\\uqbar.wollok-lsp-ide-0.5.4\\out\\server\\src\\server.js:2389:42)\n    at Jh (c:\\Users\\E495\\.vscode\\extensions\\uqbar.wollok-lsp-ide-0.5.4\\out\\server\\src\\server.js:2389:1092)\n    at M5n (c:\\Users\\E495\\.vscode\\extensions\\uqbar.wollok-lsp-ide-0.5.4\\out\\server\\src\\server.js:2389:1248)\n    at c:\\Users\\E495\\.vscode\\extensions\\uqbar.wollok-lsp-ide-0.5.4\\out\\server\\src\\server.js:38:6131\n    at L2 (c:\\Users\\E495\\.vscode\\extensions\\uqbar.wollok-lsp-ide-0.5.4\\out\\server\\src\\server.js:2389:42)\n    at c:\\Users\\E495\\.vscode\\extensions\\uqbar.wollok-lsp-ide-0.5.4\\out\\server\\src\\server.js:2389:2988\n    at c:\\Users\\E495\\.vscode\\extensions\\uqbar.wollok-lsp-ide-0.5.4\\out\\server\\src\\server.js:2398:8440\n    at c:\\Users\\E495\\.vscode\\extensions\\uqbar.wollok-lsp-ide-0.5.4\\out\\server\\src\\server.js:37:74872\n    at Ke (c:\\Users\\E495\\.vscode\\extensions\\uqbar.wollok-lsp-ide-0.5.4\\out\\server\\src\\server.js:7:8527)","timestamp":"2026-05-05T17:45:58.966Z"}
{"level":"error","message":"✘ Completions for node Return ([29:9, 29:61] - mensajeros.wlk) failed: Error: [Return]{157bbc} at mensajeros.wlk:29 exhausted all cases without a match [Return]{157bbc} at mensajeros.wlk:29 exhausted all cases without a match","stack":"Error: [Return]{157bbc} at mensajeros.wlk:29 exhausted all cases without a match\n    at c:\\Users\\E495\\.vscode\\extensions\\uqbar.wollok-lsp-ide-0.5.4\\out\\server\\src\\server.js:38:6142\n    at L2 (c:\\Users\\E495\\.vscode\\extensions\\uqbar.wollok-lsp-ide-0.5.4\\out\\server\\src\\server.js:2389:42)\n    at Jh (c:\\Users\\E495\\.vscode\\extensions\\uqbar.wollok-lsp-ide-0.5.4\\out\\server\\src\\server.js:2389:1092)\n    at L2 (c:\\Users\\E495\\.vscode\\extensions\\uqbar.wollok-lsp-ide-0.5.4\\out\\server\\src\\server.js:2389:544)\n    at Jh (c:\\Users\\E495\\.vscode\\extensions\\uqbar.wollok-lsp-ide-0.5.4\\out\\server\\src\\server.js:2389:1092)\n    at M5n (c:\\Users\\E495\\.vscode\\extensions\\uqbar.wollok-lsp-ide-0.5.4\\out\\server\\src\\server.js:2389:1248)\n    at c:\\Users\\E495\\.vscode\\extensions\\uqbar.wollok-lsp-ide-0.5.4\\out\\server\\src\\server.js:38:6131\n    at L2 (c:\\Users\\E495\\.vscode\\extensions\\uqbar.wollok-lsp-ide-0.5.4\\out\\server\\src\\server.js:2389:42)\n    at c:\\Users\\E495\\.vscode\\extensions\\uqbar.wollok-lsp-ide-0.5.4\\out\\server\\src\\server.js:2389:2988\n    at c:\\Users\\E495\\.vscode\\extensions\\uqbar.wollok-lsp-ide-0.5.4\\out\\server\\src\\server.js:2398:8440","timestamp":"2026-05-05T17:45:58.967Z"}
{"level":"info","message":"⌛ Validating mensajeros.wlk","timeElapsed":115,"timestamp":"2026-05-05T17:45:59.084Z"}
{"level":"error","message":"✘ Completions for node Send ([29:16, 29:62] - mensajeros.wlk) failed: Error: [Send]{d00b80} at mensajeros.wlk:29 exhausted all cases without a match [Send]{d00b80} at mensajeros.wlk:29 exhausted all cases without a match","stack":"Error: [Send]{d00b80} at mensajeros.wlk:29 exhausted all cases without a match\n    at c:\\Users\\E495\\.vscode\\extensions\\uqbar.wollok-lsp-ide-0.5.4\\out\\server\\src\\server.js:38:6142\n    at L2 (c:\\Users\\E495\\.vscode\\extensions\\uqbar.wollok-lsp-ide-0.5.4\\out\\server\\src\\server.js:2389:42)\n    at Jh (c:\\Users\\E495\\.vscode\\extensions\\uqbar.wollok-lsp-ide-0.5.4\\out\\server\\src\\server.js:2389:1092)\n    at M5n (c:\\Users\\E495\\.vscode\\extensions\\uqbar.wollok-lsp-ide-0.5.4\\out\\server\\src\\server.js:2389:1248)\n    at c:\\Users\\E495\\.vscode\\extensions\\uqbar.wollok-lsp-ide-0.5.4\\out\\server\\src\\server.js:38:6131\n    at L2 (c:\\Users\\E495\\.vscode\\extensions\\uqbar.wollok-lsp-ide-0.5.4\\out\\server\\src\\server.js:2389:42)\n    at c:\\Users\\E495\\.vscode\\extensions\\uqbar.wollok-lsp-ide-0.5.4\\out\\server\\src\\server.js:2389:2988\n    at c:\\Users\\E495\\.vscode\\extensions\\uqbar.wollok-lsp-ide-0.5.4\\out\\server\\src\\server.js:2398:8440\n    at c:\\Users\\E495\\.vscode\\extensions\\uqbar.wollok-lsp-ide-0.5.4\\out\\server\\src\\server.js:37:74872\n    at Ke (c:\\Users\\E495\\.vscode\\extensions\\uqbar.wollok-lsp-ide-0.5.4\\out\\server\\src\\server.js:7:8527)","timestamp":"2026-05-05T17:45:59.208Z"}
{"level":"error","message":"✘ Completions for node Return ([29:9, 29:62] - mensajeros.wlk) failed: Error: [Return]{06b259} at mensajeros.wlk:29 exhausted all cases without a match [Return]{06b259} at mensajeros.wlk:29 exhausted all cases without a match","stack":"Error: [Return]{06b259} at mensajeros.wlk:29 exhausted all cases without a match\n    at c:\\Users\\E495\\.vscode\\extensions\\uqbar.wollok-lsp-ide-0.5.4\\out\\server\\src\\server.js:38:6142\n    at L2 (c:\\Users\\E495\\.vscode\\extensions\\uqbar.wollok-lsp-ide-0.5.4\\out\\server\\src\\server.js:2389:42)\n    at Jh (c:\\Users\\E495\\.vscode\\extensions\\uqbar.wollok-lsp-ide-0.5.4\\out\\server\\src\\server.js:2389:1092)\n    at L2 (c:\\Users\\E495\\.vscode\\extensions\\uqbar.wollok-lsp-ide-0.5.4\\out\\server\\src\\server.js:2389:544)\n    at Jh (c:\\Users\\E495\\.vscode\\extensions\\uqbar.wollok-lsp-ide-0.5.4\\out\\server\\src\\server.js:2389:1092)\n    at M5n (c:\\Users\\E495\\.vscode\\extensions\\uqbar.wollok-lsp-ide-0.5.4\\out\\server\\src\\server.js:2389:1248)\n    at c:\\Users\\E495\\.vscode\\extensions\\uqbar.wollok-lsp-ide-0.5.4\\out\\server\\src\\server.js:38:6131\n    at L2 (c:\\Users\\E495\\.vscode\\extensions\\uqbar.wollok-lsp-ide-0.5.4\\out\\server\\src\\server.js:2389:42)\n    at c:\\Users\\E495\\.vscode\\extensions\\uqbar.wollok-lsp-ide-0.5.4\\out\\server\\src\\server.js:2389:2988\n    at c:\\Users\\E495\\.vscode\\extensions\\uqbar.wollok-lsp-ide-0.5.4\\out\\server\\src\\server.js:2398:8440","timestamp":"2026-05-05T17:45:59.208Z"}
{"level":"error","message":"✘ Completions for node Send ([29:16, 29:63] - mensajeros.wlk) failed: Error: [Send]{5143ea} at mensajeros.wlk:29 exhausted all cases without a match [Send]{5143ea} at mensajeros.wlk:29 exhausted all cases without a match","stack":"Error: [Send]{5143ea} at mensajeros.wlk:29 exhausted all cases without a match\n    at c:\\Users\\E495\\.vscode\\extensions\\uqbar.wollok-lsp-ide-0.5.4\\out\\server\\src\\server.js:38:6142\n    at L2 (c:\\Users\\E495\\.vscode\\extensions\\uqbar.wollok-lsp-ide-0.5.4\\out\\server\\src\\server.js:2389:42)\n    at Jh (c:\\Users\\E495\\.vscode\\extensions\\uqbar.wollok-lsp-ide-0.5.4\\out\\server\\src\\server.js:2389:1092)\n    at M5n (c:\\Users\\E495\\.vscode\\extensions\\uqbar.wollok-lsp-ide-0.5.4\\out\\server\\src\\server.js:2389:1248)\n    at c:\\Users\\E495\\.vscode\\extensions\\uqbar.wollok-lsp-ide-0.5.4\\out\\server\\src\\server.js:38:6131\n    at L2 (c:\\Users\\E495\\.vscode\\extensions\\uqbar.wollok-lsp-ide-0.5.4\\out\\server\\src\\server.js:2389:42)\n    at c:\\Users\\E495\\.vscode\\extensions\\uqbar.wollok-lsp-ide-0.5.4\\out\\server\\src\\server.js:2389:2988\n    at c:\\Users\\E495\\.vscode\\extensions\\uqbar.wollok-lsp-ide-0.5.4\\out\\server\\src\\server.js:2398:8440\n    at c:\\Users\\E495\\.vscode\\extensions\\uqbar.wollok-lsp-ide-0.5.4\\out\\server\\src\\server.js:37:74872\n    at Ke (c:\\Users\\E495\\.vscode\\extensions\\uqbar.wollok-lsp-ide-0.5.4\\out\\server\\src\\server.js:7:8527)","timestamp":"2026-05-05T17:45:59.587Z"}
{"level":"error","message":"✘ Completions for node Return ([29:9, 29:63] - mensajeros.wlk) failed: Error: [Return]{e12db3} at mensajeros.wlk:29 exhausted all cases without a match [Return]{e12db3} at mensajeros.wlk:29 exhausted all cases without a match","stack":"Error: [Return]{e12db3} at mensajeros.wlk:29 exhausted all cases without a match\n    at c:\\Users\\E495\\.vscode\\extensions\\uqbar.wollok-lsp-ide-0.5.4\\out\\server\\src\\server.js:38:6142\n    at L2 (c:\\Users\\E495\\.vscode\\extensions\\uqbar.wollok-lsp-ide-0.5.4\\out\\server\\src\\server.js:2389:42)\n    at Jh (c:\\Users\\E495\\.vscode\\extensions\\uqbar.wollok-lsp-ide-0.5.4\\out\\server\\src\\server.js:2389:1092)\n    at L2 (c:\\Users\\E495\\.vscode\\extensions\\uqbar.wollok-lsp-ide-0.5.4\\out\\server\\src\\server.js:2389:544)\n    at Jh (c:\\Users\\E495\\.vscode\\extensions\\uqbar.wollok-lsp-ide-0.5.4\\out\\server\\src\\server.js:2389:1092)\n    at M5n (c:\\Users\\E495\\.vscode\\extensions\\uqbar.wollok-lsp-ide-0.5.4\\out\\server\\src\\server.js:2389:1248)\n    at c:\\Users\\E495\\.vscode\\extensions\\uqbar.wollok-lsp-ide-0.5.4\\out\\server\\src\\server.js:38:6131\n    at L2 (c:\\Users\\E495\\.vscode\\extensions\\uqbar.wollok-lsp-ide-0.5.4\\out\\server\\src\\server.js:2389:42)\n    at c:\\Users\\E495\\.vscode\\extensions\\uqbar.wollok-lsp-ide-0.5.4\\out\\server\\src\\server.js:2389:2988\n    at c:\\Users\\E495\\.vscode\\extensions\\uqbar.wollok-lsp-ide-0.5.4\\out\\server\\src\\server.js:2398:8440","timestamp":"2026-05-05T17:45:59.587Z"}
{"level":"info","message":"⌛ Building environment","timeElapsed":107,"timestamp":"2026-05-05T17:46:00.218Z"}
{"level":"error","message":"✘ Completions for node Send ([29:16, 29:64] - mensajeros.wlk) failed: Error: [Send]{4db4ce} at mensajeros.wlk:29 exhausted all cases without a match [Send]{4db4ce} at mensajeros.wlk:29 exhausted all cases without a match","stack":"Error: [Send]{4db4ce} at mensajeros.wlk:29 exhausted all cases without a match\n    at c:\\Users\\E495\\.vscode\\extensions\\uqbar.wollok-lsp-ide-0.5.4\\out\\server\\src\\server.js:38:6142\n    at L2 (c:\\Users\\E495\\.vscode\\extensions\\uqbar.wollok-lsp-ide-0.5.4\\out\\server\\src\\server.js:2389:42)\n    at Jh (c:\\Users\\E495\\.vscode\\extensions\\uqbar.wollok-lsp-ide-0.5.4\\out\\server\\src\\server.js:2389:1092)\n    at M5n (c:\\Users\\E495\\.vscode\\extensions\\uqbar.wollok-lsp-ide-0.5.4\\out\\server\\src\\server.js:2389:1248)\n    at c:\\Users\\E495\\.vscode\\extensions\\uqbar.wollok-lsp-ide-0.5.4\\out\\server\\src\\server.js:38:6131\n    at L2 (c:\\Users\\E495\\.vscode\\extensions\\uqbar.wollok-lsp-ide-0.5.4\\out\\server\\src\\server.js:2389:42)\n    at c:\\Users\\E495\\.vscode\\extensions\\uqbar.wollok-lsp-ide-0.5.4\\out\\server\\src\\server.js:2389:2988\n    at c:\\Users\\E495\\.vscode\\extensions\\uqbar.wollok-lsp-ide-0.5.4\\out\\server\\src\\server.js:2398:8440\n    at c:\\Users\\E495\\.vscode\\extensions\\uqbar.wollok-lsp-ide-0.5.4\\out\\server\\src\\server.js:37:74872\n    at Ke (c:\\Users\\E495\\.vscode\\extensions\\uqbar.wollok-lsp-ide-0.5.4\\out\\server\\src\\server.js:7:8527)","timestamp":"2026-05-05T17:46:00.257Z"}
{"level":"error","message":"✘ Completions for node Return ([29:9, 29:64] - mensajeros.wlk) failed: Error: [Return]{4e9940} at mensajeros.wlk:29 exhausted all cases without a match [Return]{4e9940} at mensajeros.wlk:29 exhausted all cases without a match","stack":"Error: [Return]{4e9940} at mensajeros.wlk:29 exhausted all cases without a match\n    at c:\\Users\\E495\\.vscode\\extensions\\uqbar.wollok-lsp-ide-0.5.4\\out\\server\\src\\server.js:38:6142\n    at L2 (c:\\Users\\E495\\.vscode\\extensions\\uqbar.wollok-lsp-ide-0.5.4\\out\\server\\src\\server.js:2389:42)\n    at Jh (c:\\Users\\E495\\.vscode\\extensions\\uqbar.wollok-lsp-ide-0.5.4\\out\\server\\src\\server.js:2389:1092)\n    at L2 (c:\\Users\\E495\\.vscode\\extensions\\uqbar.wollok-lsp-ide-0.5.4\\out\\server\\src\\server.js:2389:544)\n    at Jh (c:\\Users\\E495\\.vscode\\extensions\\uqbar.wollok-lsp-ide-0.5.4\\out\\server\\src\\server.js:2389:1092)\n    at M5n (c:\\Users\\E495\\.vscode\\extensions\\uqbar.wollok-lsp-ide-0.5.4\\out\\server\\src\\server.js:2389:1248)\n    at c:\\Users\\E495\\.vscode\\extensions\\uqbar.wollok-lsp-ide-0.5.4\\out\\server\\src\\server.js:38:6131\n    at L2 (c:\\Users\\E495\\.vscode\\extensions\\uqbar.wollok-lsp-ide-0.5.4\\out\\server\\src\\server.js:2389:42)\n    at c:\\Users\\E495\\.vscode\\extensions\\uqbar.wollok-lsp-ide-0.5.4\\out\\server\\src\\server.js:2389:2988\n    at c:\\Users\\E495\\.vscode\\extensions\\uqbar.wollok-lsp-ide-0.5.4\\out\\server\\src\\server.js:2398:8440","timestamp":"2026-05-05T17:46:00.257Z"}
{"level":"info","message":"⌛ Validating mensajeros.wlk","timeElapsed":114,"timestamp":"2026-05-05T17:46:00.465Z"}
{"level":"info","message":"⌛ Validating mensajeros.wlk","timeElapsed":108,"timestamp":"2026-05-05T17:46:00.573Z"}
{"level":"error","message":"✘ Completions for node Send ([29:16, 29:66] - mensajeros.wlk) failed: Error: [Send]{34722d} at mensajeros.wlk:29 exhausted all cases without a match [Send]{34722d} at mensajeros.wlk:29 exhausted all cases without a match","stack":"Error: [Send]{34722d} at mensajeros.wlk:29 exhausted all cases without a match\n    at c:\\Users\\E495\\.vscode\\extensions\\uqbar.wollok-lsp-ide-0.5.4\\out\\server\\src\\server.js:38:6142\n    at L2 (c:\\Users\\E495\\.vscode\\extensions\\uqbar.wollok-lsp-ide-0.5.4\\out\\server\\src\\server.js:2389:42)\n    at Jh (c:\\Users\\E495\\.vscode\\extensions\\uqbar.wollok-lsp-ide-0.5.4\\out\\server\\src\\server.js:2389:1092)\n    at M5n (c:\\Users\\E495\\.vscode\\extensions\\uqbar.wollok-lsp-ide-0.5.4\\out\\server\\src\\server.js:2389:1248)\n    at c:\\Users\\E495\\.vscode\\extensions\\uqbar.wollok-lsp-ide-0.5.4\\out\\server\\src\\server.js:38:6131\n    at L2 (c:\\Users\\E495\\.vscode\\extensions\\uqbar.wollok-lsp-ide-0.5.4\\out\\server\\src\\server.js:2389:42)\n    at c:\\Users\\E495\\.vscode\\extensions\\uqbar.wollok-lsp-ide-0.5.4\\out\\server\\src\\server.js:2389:2988\n    at c:\\Users\\E495\\.vscode\\extensions\\uqbar.wollok-lsp-ide-0.5.4\\out\\server\\src\\server.js:2398:8440\n    at c:\\Users\\E495\\.vscode\\extensions\\uqbar.wollok-lsp-ide-0.5.4\\out\\server\\src\\server.js:37:74872\n    at Ke (c:\\Users\\E495\\.vscode\\extensions\\uqbar.wollok-lsp-ide-0.5.4\\out\\server\\src\\server.js:7:8527)","timestamp":"2026-05-05T17:46:00.695Z"}
{"level":"error","message":"✘ Completions for node Return ([29:9, 29:66] - mensajeros.wlk) failed: Error: [Return]{d55718} at mensajeros.wlk:29 exhausted all cases without a match [Return]{d55718} at mensajeros.wlk:29 exhausted all cases without a match","stack":"Error: [Return]{d55718} at mensajeros.wlk:29 exhausted all cases without a match\n    at c:\\Users\\E495\\.vscode\\extensions\\uqbar.wollok-lsp-ide-0.5.4\\out\\server\\src\\server.js:38:6142\n    at L2 (c:\\Users\\E495\\.vscode\\extensions\\uqbar.wollok-lsp-ide-0.5.4\\out\\server\\src\\server.js:2389:42)\n    at Jh (c:\\Users\\E495\\.vscode\\extensions\\uqbar.wollok-lsp-ide-0.5.4\\out\\server\\src\\server.js:2389:1092)\n    at L2 (c:\\Users\\E495\\.vscode\\extensions\\uqbar.wollok-lsp-ide-0.5.4\\out\\server\\src\\server.js:2389:544)\n    at Jh (c:\\Users\\E495\\.vscode\\extensions\\uqbar.wollok-lsp-ide-0.5.4\\out\\server\\src\\server.js:2389:1092)\n    at M5n (c:\\Users\\E495\\.vscode\\extensions\\uqbar.wollok-lsp-ide-0.5.4\\out\\server\\src\\server.js:2389:1248)\n    at c:\\Users\\E495\\.vscode\\extensions\\uqbar.wollok-lsp-ide-0.5.4\\out\\server\\src\\server.js:38:6131\n    at L2 (c:\\Users\\E495\\.vscode\\extensions\\uqbar.wollok-lsp-ide-0.5.4\\out\\server\\src\\server.js:2389:42)\n    at c:\\Users\\E495\\.vscode\\extensions\\uqbar.wollok-lsp-ide-0.5.4\\out\\server\\src\\server.js:2389:2988\n    at c:\\Users\\E495\\.vscode\\extensions\\uqbar.wollok-lsp-ide-0.5.4\\out\\server\\src\\server.js:2398:8440","timestamp":"2026-05-05T17:46:00.695Z"}
{"level":"info","message":"⌛ Validating mensajeros.wlk","timeElapsed":107,"timestamp":"2026-05-05T17:46:00.805Z"}
{"level":"error","message":"✘ Completions for node Send ([29:16, 29:67] - mensajeros.wlk) failed: Error: [Send]{a0ae23} at mensajeros.wlk:29 exhausted all cases without a match [Send]{a0ae23} at mensajeros.wlk:29 exhausted all cases without a match","stack":"Error: [Send]{a0ae23} at mensajeros.wlk:29 exhausted all cases without a match\n    at c:\\Users\\E495\\.vscode\\extensions\\uqbar.wollok-lsp-ide-0.5.4\\out\\server\\src\\server.js:38:6142\n    at L2 (c:\\Users\\E495\\.vscode\\extensions\\uqbar.wollok-lsp-ide-0.5.4\\out\\server\\src\\server.js:2389:42)\n    at Jh (c:\\Users\\E495\\.vscode\\extensions\\uqbar.wollok-lsp-ide-0.5.4\\out\\server\\src\\server.js:2389:1092)\n    at M5n (c:\\Users\\E495\\.vscode\\extensions\\uqbar.wollok-lsp-ide-0.5.4\\out\\server\\src\\server.js:2389:1248)\n    at c:\\Users\\E495\\.vscode\\extensions\\uqbar.wollok-lsp-ide-0.5.4\\out\\server\\src\\server.js:38:6131\n    at L2 (c:\\Users\\E495\\.vscode\\extensions\\uqbar.wollok-lsp-ide-0.5.4\\out\\server\\src\\server.js:2389:42)\n    at c:\\Users\\E495\\.vscode\\extensions\\uqbar.wollok-lsp-ide-0.5.4\\out\\server\\src\\server.js:2389:2988\n    at c:\\Users\\E495\\.vscode\\extensions\\uqbar.wollok-lsp-ide-0.5.4\\out\\server\\src\\server.js:2398:8440\n    at c:\\Users\\E495\\.vscode\\extensions\\uqbar.wollok-lsp-ide-0.5.4\\out\\server\\src\\server.js:37:74872\n    at Ke (c:\\Users\\E495\\.vscode\\extensions\\uqbar.wollok-lsp-ide-0.5.4\\out\\server\\src\\server.js:7:8527)","timestamp":"2026-05-05T17:46:01.286Z"}
{"level":"error","message":"✘ Completions for node Return ([29:9, 29:67] - mensajeros.wlk) failed: Error: [Return]{df2518} at mensajeros.wlk:29 exhausted all cases without a match [Return]{df2518} at mensajeros.wlk:29 exhausted all cases without a match","stack":"Error: [Return]{df2518} at mensajeros.wlk:29 exhausted all cases without a match\n    at c:\\Users\\E495\\.vscode\\extensions\\uqbar.wollok-lsp-ide-0.5.4\\out\\server\\src\\server.js:38:6142\n    at L2 (c:\\Users\\E495\\.vscode\\extensions\\uqbar.wollok-lsp-ide-0.5.4\\out\\server\\src\\server.js:2389:42)\n    at Jh (c:\\Users\\E495\\.vscode\\extensions\\uqbar.wollok-lsp-ide-0.5.4\\out\\server\\src\\server.js:2389:1092)\n    at L2 (c:\\Users\\E495\\.vscode\\extensions\\uqbar.wollok-lsp-ide-0.5.4\\out\\server\\src\\server.js:2389:544)\n    at Jh (c:\\Users\\E495\\.vscode\\extensions\\uqbar.wollok-lsp-ide-0.5.4\\out\\server\\src\\server.js:2389:1092)\n    at M5n (c:\\Users\\E495\\.vscode\\extensions\\uqbar.wollok-lsp-ide-0.5.4\\out\\server\\src\\server.js:2389:1248)\n    at c:\\Users\\E495\\.vscode\\extensions\\uqbar.wollok-lsp-ide-0.5.4\\out\\server\\src\\server.js:38:6131\n    at L2 (c:\\Users\\E495\\.vscode\\extensions\\uqbar.wollok-lsp-ide-0.5.4\\out\\server\\src\\server.js:2389:42)\n    at c:\\Users\\E495\\.vscode\\extensions\\uqbar.wollok-lsp-ide-0.5.4\\out\\server\\src\\server.js:2389:2988\n    at c:\\Users\\E495\\.vscode\\extensions\\uqbar.wollok-lsp-ide-0.5.4\\out\\server\\src\\server.js:2398:8440","timestamp":"2026-05-05T17:46:01.286Z"}
{"level":"error","message":"✘ Completions for node Send ([29:16, 29:68] - mensajeros.wlk) failed: Error: [Send]{f958af} at mensajeros.wlk:29 exhausted all cases without a match [Send]{f958af} at mensajeros.wlk:29 exhausted all cases without a match","stack":"Error: [Send]{f958af} at mensajeros.wlk:29 exhausted all cases without a match\n    at c:\\Users\\E495\\.vscode\\extensions\\uqbar.wollok-lsp-ide-0.5.4\\out\\server\\src\\server.js:38:6142\n    at L2 (c:\\Users\\E495\\.vscode\\extensions\\uqbar.wollok-lsp-ide-0.5.4\\out\\server\\src\\server.js:2389:42)\n    at Jh (c:\\Users\\E495\\.vscode\\extensions\\uqbar.wollok-lsp-ide-0.5.4\\out\\server\\src\\server.js:2389:1092)\n    at M5n (c:\\Users\\E495\\.vscode\\extensions\\uqbar.wollok-lsp-ide-0.5.4\\out\\server\\src\\server.js:2389:1248)\n    at c:\\Users\\E495\\.vscode\\extensions\\uqbar.wollok-lsp-ide-0.5.4\\out\\server\\src\\server.js:38:6131\n    at L2 (c:\\Users\\E495\\.vscode\\extensions\\uqbar.wollok-lsp-ide-0.5.4\\out\\server\\src\\server.js:2389:42)\n    at c:\\Users\\E495\\.vscode\\extensions\\uqbar.wollok-lsp-ide-0.5.4\\out\\server\\src\\server.js:2389:2988\n    at c:\\Users\\E495\\.vscode\\extensions\\uqbar.wollok-lsp-ide-0.5.4\\out\\server\\src\\server.js:2398:8440\n    at c:\\Users\\E495\\.vscode\\extensions\\uqbar.wollok-lsp-ide-0.5.4\\out\\server\\src\\server.js:37:74872\n    at Ke (c:\\Users\\E495\\.vscode\\extensions\\uqbar.wollok-lsp-ide-0.5.4\\out\\server\\src\\server.js:7:8527)","timestamp":"2026-05-05T17:46:01.540Z"}
{"level":"error","message":"✘ Completions for node Return ([29:9, 29:68] - mensajeros.wlk) failed: Error: [Return]{a9ea09} at mensajeros.wlk:29 exhausted all cases without a match [Return]{a9ea09} at mensajeros.wlk:29 exhausted all cases without a match","stack":"Error: [Return]{a9ea09} at mensajeros.wlk:29 exhausted all cases without a match\n    at c:\\Users\\E495\\.vscode\\extensions\\uqbar.wollok-lsp-ide-0.5.4\\out\\server\\src\\server.js:38:6142\n    at L2 (c:\\Users\\E495\\.vscode\\extensions\\uqbar.wollok-lsp-ide-0.5.4\\out\\server\\src\\server.js:2389:42)\n    at Jh (c:\\Users\\E495\\.vscode\\extensions\\uqbar.wollok-lsp-ide-0.5.4\\out\\server\\src\\server.js:2389:1092)\n    at L2 (c:\\Users\\E495\\.vscode\\extensions\\uqbar.wollok-lsp-ide-0.5.4\\out\\server\\src\\server.js:2389:544)\n    at Jh (c:\\Users\\E495\\.vscode\\extensions\\uqbar.wollok-lsp-ide-0.5.4\\out\\server\\src\\server.js:2389:1092)\n    at M5n (c:\\Users\\E495\\.vscode\\extensions\\uqbar.wollok-lsp-ide-0.5.4\\out\\server\\src\\server.js:2389:1248)\n    at c:\\Users\\E495\\.vscode\\extensions\\uqbar.wollok-lsp-ide-0.5.4\\out\\server\\src\\server.js:38:6131\n    at L2 (c:\\Users\\E495\\.vscode\\extensions\\uqbar.wollok-lsp-ide-0.5.4\\out\\server\\src\\server.js:2389:42)\n    at c:\\Users\\E495\\.vscode\\extensions\\uqbar.wollok-lsp-ide-0.5.4\\out\\server\\src\\server.js:2389:2988\n    at c:\\Users\\E495\\.vscode\\extensions\\uqbar.wollok-lsp-ide-0.5.4\\out\\server\\src\\server.js:2398:8440","timestamp":"2026-05-05T17:46:01.541Z"}
{"level":"error","message":"✘ Completions for node Send ([29:16, 29:69] - mensajeros.wlk) failed: Error: [Send]{628787} at mensajeros.wlk:29 exhausted all cases without a match [Send]{628787} at mensajeros.wlk:29 exhausted all cases without a match","stack":"Error: [Send]{628787} at mensajeros.wlk:29 exhausted all cases without a match\n    at c:\\Users\\E495\\.vscode\\extensions\\uqbar.wollok-lsp-ide-0.5.4\\out\\server\\src\\server.js:38:6142\n    at L2 (c:\\Users\\E495\\.vscode\\extensions\\uqbar.wollok-lsp-ide-0.5.4\\out\\server\\src\\server.js:2389:42)\n    at Jh (c:\\Users\\E495\\.vscode\\extensions\\uqbar.wollok-lsp-ide-0.5.4\\out\\server\\src\\server.js:2389:1092)\n    at M5n (c:\\Users\\E495\\.vscode\\extensions\\uqbar.wollok-lsp-ide-0.5.4\\out\\server\\src\\server.js:2389:1248)\n    at c:\\Users\\E495\\.vscode\\extensions\\uqbar.wollok-lsp-ide-0.5.4\\out\\server\\src\\server.js:38:6131\n    at L2 (c:\\Users\\E495\\.vscode\\extensions\\uqbar.wollok-lsp-ide-0.5.4\\out\\server\\src\\server.js:2389:42)\n    at c:\\Users\\E495\\.vscode\\extensions\\uqbar.wollok-lsp-ide-0.5.4\\out\\server\\src\\server.js:2389:2988\n    at c:\\Users\\E495\\.vscode\\extensions\\uqbar.wollok-lsp-ide-0.5.4\\out\\server\\src\\server.js:2398:8440\n    at c:\\Users\\E495\\.vscode\\extensions\\uqbar.wollok-lsp-ide-0.5.4\\out\\server\\src\\server.js:37:74872\n    at Ke (c:\\Users\\E495\\.vscode\\extensions\\uqbar.wollok-lsp-ide-0.5.4\\out\\server\\src\\server.js:7:8527)","timestamp":"2026-05-05T17:46:01.898Z"}
{"level":"error","message":"✘ Completions for node Return ([29:9, 29:69] - mensajeros.wlk) failed: Error: [Return]{95432f} at mensajeros.wlk:29 exhausted all cases without a match [Return]{95432f} at mensajeros.wlk:29 exhausted all cases without a match","stack":"Error: [Return]{95432f} at mensajeros.wlk:29 exhausted all cases without a match\n    at c:\\Users\\E495\\.vscode\\extensions\\uqbar.wollok-lsp-ide-0.5.4\\out\\server\\src\\server.js:38:6142\n    at L2 (c:\\Users\\E495\\.vscode\\extensions\\uqbar.wollok-lsp-ide-0.5.4\\out\\server\\src\\server.js:2389:42)\n    at Jh (c:\\Users\\E495\\.vscode\\extensions\\uqbar.wollok-lsp-ide-0.5.4\\out\\server\\src\\server.js:2389:1092)\n    at L2 (c:\\Users\\E495\\.vscode\\extensions\\uqbar.wollok-lsp-ide-0.5.4\\out\\server\\src\\server.js:2389:544)\n    at Jh (c:\\Users\\E495\\.vscode\\extensions\\uqbar.wollok-lsp-ide-0.5.4\\out\\server\\src\\server.js:2389:1092)\n    at M5n (c:\\Users\\E495\\.vscode\\extensions\\uqbar.wollok-lsp-ide-0.5.4\\out\\server\\src\\server.js:2389:1248)\n    at c:\\Users\\E495\\.vscode\\extensions\\uqbar.wollok-lsp-ide-0.5.4\\out\\server\\src\\server.js:38:6131\n    at L2 (c:\\Users\\E495\\.vscode\\extensions\\uqbar.wollok-lsp-ide-0.5.4\\out\\server\\src\\server.js:2389:42)\n    at c:\\Users\\E495\\.vscode\\extensions\\uqbar.wollok-lsp-ide-0.5.4\\out\\server\\src\\server.js:2389:2988\n    at c:\\Users\\E495\\.vscode\\extensions\\uqbar.wollok-lsp-ide-0.5.4\\out\\server\\src\\server.js:2398:8440","timestamp":"2026-05-05T17:46:01.898Z"}
{"level":"info","message":"⌛ Building environment","timeElapsed":108,"timestamp":"2026-05-05T17:46:02.400Z"}
{"level":"info","message":"⌛ Building environment","timeElapsed":126,"timestamp":"2026-05-05T17:46:02.529Z"}
{"level":"info","message":"⌛ Validating mensajeros.wlk","timeElapsed":120,"timestamp":"2026-05-05T17:46:02.657Z"}
{"level":"error","message":"✘ Completions for node Send ([29:16, 29:69] - mensajeros.wlk) failed: Error: [Send]{d4616d} at mensajeros.wlk:29 exhausted all cases without a match [Send]{d4616d} at mensajeros.wlk:29 exhausted all cases without a match","stack":"Error: [Send]{d4616d} at mensajeros.wlk:29 exhausted all cases without a match\n    at c:\\Users\\E495\\.vscode\\extensions\\uqbar.wollok-lsp-ide-0.5.4\\out\\server\\src\\server.js:38:6142\n    at L2 (c:\\Users\\E495\\.vscode\\extensions\\uqbar.wollok-lsp-ide-0.5.4\\out\\server\\src\\server.js:2389:42)\n    at Jh (c:\\Users\\E495\\.vscode\\extensions\\uqbar.wollok-lsp-ide-0.5.4\\out\\server\\src\\server.js:2389:1092)\n    at M5n (c:\\Users\\E495\\.vscode\\extensions\\uqbar.wollok-lsp-ide-0.5.4\\out\\server\\src\\server.js:2389:1248)\n    at c:\\Users\\E495\\.vscode\\extensions\\uqbar.wollok-lsp-ide-0.5.4\\out\\server\\src\\server.js:38:6131\n    at L2 (c:\\Users\\E495\\.vscode\\extensions\\uqbar.wollok-lsp-ide-0.5.4\\out\\server\\src\\server.js:2389:42)\n    at c:\\Users\\E495\\.vscode\\extensions\\uqbar.wollok-lsp-ide-0.5.4\\out\\server\\src\\server.js:2389:2988\n    at c:\\Users\\E495\\.vscode\\extensions\\uqbar.wollok-lsp-ide-0.5.4\\out\\server\\src\\server.js:2398:8440\n    at c:\\Users\\E495\\.vscode\\extensions\\uqbar.wollok-lsp-ide-0.5.4\\out\\server\\src\\server.js:37:74872\n    at Ke (c:\\Users\\E495\\.vscode\\extensions\\uqbar.wollok-lsp-ide-0.5.4\\out\\server\\src\\server.js:7:8527)","timestamp":"2026-05-05T17:46:02.682Z"}
{"level":"error","message":"✘ Completions for node Return ([29:9, 29:69] - mensajeros.wlk) failed: Error: [Return]{ee8591} at mensajeros.wlk:29 exhausted all cases without a match [Return]{ee8591} at mensajeros.wlk:29 exhausted all cases without a match","stack":"Error: [Return]{ee8591} at mensajeros.wlk:29 exhausted all cases without a match\n    at c:\\Users\\E495\\.vscode\\extensions\\uqbar.wollok-lsp-ide-0.5.4\\out\\server\\src\\server.js:38:6142\n    at L2 (c:\\Users\\E495\\.vscode\\extensions\\uqbar.wollok-lsp-ide-0.5.4\\out\\server\\src\\server.js:2389:42)\n    at Jh (c:\\Users\\E495\\.vscode\\extensions\\uqbar.wollok-lsp-ide-0.5.4\\out\\server\\src\\server.js:2389:1092)\n    at L2 (c:\\Users\\E495\\.vscode\\extensions\\uqbar.wollok-lsp-ide-0.5.4\\out\\server\\src\\server.js:2389:544)\n    at Jh (c:\\Users\\E495\\.vscode\\extensions\\uqbar.wollok-lsp-ide-0.5.4\\out\\server\\src\\server.js:2389:1092)\n    at M5n (c:\\Users\\E495\\.vscode\\extensions\\uqbar.wollok-lsp-ide-0.5.4\\out\\server\\src\\server.js:2389:1248)\n    at c:\\Users\\E495\\.vscode\\extensions\\uqbar.wollok-lsp-ide-0.5.4\\out\\server\\src\\server.js:38:6131\n    at L2 (c:\\Users\\E495\\.vscode\\extensions\\uqbar.wollok-lsp-ide-0.5.4\\out\\server\\src\\server.js:2389:42)\n    at c:\\Users\\E495\\.vscode\\extensions\\uqbar.wollok-lsp-ide-0.5.4\\out\\server\\src\\server.js:2389:2988\n    at c:\\Users\\E495\\.vscode\\extensions\\uqbar.wollok-lsp-ide-0.5.4\\out\\server\\src\\server.js:2398:8440","timestamp":"2026-05-05T17:46:02.682Z"}
{"level":"error","message":"✘ Completions for node Send ([29:16, 29:71] - mensajeros.wlk) failed: Error: [Send]{be211d} at mensajeros.wlk:29 exhausted all cases without a match [Send]{be211d} at mensajeros.wlk:29 exhausted all cases without a match","stack":"Error: [Send]{be211d} at mensajeros.wlk:29 exhausted all cases without a match\n    at c:\\Users\\E495\\.vscode\\extensions\\uqbar.wollok-lsp-ide-0.5.4\\out\\server\\src\\server.js:38:6142\n    at L2 (c:\\Users\\E495\\.vscode\\extensions\\uqbar.wollok-lsp-ide-0.5.4\\out\\server\\src\\server.js:2389:42)\n    at Jh (c:\\Users\\E495\\.vscode\\extensions\\uqbar.wollok-lsp-ide-0.5.4\\out\\server\\src\\server.js:2389:1092)\n    at M5n (c:\\Users\\E495\\.vscode\\extensions\\uqbar.wollok-lsp-ide-0.5.4\\out\\server\\src\\server.js:2389:1248)\n    at c:\\Users\\E495\\.vscode\\extensions\\uqbar.wollok-lsp-ide-0.5.4\\out\\server\\src\\server.js:38:6131\n    at L2 (c:\\Users\\E495\\.vscode\\extensions\\uqbar.wollok-lsp-ide-0.5.4\\out\\server\\src\\server.js:2389:42)\n    at c:\\Users\\E495\\.vscode\\extensions\\uqbar.wollok-lsp-ide-0.5.4\\out\\server\\src\\server.js:2389:2988\n    at c:\\Users\\E495\\.vscode\\extensions\\uqbar.wollok-lsp-ide-0.5.4\\out\\server\\src\\server.js:2398:8440\n    at c:\\Users\\E495\\.vscode\\extensions\\uqbar.wollok-lsp-ide-0.5.4\\out\\server\\src\\server.js:37:74872\n    at Ke (c:\\Users\\E495\\.vscode\\extensions\\uqbar.wollok-lsp-ide-0.5.4\\out\\server\\src\\server.js:7:8527)","timestamp":"2026-05-05T17:46:03.006Z"}
{"level":"error","message":"✘ Completions for node Return ([29:9, 29:71] - mensajeros.wlk) failed: Error: [Return]{f5fd66} at mensajeros.wlk:29 exhausted all cases without a match [Return]{f5fd66} at mensajeros.wlk:29 exhausted all cases without a match","stack":"Error: [Return]{f5fd66} at mensajeros.wlk:29 exhausted all cases without a match\n    at c:\\Users\\E495\\.vscode\\extensions\\uqbar.wollok-lsp-ide-0.5.4\\out\\server\\src\\server.js:38:6142\n    at L2 (c:\\Users\\E495\\.vscode\\extensions\\uqbar.wollok-lsp-ide-0.5.4\\out\\server\\src\\server.js:2389:42)\n    at Jh (c:\\Users\\E495\\.vscode\\extensions\\uqbar.wollok-lsp-ide-0.5.4\\out\\server\\src\\server.js:2389:1092)\n    at L2 (c:\\Users\\E495\\.vscode\\extensions\\uqbar.wollok-lsp-ide-0.5.4\\out\\server\\src\\server.js:2389:544)\n    at Jh (c:\\Users\\E495\\.vscode\\extensions\\uqbar.wollok-lsp-ide-0.5.4\\out\\server\\src\\server.js:2389:1092)\n    at M5n (c:\\Users\\E495\\.vscode\\extensions\\uqbar.wollok-lsp-ide-0.5.4\\out\\server\\src\\server.js:2389:1248)\n    at c:\\Users\\E495\\.vscode\\extensions\\uqbar.wollok-lsp-ide-0.5.4\\out\\server\\src\\server.js:38:6131\n    at L2 (c:\\Users\\E495\\.vscode\\extensions\\uqbar.wollok-lsp-ide-0.5.4\\out\\server\\src\\server.js:2389:42)\n    at c:\\Users\\E495\\.vscode\\extensions\\uqbar.wollok-lsp-ide-0.5.4\\out\\server\\src\\server.js:2389:2988\n    at c:\\Users\\E495\\.vscode\\extensions\\uqbar.wollok-lsp-ide-0.5.4\\out\\server\\src\\server.js:2398:8440","timestamp":"2026-05-05T17:46:03.007Z"}
{"level":"info","message":"⌛ Validating mensajeros.wlk","timeElapsed":102,"timestamp":"2026-05-05T17:46:03.111Z"}
{"level":"info","message":"⌛ Validating mensajeros.wlk","timeElapsed":101,"timestamp":"2026-05-05T17:46:03.213Z"}
{"level":"info","message":"⌛ Building environment","timeElapsed":103,"timestamp":"2026-05-05T17:46:03.695Z"}
{"level":"error","message":"✘ Completions for node Send ([29:53, 29:74] - mensajeros.wlk) failed: Error: [Send]{e90dcd} at mensajeros.wlk:29 exhausted all cases without a match [Send]{e90dcd} at mensajeros.wlk:29 exhausted all cases without a match","stack":"Error: [Send]{e90dcd} at mensajeros.wlk:29 exhausted all cases without a match\n    at c:\\Users\\E495\\.vscode\\extensions\\uqbar.wollok-lsp-ide-0.5.4\\out\\server\\src\\server.js:38:6142\n    at L2 (c:\\Users\\E495\\.vscode\\extensions\\uqbar.wollok-lsp-ide-0.5.4\\out\\server\\src\\server.js:2389:42)\n    at c:\\Users\\E495\\.vscode\\extensions\\uqbar.wollok-lsp-ide-0.5.4\\out\\server\\src\\server.js:2389:2988\n    at c:\\Users\\E495\\.vscode\\extensions\\uqbar.wollok-lsp-ide-0.5.4\\out\\server\\src\\server.js:2398:8440\n    at c:\\Users\\E495\\.vscode\\extensions\\uqbar.wollok-lsp-ide-0.5.4\\out\\server\\src\\server.js:37:74872\n    at Ke (c:\\Users\\E495\\.vscode\\extensions\\uqbar.wollok-lsp-ide-0.5.4\\out\\server\\src\\server.js:7:8527)\n    at Lt (c:\\Users\\E495\\.vscode\\extensions\\uqbar.wollok-lsp-ide-0.5.4\\out\\server\\src\\server.js:7:6189)\n    at ct (c:\\Users\\E495\\.vscode\\extensions\\uqbar.wollok-lsp-ide-0.5.4\\out\\server\\src\\server.js:7:6378)\n    at Immediate._onImmediate (c:\\Users\\E495\\.vscode\\extensions\\uqbar.wollok-lsp-ide-0.5.4\\out\\server\\src\\server.js:7:6142)\n    at process.processImmediate (node:internal/timers:484:21)","timestamp":"2026-05-05T17:46:08.440Z"}
{"level":"error","message":"✘ Completions for node Send ([29:16, 29:74] - mensajeros.wlk) failed: Error: [Send]{a6cd0b} at mensajeros.wlk:29 exhausted all cases without a match [Send]{a6cd0b} at mensajeros.wlk:29 exhausted all cases without a match","stack":"Error: [Send]{a6cd0b} at mensajeros.wlk:29 exhausted all cases without a match\n    at c:\\Users\\E495\\.vscode\\extensions\\uqbar.wollok-lsp-ide-0.5.4\\out\\server\\src\\server.js:38:6142\n    at L2 (c:\\Users\\E495\\.vscode\\extensions\\uqbar.wollok-lsp-ide-0.5.4\\out\\server\\src\\server.js:2389:42)\n    at Jh (c:\\Users\\E495\\.vscode\\extensions\\uqbar.wollok-lsp-ide-0.5.4\\out\\server\\src\\server.js:2389:1092)\n    at L2 (c:\\Users\\E495\\.vscode\\extensions\\uqbar.wollok-lsp-ide-0.5.4\\out\\server\\src\\server.js:2389:544)\n    at c:\\Users\\E495\\.vscode\\extensions\\uqbar.wollok-lsp-ide-0.5.4\\out\\server\\src\\server.js:2389:2988\n    at c:\\Users\\E495\\.vscode\\extensions\\uqbar.wollok-lsp-ide-0.5.4\\out\\server\\src\\server.js:2398:8440\n    at c:\\Users\\E495\\.vscode\\extensions\\uqbar.wollok-lsp-ide-0.5.4\\out\\server\\src\\server.js:37:74872\n    at Ke (c:\\Users\\E495\\.vscode\\extensions\\uqbar.wollok-lsp-ide-0.5.4\\out\\server\\src\\server.js:7:8527)\n    at Lt (c:\\Users\\E495\\.vscode\\extensions\\uqbar.wollok-lsp-ide-0.5.4\\out\\server\\src\\server.js:7:6189)\n    at ct (c:\\Users\\E495\\.vscode\\extensions\\uqbar.wollok-lsp-ide-0.5.4\\out\\server\\src\\server.js:7:6378)","timestamp":"2026-05-05T17:46:08.441Z"}
{"level":"error","message":"✘ Completions for node Return ([29:9, 29:74] - mensajeros.wlk) failed: Error: [Return]{500ede} at mensajeros.wlk:29 exhausted all cases without a match [Return]{500ede} at mensajeros.wlk:29 exhausted all cases without a match","stack":"Error: [Return]{500ede} at mensajeros.wlk:29 exhausted all cases without a match\n    at c:\\Users\\E495\\.vscode\\extensions\\uqbar.wollok-lsp-ide-0.5.4\\out\\server\\src\\server.js:38:6142\n    at L2 (c:\\Users\\E495\\.vscode\\extensions\\uqbar.wollok-lsp-ide-0.5.4\\out\\server\\src\\server.js:2389:42)\n    at Jh (c:\\Users\\E495\\.vscode\\extensions\\uqbar.wollok-lsp-ide-0.5.4\\out\\server\\src\\server.js:2389:1092)\n    at L2 (c:\\Users\\E495\\.vscode\\extensions\\uqbar.wollok-lsp-ide-0.5.4\\out\\server\\src\\server.js:2389:544)\n    at Jh (c:\\Users\\E495\\.vscode\\extensions\\uqbar.wollok-lsp-ide-0.5.4\\out\\server\\src\\server.js:2389:1092)\n    at L2 (c:\\Users\\E495\\.vscode\\extensions\\uqbar.wollok-lsp-ide-0.5.4\\out\\server\\src\\server.js:2389:544)\n    at c:\\Users\\E495\\.vscode\\extensions\\uqbar.wollok-lsp-ide-0.5.4\\out\\server\\src\\server.js:2389:2988\n    at c:\\Users\\E495\\.vscode\\extensions\\uqbar.wollok-lsp-ide-0.5.4\\out\\server\\src\\server.js:2398:8440\n    at c:\\Users\\E495\\.vscode\\extensions\\uqbar.wollok-lsp-ide-0.5.4\\out\\server\\src\\server.js:37:74872\n    at Ke (c:\\Users\\E495\\.vscode\\extensions\\uqbar.wollok-lsp-ide-0.5.4\\out\\server\\src\\server.js:7:8527)","timestamp":"2026-05-05T17:46:08.441Z"}
{"level":"info","message":"⌛ Validating mensajeros.wlk","timeElapsed":108,"timestamp":"2026-05-05T17:46:08.553Z"}
{"level":"info","message":"⌛ Building environment","timeElapsed":150,"timestamp":"2026-05-05T17:46:08.707Z"}
{"level":"info","message":"⌛ Building environment","timeElapsed":124,"timestamp":"2026-05-05T17:46:08.832Z"}
{"level":"info","message":"⌛ Validating mensajeros.wlk","timeElapsed":117,"timestamp":"2026-05-05T17:46:08.949Z"}
{"level":"info","message":"⌛ Building environment","timeElapsed":163,"timestamp":"2026-05-05T17:46:09.112Z"}
{"level":"info","message":"⌛ Validating mensajeros.wlk","timeElapsed":114,"timestamp":"2026-05-05T17:46:09.226Z"}
{"level":"info","message":"⌛ Validating mensajeros.wlk","timeElapsed":110,"timestamp":"2026-05-05T17:46:09.462Z"}
{"level":"info","message":"⌛ Validating mensajeros.wlk","timeElapsed":101,"timestamp":"2026-05-05T17:46:09.564Z"}
{"level":"info","message":"⌛ Validating testMensajeros.wlk","timeElapsed":113,"timestamp":"2026-05-05T17:46:15.543Z"}
{"level":"info","message":"⌛ Validating testMensajeros.wlk","timeElapsed":106,"timestamp":"2026-05-05T17:46:16.091Z"}
{"level":"info","message":"⌛ Validating testMensajeros.wlk","timeElapsed":110,"timestamp":"2026-05-05T17:46:16.874Z"}
{"level":"info","message":"⌛ Validating testMensajeros.wlk","timeElapsed":124,"timestamp":"2026-05-05T17:46:17.330Z"}
{"level":"info","message":"⌛ Validating testMensajeros.wlk","timeElapsed":112,"timestamp":"2026-05-05T17:46:17.520Z"}
{"level":"info","message":"⌛ Validating testMensajeros.wlk","timeElapsed":104,"timestamp":"2026-05-05T17:46:17.699Z"}
{"level":"info","message":"⌛ Validating testMensajeros.wlk","timeElapsed":107,"timestamp":"2026-05-05T17:46:18.692Z"}
{"level":"error","message":"✘ Completions for node Send ([11:5, 11:29] - testMensajeros.wlk) failed: Error: [Send]{d593e6} at testMensajeros.wlk:11 exhausted all cases without a match [Send]{d593e6} at testMensajeros.wlk:11 exhausted all cases without a match","stack":"Error: [Send]{d593e6} at testMensajeros.wlk:11 exhausted all cases without a match\n    at c:\\Users\\E495\\.vscode\\extensions\\uqbar.wollok-lsp-ide-0.5.4\\out\\server\\src\\server.js:38:6142\n    at L2 (c:\\Users\\E495\\.vscode\\extensions\\uqbar.wollok-lsp-ide-0.5.4\\out\\server\\src\\server.js:2389:42)\n    at Jh (c:\\Users\\E495\\.vscode\\extensions\\uqbar.wollok-lsp-ide-0.5.4\\out\\server\\src\\server.js:2389:1092)\n    at M5n (c:\\Users\\E495\\.vscode\\extensions\\uqbar.wollok-lsp-ide-0.5.4\\out\\server\\src\\server.js:2389:1248)\n    at c:\\Users\\E495\\.vscode\\extensions\\uqbar.wollok-lsp-ide-0.5.4\\out\\server\\src\\server.js:38:6131\n    at L2 (c:\\Users\\E495\\.vscode\\extensions\\uqbar.wollok-lsp-ide-0.5.4\\out\\server\\src\\server.js:2389:42)\n    at c:\\Users\\E495\\.vscode\\extensions\\uqbar.wollok-lsp-ide-0.5.4\\out\\server\\src\\server.js:2389:2988\n    at c:\\Users\\E495\\.vscode\\extensions\\uqbar.wollok-lsp-ide-0.5.4\\out\\server\\src\\server.js:2398:8440\n    at c:\\Users\\E495\\.vscode\\extensions\\uqbar.wollok-lsp-ide-0.5.4\\out\\server\\src\\server.js:37:74872\n    at Ke (c:\\Users\\E495\\.vscode\\extensions\\uqbar.wollok-lsp-ide-0.5.4\\out\\server\\src\\server.js:7:8527)","timestamp":"2026-05-05T17:46:26.912Z"}
{"level":"info","message":"⌛ Validating testMensajeros.wlk","timeElapsed":153,"timestamp":"2026-05-05T17:46:27.494Z"}
{"level":"error","message":"✘ Completions for node Send ([11:5, 11:31] - testMensajeros.wlk) failed: Error: [Send]{d54b78} at testMensajeros.wlk:11 exhausted all cases without a match [Send]{d54b78} at testMensajeros.wlk:11 exhausted all cases without a match","stack":"Error: [Send]{d54b78} at testMensajeros.wlk:11 exhausted all cases without a match\n    at c:\\Users\\E495\\.vscode\\extensions\\uqbar.wollok-lsp-ide-0.5.4\\out\\server\\src\\server.js:38:6142\n    at L2 (c:\\Users\\E495\\.vscode\\extensions\\uqbar.wollok-lsp-ide-0.5.4\\out\\server\\src\\server.js:2389:42)\n    at Jh (c:\\Users\\E495\\.vscode\\extensions\\uqbar.wollok-lsp-ide-0.5.4\\out\\server\\src\\server.js:2389:1092)\n    at M5n (c:\\Users\\E495\\.vscode\\extensions\\uqbar.wollok-lsp-ide-0.5.4\\out\\server\\src\\server.js:2389:1248)\n    at c:\\Users\\E495\\.vscode\\extensions\\uqbar.wollok-lsp-ide-0.5.4\\out\\server\\src\\server.js:38:6131\n    at L2 (c:\\Users\\E495\\.vscode\\extensions\\uqbar.wollok-lsp-ide-0.5.4\\out\\server\\src\\server.js:2389:42)\n    at c:\\Users\\E495\\.vscode\\extensions\\uqbar.wollok-lsp-ide-0.5.4\\out\\server\\src\\server.js:2389:2988\n    at c:\\Users\\E495\\.vscode\\extensions\\uqbar.wollok-lsp-ide-0.5.4\\out\\server\\src\\server.js:2398:8440\n    at c:\\Users\\E495\\.vscode\\extensions\\uqbar.wollok-lsp-ide-0.5.4\\out\\server\\src\\server.js:37:74872\n    at Ke (c:\\Users\\E495\\.vscode\\extensions\\uqbar.wollok-lsp-ide-0.5.4\\out\\server\\src\\server.js:7:8527)","timestamp":"2026-05-05T17:46:27.620Z"}
{"level":"info","message":"⌛ Validating testMensajeros.wlk","timeElapsed":117,"timestamp":"2026-05-05T17:46:27.741Z"}
{"level":"info","message":"⌛ Validating testMensajeros.wlk","timeElapsed":125,"timestamp":"2026-05-05T17:46:27.943Z"}
{"level":"info","message":"⌛ Validating testMensajeros.wlk","timeElapsed":107,"timestamp":"2026-05-05T17:46:30.281Z"}
{"level":"info","message":"⌛ Validating testMensajeros.wlk","timeElapsed":131,"timestamp":"2026-05-05T17:46:30.612Z"}
{"level":"info","message":"⌛ Validating testMensajeros.wlk","timeElapsed":111,"timestamp":"2026-05-05T17:46:30.905Z"}
{"level":"info","message":"⌛ Validating testMensajeros.wlk","timeElapsed":144,"timestamp":"2026-05-05T17:46:31.164Z"}
{"level":"info","message":"⌛ Building environment","timeElapsed":144,"timestamp":"2026-05-05T17:46:31.825Z"}
{"level":"error","message":"✘ Completions for node Send ([11:5, 11:27] - testMensajeros.wlk) failed: Error: [Send]{3065bc} at testMensajeros.wlk:11 exhausted all cases without a match [Send]{3065bc} at testMensajeros.wlk:11 exhausted all cases without a match","stack":"Error: [Send]{3065bc} at testMensajeros.wlk:11 exhausted all cases without a match\n    at c:\\Users\\E495\\.vscode\\extensions\\uqbar.wollok-lsp-ide-0.5.4\\out\\server\\src\\server.js:38:6142\n    at L2 (c:\\Users\\E495\\.vscode\\extensions\\uqbar.wollok-lsp-ide-0.5.4\\out\\server\\src\\server.js:2389:42)\n    at Jh (c:\\Users\\E495\\.vscode\\extensions\\uqbar.wollok-lsp-ide-0.5.4\\out\\server\\src\\server.js:2389:1092)\n    at M5n (c:\\Users\\E495\\.vscode\\extensions\\uqbar.wollok-lsp-ide-0.5.4\\out\\server\\src\\server.js:2389:1248)\n    at c:\\Users\\E495\\.vscode\\extensions\\uqbar.wollok-lsp-ide-0.5.4\\out\\server\\src\\server.js:38:6131\n    at L2 (c:\\Users\\E495\\.vscode\\extensions\\uqbar.wollok-lsp-ide-0.5.4\\out\\server\\src\\server.js:2389:42)\n    at c:\\Users\\E495\\.vscode\\extensions\\uqbar.wollok-lsp-ide-0.5.4\\out\\server\\src\\server.js:2389:2988\n    at c:\\Users\\E495\\.vscode\\extensions\\uqbar.wollok-lsp-ide-0.5.4\\out\\server\\src\\server.js:2398:8440\n    at c:\\Users\\E495\\.vscode\\extensions\\uqbar.wollok-lsp-ide-0.5.4\\out\\server\\src\\server.js:37:74872\n    at Ke (c:\\Users\\E495\\.vscode\\extensions\\uqbar.wollok-lsp-ide-0.5.4\\out\\server\\src\\server.js:7:8527)","timestamp":"2026-05-05T17:46:31.864Z"}
{"level":"info","message":"⌛ Validating testMensajeros.wlk","timeElapsed":110,"timestamp":"2026-05-05T17:46:32.053Z"}
{"level":"info","message":"⌛ Validating testMensajeros.wlk","timeElapsed":112,"timestamp":"2026-05-05T17:46:32.933Z"}
{"level":"info","message":"⌛ Validating testMensajeros.wlk","timeElapsed":128,"timestamp":"2026-05-05T17:46:33.387Z"}
{"level":"error","message":"✘ Completions for node Send ([11:5, 11:36] - testMensajeros.wlk) failed: Error: [Send]{8ad168} at testMensajeros.wlk:11 exhausted all cases without a match [Send]{8ad168} at testMensajeros.wlk:11 exhausted all cases without a match","stack":"Error: [Send]{8ad168} at testMensajeros.wlk:11 exhausted all cases without a match\n    at c:\\Users\\E495\\.vscode\\extensions\\uqbar.wollok-lsp-ide-0.5.4\\out\\server\\src\\server.js:38:6142\n    at L2 (c:\\Users\\E495\\.vscode\\extensions\\uqbar.wollok-lsp-ide-0.5.4\\out\\server\\src\\server.js:2389:42)\n    at Jh (c:\\Users\\E495\\.vscode\\extensions\\uqbar.wollok-lsp-ide-0.5.4\\out\\server\\src\\server.js:2389:1092)\n    at M5n (c:\\Users\\E495\\.vscode\\extensions\\uqbar.wollok-lsp-ide-0.5.4\\out\\server\\src\\server.js:2389:1248)\n    at c:\\Users\\E495\\.vscode\\extensions\\uqbar.wollok-lsp-ide-0.5.4\\out\\server\\src\\server.js:38:6131\n    at L2 (c:\\Users\\E495\\.vscode\\extensions\\uqbar.wollok-lsp-ide-0.5.4\\out\\server\\src\\server.js:2389:42)\n    at c:\\Users\\E495\\.vscode\\extensions\\uqbar.wollok-lsp-ide-0.5.4\\out\\server\\src\\server.js:2389:2988\n    at c:\\Users\\E495\\.vscode\\extensions\\uqbar.wollok-lsp-ide-0.5.4\\out\\server\\src\\server.js:2398:8440\n    at c:\\Users\\E495\\.vscode\\extensions\\uqbar.wollok-lsp-ide-0.5.4\\out\\server\\src\\server.js:37:74872\n    at Ke (c:\\Users\\E495\\.vscode\\extensions\\uqbar.wollok-lsp-ide-0.5.4\\out\\server\\src\\server.js:7:8527)","timestamp":"2026-05-05T17:46:36.279Z"}
{"level":"info","message":"⌛ Validating testMensajeros.wlk","timeElapsed":112,"timestamp":"2026-05-05T17:46:36.396Z"}
{"level":"info","message":"⌛ Validating testMensajeros.wlk","timeElapsed":119,"timestamp":"2026-05-05T17:46:37.259Z"}
{"level":"info","message":"⌛ Validating testMensajeros.wlk","timeElapsed":108,"timestamp":"2026-05-05T17:46:37.497Z"}
{"level":"info","message":"⌛ Building environment","timeElapsed":112,"timestamp":"2026-05-05T17:46:37.611Z"}
{"level":"info","message":"⌛ Validating testMensajeros.wlk","timeElapsed":118,"timestamp":"2026-05-05T17:46:37.730Z"}
{"level":"error","message":"✘ Completions for node Send ([11:5, 11:40] - testMensajeros.wlk) failed: Error: [Send]{0151fa} at testMensajeros.wlk:11 exhausted all cases without a match [Send]{0151fa} at testMensajeros.wlk:11 exhausted all cases without a match","stack":"Error: [Send]{0151fa} at testMensajeros.wlk:11 exhausted all cases without a match\n    at c:\\Users\\E495\\.vscode\\extensions\\uqbar.wollok-lsp-ide-0.5.4\\out\\server\\src\\server.js:38:6142\n    at L2 (c:\\Users\\E495\\.vscode\\extensions\\uqbar.wollok-lsp-ide-0.5.4\\out\\server\\src\\server.js:2389:42)\n    at Jh (c:\\Users\\E495\\.vscode\\extensions\\uqbar.wollok-lsp-ide-0.5.4\\out\\server\\src\\server.js:2389:1092)\n    at M5n (c:\\Users\\E495\\.vscode\\extensions\\uqbar.wollok-lsp-ide-0.5.4\\out\\server\\src\\server.js:2389:1248)\n    at c:\\Users\\E495\\.vscode\\extensions\\uqbar.wollok-lsp-ide-0.5.4\\out\\server\\src\\server.js:38:6131\n    at L2 (c:\\Users\\E495\\.vscode\\extensions\\uqbar.wollok-lsp-ide-0.5.4\\out\\server\\src\\server.js:2389:42)\n    at c:\\Users\\E495\\.vscode\\extensions\\uqbar.wollok-lsp-ide-0.5.4\\out\\server\\src\\server.js:2389:2988\n    at c:\\Users\\E495\\.vscode\\extensions\\uqbar.wollok-lsp-ide-0.5.4\\out\\server\\src\\server.js:2398:8440\n    at c:\\Users\\E495\\.vscode\\extensions\\uqbar.wollok-lsp-ide-0.5.4\\out\\server\\src\\server.js:37:74872\n    at Ke (c:\\Users\\E495\\.vscode\\extensions\\uqbar.wollok-lsp-ide-0.5.4\\out\\server\\src\\server.js:7:8527)","timestamp":"2026-05-05T17:46:45.470Z"}
{"level":"info","message":"⌛ Validating testMensajeros.wlk","timeElapsed":109,"timestamp":"2026-05-05T17:46:45.583Z"}
{"level":"error","message":"✘ Completions for node Send ([11:5, 11:41] - testMensajeros.wlk) failed: Error: [Send]{69bfa0} at testMensajeros.wlk:11 exhausted all cases without a match [Send]{69bfa0} at testMensajeros.wlk:11 exhausted all cases without a match","stack":"Error: [Send]{69bfa0} at testMensajeros.wlk:11 exhausted all cases without a match\n    at c:\\Users\\E495\\.vscode\\extensions\\uqbar.wollok-lsp-ide-0.5.4\\out\\server\\src\\server.js:38:6142\n    at L2 (c:\\Users\\E495\\.vscode\\extensions\\uqbar.wollok-lsp-ide-0.5.4\\out\\server\\src\\server.js:2389:42)\n    at Jh (c:\\Users\\E495\\.vscode\\extensions\\uqbar.wollok-lsp-ide-0.5.4\\out\\server\\src\\server.js:2389:1092)\n    at M5n (c:\\Users\\E495\\.vscode\\extensions\\uqbar.wollok-lsp-ide-0.5.4\\out\\server\\src\\server.js:2389:1248)\n    at c:\\Users\\E495\\.vscode\\extensions\\uqbar.wollok-lsp-ide-0.5.4\\out\\server\\src\\server.js:38:6131\n    at L2 (c:\\Users\\E495\\.vscode\\extensions\\uqbar.wollok-lsp-ide-0.5.4\\out\\server\\src\\server.js:2389:42)\n    at c:\\Users\\E495\\.vscode\\extensions\\uqbar.wollok-lsp-ide-0.5.4\\out\\server\\src\\server.js:2389:2988\n    at c:\\Users\\E495\\.vscode\\extensions\\uqbar.wollok-lsp-ide-0.5.4\\out\\server\\src\\server.js:2398:8440\n    at c:\\Users\\E495\\.vscode\\extensions\\uqbar.wollok-lsp-ide-0.5.4\\out\\server\\src\\server.js:37:74872\n    at Ke (c:\\Users\\E495\\.vscode\\extensions\\uqbar.wollok-lsp-ide-0.5.4\\out\\server\\src\\server.js:7:8527)","timestamp":"2026-05-05T17:46:45.784Z"}
{"level":"info","message":"⌛ Validating testMensajeros.wlk","timeElapsed":103,"timestamp":"2026-05-05T17:46:45.897Z"}
{"level":"info","message":"⌛ Validating testMensajeros.wlk","timeElapsed":110,"timestamp":"2026-05-05T17:46:46.873Z"}
{"level":"error","message":"✘ Completions for node Send ([11:5, 11:40] - testMensajeros.wlk) failed: Error: [Send]{0372a9} at testMensajeros.wlk:11 exhausted all cases without a match [Send]{0372a9} at testMensajeros.wlk:11 exhausted all cases without a match","stack":"Error: [Send]{0372a9} at testMensajeros.wlk:11 exhausted all cases without a match\n    at c:\\Users\\E495\\.vscode\\extensions\\uqbar.wollok-lsp-ide-0.5.4\\out\\server\\src\\server.js:38:6142\n    at L2 (c:\\Users\\E495\\.vscode\\extensions\\uqbar.wollok-lsp-ide-0.5.4\\out\\server\\src\\server.js:2389:42)\n    at Jh (c:\\Users\\E495\\.vscode\\extensions\\uqbar.wollok-lsp-ide-0.5.4\\out\\server\\src\\server.js:2389:1092)\n    at M5n (c:\\Users\\E495\\.vscode\\extensions\\uqbar.wollok-lsp-ide-0.5.4\\out\\server\\src\\server.js:2389:1248)\n    at c:\\Users\\E495\\.vscode\\extensions\\uqbar.wollok-lsp-ide-0.5.4\\out\\server\\src\\server.js:38:6131\n    at L2 (c:\\Users\\E495\\.vscode\\extensions\\uqbar.wollok-lsp-ide-0.5.4\\out\\server\\src\\server.js:2389:42)\n    at c:\\Users\\E495\\.vscode\\extensions\\uqbar.wollok-lsp-ide-0.5.4\\out\\server\\src\\server.js:2389:2988\n    at c:\\Users\\E495\\.vscode\\extensions\\uqbar.wollok-lsp-ide-0.5.4\\out\\server\\src\\server.js:2398:8440\n    at c:\\Users\\E495\\.vscode\\extensions\\uqbar.wollok-lsp-ide-0.5.4\\out\\server\\src\\server.js:37:74872\n    at Ke (c:\\Users\\E495\\.vscode\\extensions\\uqbar.wollok-lsp-ide-0.5.4\\out\\server\\src\\server.js:7:8527)","timestamp":"2026-05-05T17:46:47.215Z"}
{"level":"info","message":"⌛ Validating testMensajeros.wlk","timeElapsed":102,"timestamp":"2026-05-05T17:46:47.947Z"}
{"level":"error","message":"✘ Completions for node Send ([11:5, 11:42] - testMensajeros.wlk) failed: Error: [Send]{4ea8ab} at testMensajeros.wlk:11 exhausted all cases without a match [Send]{4ea8ab} at testMensajeros.wlk:11 exhausted all cases without a match","stack":"Error: [Send]{4ea8ab} at testMensajeros.wlk:11 exhausted all cases without a match\n    at c:\\Users\\E495\\.vscode\\extensions\\uqbar.wollok-lsp-ide-0.5.4\\out\\server\\src\\server.js:38:6142\n    at L2 (c:\\Users\\E495\\.vscode\\extensions\\uqbar.wollok-lsp-ide-0.5.4\\out\\server\\src\\server.js:2389:42)\n    at Jh (c:\\Users\\E495\\.vscode\\extensions\\uqbar.wollok-lsp-ide-0.5.4\\out\\server\\src\\server.js:2389:1092)\n    at M5n (c:\\Users\\E495\\.vscode\\extensions\\uqbar.wollok-lsp-ide-0.5.4\\out\\server\\src\\server.js:2389:1248)\n    at c:\\Users\\E495\\.vscode\\extensions\\uqbar.wollok-lsp-ide-0.5.4\\out\\server\\src\\server.js:38:6131\n    at L2 (c:\\Users\\E495\\.vscode\\extensions\\uqbar.wollok-lsp-ide-0.5.4\\out\\server\\src\\server.js:2389:42)\n    at c:\\Users\\E495\\.vscode\\extensions\\uqbar.wollok-lsp-ide-0.5.4\\out\\server\\src\\server.js:2389:2988\n    at c:\\Users\\E495\\.vscode\\extensions\\uqbar.wollok-lsp-ide-0.5.4\\out\\server\\src\\server.js:2398:8440\n    at c:\\Users\\E495\\.vscode\\extensions\\uqbar.wollok-lsp-ide-0.5.4\\out\\server\\src\\server.js:37:74872\n    at Ke (c:\\Users\\E495\\.vscode\\extensions\\uqbar.wollok-lsp-ide-0.5.4\\out\\server\\src\\server.js:7:8527)","timestamp":"2026-05-05T17:46:48.213Z"}
{"level":"info","message":"⌛ Validating testMensajeros.wlk","timeElapsed":127,"timestamp":"2026-05-05T17:46:48.344Z"}
{"level":"error","message":"✘ Completions for node Send ([11:5, 11:43] - testMensajeros.wlk) failed: Error: [Send]{e11dba} at testMensajeros.wlk:11 exhausted all cases without a match [Send]{e11dba} at testMensajeros.wlk:11 exhausted all cases without a match","stack":"Error: [Send]{e11dba} at testMensajeros.wlk:11 exhausted all cases without a match\n    at c:\\Users\\E495\\.vscode\\extensions\\uqbar.wollok-lsp-ide-0.5.4\\out\\server\\src\\server.js:38:6142\n    at L2 (c:\\Users\\E495\\.vscode\\extensions\\uqbar.wollok-lsp-ide-0.5.4\\out\\server\\src\\server.js:2389:42)\n    at Jh (c:\\Users\\E495\\.vscode\\extensions\\uqbar.wollok-lsp-ide-0.5.4\\out\\server\\src\\server.js:2389:1092)\n    at M5n (c:\\Users\\E495\\.vscode\\extensions\\uqbar.wollok-lsp-ide-0.5.4\\out\\server\\src\\server.js:2389:1248)\n    at c:\\Users\\E495\\.vscode\\extensions\\uqbar.wollok-lsp-ide-0.5.4\\out\\server\\src\\server.js:38:6131\n    at L2 (c:\\Users\\E495\\.vscode\\extensions\\uqbar.wollok-lsp-ide-0.5.4\\out\\server\\src\\server.js:2389:42)\n    at c:\\Users\\E495\\.vscode\\extensions\\uqbar.wollok-lsp-ide-0.5.4\\out\\server\\src\\server.js:2389:2988\n    at c:\\Users\\E495\\.vscode\\extensions\\uqbar.wollok-lsp-ide-0.5.4\\out\\server\\src\\server.js:2398:8440\n    at c:\\Users\\E495\\.vscode\\extensions\\uqbar.wollok-lsp-ide-0.5.4\\out\\server\\src\\server.js:37:74872\n    at Ke (c:\\Users\\E495\\.vscode\\extensions\\uqbar.wollok-lsp-ide-0.5.4\\out\\server\\src\\server.js:7:8527)","timestamp":"2026-05-05T17:46:48.466Z"}
{"level":"info","message":"⌛ Validating testMensajeros.wlk","timeElapsed":116,"timestamp":"2026-05-05T17:46:48.585Z"}
{"level":"info","message":"⌛ Validating testMensajeros.wlk","timeElapsed":151,"timestamp":"2026-05-05T17:46:48.818Z"}
{"level":"error","message":"✘ Completions for node Send ([11:5, 11:45] - testMensajeros.wlk) failed: Error: [Send]{001673} at testMensajeros.wlk:11 exhausted all cases without a match [Send]{001673} at testMensajeros.wlk:11 exhausted all cases without a match","stack":"Error: [Send]{001673} at testMensajeros.wlk:11 exhausted all cases without a match\n    at c:\\Users\\E495\\.vscode\\extensions\\uqbar.wollok-lsp-ide-0.5.4\\out\\server\\src\\server.js:38:6142\n    at L2 (c:\\Users\\E495\\.vscode\\extensions\\uqbar.wollok-lsp-ide-0.5.4\\out\\server\\src\\server.js:2389:42)\n    at Jh (c:\\Users\\E495\\.vscode\\extensions\\uqbar.wollok-lsp-ide-0.5.4\\out\\server\\src\\server.js:2389:1092)\n    at M5n (c:\\Users\\E495\\.vscode\\extensions\\uqbar.wollok-lsp-ide-0.5.4\\out\\server\\src\\server.js:2389:1248)\n    at c:\\Users\\E495\\.vscode\\extensions\\uqbar.wollok-lsp-ide-0.5.4\\out\\server\\src\\server.js:38:6131\n    at L2 (c:\\Users\\E495\\.vscode\\extensions\\uqbar.wollok-lsp-ide-0.5.4\\out\\server\\src\\server.js:2389:42)\n    at c:\\Users\\E495\\.vscode\\extensions\\uqbar.wollok-lsp-ide-0.5.4\\out\\server\\src\\server.js:2389:2988\n    at c:\\Users\\E495\\.vscode\\extensions\\uqbar.wollok-lsp-ide-0.5.4\\out\\server\\src\\server.js:2398:8440\n    at c:\\Users\\E495\\.vscode\\extensions\\uqbar.wollok-lsp-ide-0.5.4\\out\\server\\src\\server.js:37:74872\n    at Ke (c:\\Users\\E495\\.vscode\\extensions\\uqbar.wollok-lsp-ide-0.5.4\\out\\server\\src\\server.js:7:8527)","timestamp":"2026-05-05T17:46:51.159Z"}
{"level":"info","message":"⌛ Building environment","timeElapsed":107,"timestamp":"2026-05-05T17:46:51.365Z"}
{"level":"error","message":"✘ Completions for node Send ([11:5, 11:46] - testMensajeros.wlk) failed: Error: [Send]{be361e} at testMensajeros.wlk:11 exhausted all cases without a match [Send]{be361e} at testMensajeros.wlk:11 exhausted all cases without a match","stack":"Error: [Send]{be361e} at testMensajeros.wlk:11 exhausted all cases without a match\n    at c:\\Users\\E495\\.vscode\\extensions\\uqbar.wollok-lsp-ide-0.5.4\\out\\server\\src\\server.js:38:6142\n    at L2 (c:\\Users\\E495\\.vscode\\extensions\\uqbar.wollok-lsp-ide-0.5.4\\out\\server\\src\\server.js:2389:42)\n    at Jh (c:\\Users\\E495\\.vscode\\extensions\\uqbar.wollok-lsp-ide-0.5.4\\out\\server\\src\\server.js:2389:1092)\n    at M5n (c:\\Users\\E495\\.vscode\\extensions\\uqbar.wollok-lsp-ide-0.5.4\\out\\server\\src\\server.js:2389:1248)\n    at c:\\Users\\E495\\.vscode\\extensions\\uqbar.wollok-lsp-ide-0.5.4\\out\\server\\src\\server.js:38:6131\n    at L2 (c:\\Users\\E495\\.vscode\\extensions\\uqbar.wollok-lsp-ide-0.5.4\\out\\server\\src\\server.js:2389:42)\n    at c:\\Users\\E495\\.vscode\\extensions\\uqbar.wollok-lsp-ide-0.5.4\\out\\server\\src\\server.js:2389:2988\n    at c:\\Users\\E495\\.vscode\\extensions\\uqbar.wollok-lsp-ide-0.5.4\\out\\server\\src\\server.js:2398:8440\n    at c:\\Users\\E495\\.vscode\\extensions\\uqbar.wollok-lsp-ide-0.5.4\\out\\server\\src\\server.js:37:74872\n    at Ke (c:\\Users\\E495\\.vscode\\extensions\\uqbar.wollok-lsp-ide-0.5.4\\out\\server\\src\\server.js:7:8527)","timestamp":"2026-05-05T17:46:51.403Z"}
{"level":"info","message":"⌛ Validating testMensajeros.wlk","timeElapsed":113,"timestamp":"2026-05-05T17:46:51.519Z"}
{"level":"error","message":"✘ Completions for node Send ([11:5, 11:47] - testMensajeros.wlk) failed: Error: [Send]{9ec3fe} at testMensajeros.wlk:11 exhausted all cases without a match [Send]{9ec3fe} at testMensajeros.wlk:11 exhausted all cases without a match","stack":"Error: [Send]{9ec3fe} at testMensajeros.wlk:11 exhausted all cases without a match\n    at c:\\Users\\E495\\.vscode\\extensions\\uqbar.wollok-lsp-ide-0.5.4\\out\\server\\src\\server.js:38:6142\n    at L2 (c:\\Users\\E495\\.vscode\\extensions\\uqbar.wollok-lsp-ide-0.5.4\\out\\server\\src\\server.js:2389:42)\n    at Jh (c:\\Users\\E495\\.vscode\\extensions\\uqbar.wollok-lsp-ide-0.5.4\\out\\server\\src\\server.js:2389:1092)\n    at M5n (c:\\Users\\E495\\.vscode\\extensions\\uqbar.wollok-lsp-ide-0.5.4\\out\\server\\src\\server.js:2389:1248)\n    at c:\\Users\\E495\\.vscode\\extensions\\uqbar.wollok-lsp-ide-0.5.4\\out\\server\\src\\server.js:38:6131\n    at L2 (c:\\Users\\E495\\.vscode\\extensions\\uqbar.wollok-lsp-ide-0.5.4\\out\\server\\src\\server.js:2389:42)\n    at c:\\Users\\E495\\.vscode\\extensions\\uqbar.wollok-lsp-ide-0.5.4\\out\\server\\src\\server.js:2389:2988\n    at c:\\Users\\E495\\.vscode\\extensions\\uqbar.wollok-lsp-ide-0.5.4\\out\\server\\src\\server.js:2398:8440\n    at c:\\Users\\E495\\.vscode\\extensions\\uqbar.wollok-lsp-ide-0.5.4\\out\\server\\src\\server.js:37:74872\n    at Ke (c:\\Users\\E495\\.vscode\\extensions\\uqbar.wollok-lsp-ide-0.5.4\\out\\server\\src\\server.js:7:8527)","timestamp":"2026-05-05T17:46:51.626Z"}
{"level":"info","message":"⌛ Validating testMensajeros.wlk","timeElapsed":109,"timestamp":"2026-05-05T17:46:51.737Z"}
{"level":"error","message":"✘ Completions for node Send ([11:5, 11:48] - testMensajeros.wlk) failed: Error: [Send]{c20b8d} at testMensajeros.wlk:11 exhausted all cases without a match [Send]{c20b8d} at testMensajeros.wlk:11 exhausted all cases without a match","stack":"Error: [Send]{c20b8d} at testMensajeros.wlk:11 exhausted all cases without a match\n    at c:\\Users\\E495\\.vscode\\extensions\\uqbar.wollok-lsp-ide-0.5.4\\out\\server\\src\\server.js:38:6142\n    at L2 (c:\\Users\\E495\\.vscode\\extensions\\uqbar.wollok-lsp-ide-0.5.4\\out\\server\\src\\server.js:2389:42)\n    at Jh (c:\\Users\\E495\\.vscode\\extensions\\uqbar.wollok-lsp-ide-0.5.4\\out\\server\\src\\server.js:2389:1092)\n    at M5n (c:\\Users\\E495\\.vscode\\extensions\\uqbar.wollok-lsp-ide-0.5.4\\out\\server\\src\\server.js:2389:1248)\n    at c:\\Users\\E495\\.vscode\\extensions\\uqbar.wollok-lsp-ide-0.5.4\\out\\server\\src\\server.js:38:6131\n    at L2 (c:\\Users\\E495\\.vscode\\extensions\\uqbar.wollok-lsp-ide-0.5.4\\out\\server\\src\\server.js:2389:42)\n    at c:\\Users\\E495\\.vscode\\extensions\\uqbar.wollok-lsp-ide-0.5.4\\out\\server\\src\\server.js:2389:2988\n    at c:\\Users\\E495\\.vscode\\extensions\\uqbar.wollok-lsp-ide-0.5.4\\out\\server\\src\\server.js:2398:8440\n    at c:\\Users\\E495\\.vscode\\extensions\\uqbar.wollok-lsp-ide-0.5.4\\out\\server\\src\\server.js:37:74872\n    at Ke (c:\\Users\\E495\\.vscode\\extensions\\uqbar.wollok-lsp-ide-0.5.4\\out\\server\\src\\server.js:7:8527)","timestamp":"2026-05-05T17:46:54.370Z"}
{"level":"error","message":"✘ Completions for node Send ([11:5, 11:49] - testMensajeros.wlk) failed: Error: [Send]{ca81a1} at testMensajeros.wlk:11 exhausted all cases without a match [Send]{ca81a1} at testMensajeros.wlk:11 exhausted all cases without a match","stack":"Error: [Send]{ca81a1} at testMensajeros.wlk:11 exhausted all cases without a match\n    at c:\\Users\\E495\\.vscode\\extensions\\uqbar.wollok-lsp-ide-0.5.4\\out\\server\\src\\server.js:38:6142\n    at L2 (c:\\Users\\E495\\.vscode\\extensions\\uqbar.wollok-lsp-ide-0.5.4\\out\\server\\src\\server.js:2389:42)\n    at Jh (c:\\Users\\E495\\.vscode\\extensions\\uqbar.wollok-lsp-ide-0.5.4\\out\\server\\src\\server.js:2389:1092)\n    at M5n (c:\\Users\\E495\\.vscode\\extensions\\uqbar.wollok-lsp-ide-0.5.4\\out\\server\\src\\server.js:2389:1248)\n    at c:\\Users\\E495\\.vscode\\extensions\\uqbar.wollok-lsp-ide-0.5.4\\out\\server\\src\\server.js:38:6131\n    at L2 (c:\\Users\\E495\\.vscode\\extensions\\uqbar.wollok-lsp-ide-0.5.4\\out\\server\\src\\server.js:2389:42)\n    at c:\\Users\\E495\\.vscode\\extensions\\uqbar.wollok-lsp-ide-0.5.4\\out\\server\\src\\server.js:2389:2988\n    at c:\\Users\\E495\\.vscode\\extensions\\uqbar.wollok-lsp-ide-0.5.4\\out\\server\\src\\server.js:2398:8440\n    at c:\\Users\\E495\\.vscode\\extensions\\uqbar.wollok-lsp-ide-0.5.4\\out\\server\\src\\server.js:37:74872\n    at Ke (c:\\Users\\E495\\.vscode\\extensions\\uqbar.wollok-lsp-ide-0.5.4\\out\\server\\src\\server.js:7:8527)","timestamp":"2026-05-05T17:46:55.292Z"}
{"level":"info","message":"⌛ Validating testMensajeros.wlk","timeElapsed":102,"timestamp":"2026-05-05T17:46:55.398Z"}
{"level":"error","message":"✘ Completions for node Send ([11:5, 11:50] - testMensajeros.wlk) failed: Error: [Send]{740c73} at testMensajeros.wlk:11 exhausted all cases without a match [Send]{740c73} at testMensajeros.wlk:11 exhausted all cases without a match","stack":"Error: [Send]{740c73} at testMensajeros.wlk:11 exhausted all cases without a match\n    at c:\\Users\\E495\\.vscode\\extensions\\uqbar.wollok-lsp-ide-0.5.4\\out\\server\\src\\server.js:38:6142\n    at L2 (c:\\Users\\E495\\.vscode\\extensions\\uqbar.wollok-lsp-ide-0.5.4\\out\\server\\src\\server.js:2389:42)\n    at Jh (c:\\Users\\E495\\.vscode\\extensions\\uqbar.wollok-lsp-ide-0.5.4\\out\\server\\src\\server.js:2389:1092)\n    at M5n (c:\\Users\\E495\\.vscode\\extensions\\uqbar.wollok-lsp-ide-0.5.4\\out\\server\\src\\server.js:2389:1248)\n    at c:\\Users\\E495\\.vscode\\extensions\\uqbar.wollok-lsp-ide-0.5.4\\out\\server\\src\\server.js:38:6131\n    at L2 (c:\\Users\\E495\\.vscode\\extensions\\uqbar.wollok-lsp-ide-0.5.4\\out\\server\\src\\server.js:2389:42)\n    at c:\\Users\\E495\\.vscode\\extensions\\uqbar.wollok-lsp-ide-0.5.4\\out\\server\\src\\server.js:2389:2988\n    at c:\\Users\\E495\\.vscode\\extensions\\uqbar.wollok-lsp-ide-0.5.4\\out\\server\\src\\server.js:2398:8440\n    at c:\\Users\\E495\\.vscode\\extensions\\uqbar.wollok-lsp-ide-0.5.4\\out\\server\\src\\server.js:37:74872\n    at Ke (c:\\Users\\E495\\.vscode\\extensions\\uqbar.wollok-lsp-ide-0.5.4\\out\\server\\src\\server.js:7:8527)","timestamp":"2026-05-05T17:46:55.621Z"}
{"level":"info","message":"⌛ Validating testMensajeros.wlk","timeElapsed":111,"timestamp":"2026-05-05T17:46:55.735Z"}
{"level":"error","message":"✘ Completions for node Send ([11:5, 11:51] - testMensajeros.wlk) failed: Error: [Send]{54400b} at testMensajeros.wlk:11 exhausted all cases without a match [Send]{54400b} at testMensajeros.wlk:11 exhausted all cases without a match","stack":"Error: [Send]{54400b} at testMensajeros.wlk:11 exhausted all cases without a match\n    at c:\\Users\\E495\\.vscode\\extensions\\uqbar.wollok-lsp-ide-0.5.4\\out\\server\\src\\server.js:38:6142\n    at L2 (c:\\Users\\E495\\.vscode\\extensions\\uqbar.wollok-lsp-ide-0.5.4\\out\\server\\src\\server.js:2389:42)\n    at Jh (c:\\Users\\E495\\.vscode\\extensions\\uqbar.wollok-lsp-ide-0.5.4\\out\\server\\src\\server.js:2389:1092)\n    at M5n (c:\\Users\\E495\\.vscode\\extensions\\uqbar.wollok-lsp-ide-0.5.4\\out\\server\\src\\server.js:2389:1248)\n    at c:\\Users\\E495\\.vscode\\extensions\\uqbar.wollok-lsp-ide-0.5.4\\out\\server\\src\\server.js:38:6131\n    at L2 (c:\\Users\\E495\\.vscode\\extensions\\uqbar.wollok-lsp-ide-0.5.4\\out\\server\\src\\server.js:2389:42)\n    at c:\\Users\\E495\\.vscode\\extensions\\uqbar.wollok-lsp-ide-0.5.4\\out\\server\\src\\server.js:2389:2988\n    at c:\\Users\\E495\\.vscode\\extensions\\uqbar.wollok-lsp-ide-0.5.4\\out\\server\\src\\server.js:2398:8440\n    at c:\\Users\\E495\\.vscode\\extensions\\uqbar.wollok-lsp-ide-0.5.4\\out\\server\\src\\server.js:37:74872\n    at Ke (c:\\Users\\E495\\.vscode\\extensions\\uqbar.wollok-lsp-ide-0.5.4\\out\\server\\src\\server.js:7:8527)","timestamp":"2026-05-05T17:46:56.078Z"}
{"level":"info","message":"⌛ Building environment","timeElapsed":160,"timestamp":"2026-05-05T17:46:56.331Z"}
{"level":"error","message":"✘ Completions for node Send ([11:5, 11:52] - testMensajeros.wlk) failed: Error: [Send]{c8ce8b} at testMensajeros.wlk:11 exhausted all cases without a match [Send]{c8ce8b} at testMensajeros.wlk:11 exhausted all cases without a match","stack":"Error: [Send]{c8ce8b} at testMensajeros.wlk:11 exhausted all cases without a match\n    at c:\\Users\\E495\\.vscode\\extensions\\uqbar.wollok-lsp-ide-0.5.4\\out\\server\\src\\server.js:38:6142\n    at L2 (c:\\Users\\E495\\.vscode\\extensions\\uqbar.wollok-lsp-ide-0.5.4\\out\\server\\src\\server.js:2389:42)\n    at Jh (c:\\Users\\E495\\.vscode\\extensions\\uqbar.wollok-lsp-ide-0.5.4\\out\\server\\src\\server.js:2389:1092)\n    at M5n (c:\\Users\\E495\\.vscode\\extensions\\uqbar.wollok-lsp-ide-0.5.4\\out\\server\\src\\server.js:2389:1248)\n    at c:\\Users\\E495\\.vscode\\extensions\\uqbar.wollok-lsp-ide-0.5.4\\out\\server\\src\\server.js:38:6131\n    at L2 (c:\\Users\\E495\\.vscode\\extensions\\uqbar.wollok-lsp-ide-0.5.4\\out\\server\\src\\server.js:2389:42)\n    at c:\\Users\\E495\\.vscode\\extensions\\uqbar.wollok-lsp-ide-0.5.4\\out\\server\\src\\server.js:2389:2988\n    at c:\\Users\\E495\\.vscode\\extensions\\uqbar.wollok-lsp-ide-0.5.4\\out\\server\\src\\server.js:2398:8440\n    at c:\\Users\\E495\\.vscode\\extensions\\uqbar.wollok-lsp-ide-0.5.4\\out\\server\\src\\server.js:37:74872\n    at Ke (c:\\Users\\E495\\.vscode\\extensions\\uqbar.wollok-lsp-ide-0.5.4\\out\\server\\src\\server.js:7:8527)","timestamp":"2026-05-05T17:46:56.375Z"}
{"level":"error","message":"✘ Completions for node Send ([11:5, 11:53] - testMensajeros.wlk) failed: Error: [Send]{64d8fd} at testMensajeros.wlk:11 exhausted all cases without a match [Send]{64d8fd} at testMensajeros.wlk:11 exhausted all cases without a match","stack":"Error: [Send]{64d8fd} at testMensajeros.wlk:11 exhausted all cases without a match\n    at c:\\Users\\E495\\.vscode\\extensions\\uqbar.wollok-lsp-ide-0.5.4\\out\\server\\src\\server.js:38:6142\n    at L2 (c:\\Users\\E495\\.vscode\\extensions\\uqbar.wollok-lsp-ide-0.5.4\\out\\server\\src\\server.js:2389:42)\n    at Jh (c:\\Users\\E495\\.vscode\\extensions\\uqbar.wollok-lsp-ide-0.5.4\\out\\server\\src\\server.js:2389:1092)\n    at M5n (c:\\Users\\E495\\.vscode\\extensions\\uqbar.wollok-lsp-ide-0.5.4\\out\\server\\src\\server.js:2389:1248)\n    at c:\\Users\\E495\\.vscode\\extensions\\uqbar.wollok-lsp-ide-0.5.4\\out\\server\\src\\server.js:38:6131\n    at L2 (c:\\Users\\E495\\.vscode\\extensions\\uqbar.wollok-lsp-ide-0.5.4\\out\\server\\src\\server.js:2389:42)\n    at c:\\Users\\E495\\.vscode\\extensions\\uqbar.wollok-lsp-ide-0.5.4\\out\\server\\src\\server.js:2389:2988\n    at c:\\Users\\E495\\.vscode\\extensions\\uqbar.wollok-lsp-ide-0.5.4\\out\\server\\src\\server.js:2398:8440\n    at c:\\Users\\E495\\.vscode\\extensions\\uqbar.wollok-lsp-ide-0.5.4\\out\\server\\src\\server.js:37:74872\n    at Ke (c:\\Users\\E495\\.vscode\\extensions\\uqbar.wollok-lsp-ide-0.5.4\\out\\server\\src\\server.js:7:8527)","timestamp":"2026-05-05T17:46:56.648Z"}
{"level":"info","message":"⌛ Validating testMensajeros.wlk","timeElapsed":106,"timestamp":"2026-05-05T17:46:56.758Z"}
{"level":"error","message":"✘ Completions for node Send ([11:5, 11:54] - testMensajeros.wlk) failed: Error: [Send]{ef076e} at testMensajeros.wlk:11 exhausted all cases without a match [Send]{ef076e} at testMensajeros.wlk:11 exhausted all cases without a match","stack":"Error: [Send]{ef076e} at testMensajeros.wlk:11 exhausted all cases without a match\n    at c:\\Users\\E495\\.vscode\\extensions\\uqbar.wollok-lsp-ide-0.5.4\\out\\server\\src\\server.js:38:6142\n    at L2 (c:\\Users\\E495\\.vscode\\extensions\\uqbar.wollok-lsp-ide-0.5.4\\out\\server\\src\\server.js:2389:42)\n    at Jh (c:\\Users\\E495\\.vscode\\extensions\\uqbar.wollok-lsp-ide-0.5.4\\out\\server\\src\\server.js:2389:1092)\n    at M5n (c:\\Users\\E495\\.vscode\\extensions\\uqbar.wollok-lsp-ide-0.5.4\\out\\server\\src\\server.js:2389:1248)\n    at c:\\Users\\E495\\.vscode\\extensions\\uqbar.wollok-lsp-ide-0.5.4\\out\\server\\src\\server.js:38:6131\n    at L2 (c:\\Users\\E495\\.vscode\\extensions\\uqbar.wollok-lsp-ide-0.5.4\\out\\server\\src\\server.js:2389:42)\n    at c:\\Users\\E495\\.vscode\\extensions\\uqbar.wollok-lsp-ide-0.5.4\\out\\server\\src\\server.js:2389:2988\n    at c:\\Users\\E495\\.vscode\\extensions\\uqbar.wollok-lsp-ide-0.5.4\\out\\server\\src\\server.js:2398:8440\n    at c:\\Users\\E495\\.vscode\\extensions\\uqbar.wollok-lsp-ide-0.5.4\\out\\server\\src\\server.js:37:74872\n    at Ke (c:\\Users\\E495\\.vscode\\extensions\\uqbar.wollok-lsp-ide-0.5.4\\out\\server\\src\\server.js:7:8527)","timestamp":"2026-05-05T17:46:56.964Z"}
{"level":"info","message":"⌛ Validating testMensajeros.wlk","timeElapsed":125,"timestamp":"2026-05-05T17:46:57.094Z"}
{"level":"error","message":"✘ Completions for node Send ([11:5, 11:55] - testMensajeros.wlk) failed: Error: [Send]{2d2523} at testMensajeros.wlk:11 exhausted all cases without a match [Send]{2d2523} at testMensajeros.wlk:11 exhausted all cases without a match","stack":"Error: [Send]{2d2523} at testMensajeros.wlk:11 exhausted all cases without a match\n    at c:\\Users\\E495\\.vscode\\extensions\\uqbar.wollok-lsp-ide-0.5.4\\out\\server\\src\\server.js:38:6142\n    at L2 (c:\\Users\\E495\\.vscode\\extensions\\uqbar.wollok-lsp-ide-0.5.4\\out\\server\\src\\server.js:2389:42)\n    at Jh (c:\\Users\\E495\\.vscode\\extensions\\uqbar.wollok-lsp-ide-0.5.4\\out\\server\\src\\server.js:2389:1092)\n    at M5n (c:\\Users\\E495\\.vscode\\extensions\\uqbar.wollok-lsp-ide-0.5.4\\out\\server\\src\\server.js:2389:1248)\n    at c:\\Users\\E495\\.vscode\\extensions\\uqbar.wollok-lsp-ide-0.5.4\\out\\server\\src\\server.js:38:6131\n    at L2 (c:\\Users\\E495\\.vscode\\extensions\\uqbar.wollok-lsp-ide-0.5.4\\out\\server\\src\\server.js:2389:42)\n    at c:\\Users\\E495\\.vscode\\extensions\\uqbar.wollok-lsp-ide-0.5.4\\out\\server\\src\\server.js:2389:2988\n    at c:\\Users\\E495\\.vscode\\extensions\\uqbar.wollok-lsp-ide-0.5.4\\out\\server\\src\\server.js:2398:8440\n    at c:\\Users\\E495\\.vscode\\extensions\\uqbar.wollok-lsp-ide-0.5.4\\out\\server\\src\\server.js:37:74872\n    at Ke (c:\\Users\\E495\\.vscode\\extensions\\uqbar.wollok-lsp-ide-0.5.4\\out\\server\\src\\server.js:7:8527)","timestamp":"2026-05-05T17:46:57.226Z"}
{"level":"info","message":"⌛ Validating testMensajeros.wlk","timeElapsed":107,"timestamp":"2026-05-05T17:46:57.335Z"}
{"level":"error","message":"✘ Completions for node Send ([11:5, 11:56] - testMensajeros.wlk) failed: Error: [Send]{fe280a} at testMensajeros.wlk:11 exhausted all cases without a match [Send]{fe280a} at testMensajeros.wlk:11 exhausted all cases without a match","stack":"Error: [Send]{fe280a} at testMensajeros.wlk:11 exhausted all cases without a match\n    at c:\\Users\\E495\\.vscode\\extensions\\uqbar.wollok-lsp-ide-0.5.4\\out\\server\\src\\server.js:38:6142\n    at L2 (c:\\Users\\E495\\.vscode\\extensions\\uqbar.wollok-lsp-ide-0.5.4\\out\\server\\src\\server.js:2389:42)\n    at Jh (c:\\Users\\E495\\.vscode\\extensions\\uqbar.wollok-lsp-ide-0.5.4\\out\\server\\src\\server.js:2389:1092)\n    at M5n (c:\\Users\\E495\\.vscode\\extensions\\uqbar.wollok-lsp-ide-0.5.4\\out\\server\\src\\server.js:2389:1248)\n    at c:\\Users\\E495\\.vscode\\extensions\\uqbar.wollok-lsp-ide-0.5.4\\out\\server\\src\\server.js:38:6131\n    at L2 (c:\\Users\\E495\\.vscode\\extensions\\uqbar.wollok-lsp-ide-0.5.4\\out\\server\\src\\server.js:2389:42)\n    at c:\\Users\\E495\\.vscode\\extensions\\uqbar.wollok-lsp-ide-0.5.4\\out\\server\\src\\server.js:2389:2988\n    at c:\\Users\\E495\\.vscode\\extensions\\uqbar.wollok-lsp-ide-0.5.4\\out\\server\\src\\server.js:2398:8440\n    at c:\\Users\\E495\\.vscode\\extensions\\uqbar.wollok-lsp-ide-0.5.4\\out\\server\\src\\server.js:37:74872\n    at Ke (c:\\Users\\E495\\.vscode\\extensions\\uqbar.wollok-lsp-ide-0.5.4\\out\\server\\src\\server.js:7:8527)","timestamp":"2026-05-05T17:46:57.447Z"}
{"level":"info","message":"⌛ Validating testMensajeros.wlk","timeElapsed":116,"timestamp":"2026-05-05T17:46:58.412Z"}
{"level":"error","message":"✘ Completions for node Send ([11:25, 11:58] - testMensajeros.wlk) failed: Error: [Send]{c54af6} at testMensajeros.wlk:11 exhausted all cases without a match [Send]{c54af6} at testMensajeros.wlk:11 exhausted all cases without a match","stack":"Error: [Send]{c54af6} at testMensajeros.wlk:11 exhausted all cases without a match\n    at c:\\Users\\E495\\.vscode\\extensions\\uqbar.wollok-lsp-ide-0.5.4\\out\\server\\src\\server.js:38:6142\n    at L2 (c:\\Users\\E495\\.vscode\\extensions\\uqbar.wollok-lsp-ide-0.5.4\\out\\server\\src\\server.js:2389:42)\n    at Jh (c:\\Users\\E495\\.vscode\\extensions\\uqbar.wollok-lsp-ide-0.5.4\\out\\server\\src\\server.js:2389:1092)\n    at M5n (c:\\Users\\E495\\.vscode\\extensions\\uqbar.wollok-lsp-ide-0.5.4\\out\\server\\src\\server.js:2389:1248)\n    at c:\\Users\\E495\\.vscode\\extensions\\uqbar.wollok-lsp-ide-0.5.4\\out\\server\\src\\server.js:38:6131\n    at L2 (c:\\Users\\E495\\.vscode\\extensions\\uqbar.wollok-lsp-ide-0.5.4\\out\\server\\src\\server.js:2389:42)\n    at c:\\Users\\E495\\.vscode\\extensions\\uqbar.wollok-lsp-ide-0.5.4\\out\\server\\src\\server.js:2389:2988\n    at c:\\Users\\E495\\.vscode\\extensions\\uqbar.wollok-lsp-ide-0.5.4\\out\\server\\src\\server.js:2398:8440\n    at c:\\Users\\E495\\.vscode\\extensions\\uqbar.wollok-lsp-ide-0.5.4\\out\\server\\src\\server.js:37:74872\n    at Ke (c:\\Users\\E495\\.vscode\\extensions\\uqbar.wollok-lsp-ide-0.5.4\\out\\server\\src\\server.js:7:8527)","timestamp":"2026-05-05T17:46:59.939Z"}
{"level":"error","message":"✘ Completions for node Send ([11:5, 11:59] - testMensajeros.wlk) failed: Error: [Send]{b29fac} at testMensajeros.wlk:11 exhausted all cases without a match [Send]{b29fac} at testMensajeros.wlk:11 exhausted all cases without a match","stack":"Error: [Send]{b29fac} at testMensajeros.wlk:11 exhausted all cases without a match\n    at c:\\Users\\E495\\.vscode\\extensions\\uqbar.wollok-lsp-ide-0.5.4\\out\\server\\src\\server.js:38:6142\n    at L2 (c:\\Users\\E495\\.vscode\\extensions\\uqbar.wollok-lsp-ide-0.5.4\\out\\server\\src\\server.js:2389:42)\n    at Jh (c:\\Users\\E495\\.vscode\\extensions\\uqbar.wollok-lsp-ide-0.5.4\\out\\server\\src\\server.js:2389:1092)\n    at L2 (c:\\Users\\E495\\.vscode\\extensions\\uqbar.wollok-lsp-ide-0.5.4\\out\\server\\src\\server.js:2389:544)\n    at Jh (c:\\Users\\E495\\.vscode\\extensions\\uqbar.wollok-lsp-ide-0.5.4\\out\\server\\src\\server.js:2389:1092)\n    at M5n (c:\\Users\\E495\\.vscode\\extensions\\uqbar.wollok-lsp-ide-0.5.4\\out\\server\\src\\server.js:2389:1248)\n    at c:\\Users\\E495\\.vscode\\extensions\\uqbar.wollok-lsp-ide-0.5.4\\out\\server\\src\\server.js:38:6131\n    at L2 (c:\\Users\\E495\\.vscode\\extensions\\uqbar.wollok-lsp-ide-0.5.4\\out\\server\\src\\server.js:2389:42)\n    at c:\\Users\\E495\\.vscode\\extensions\\uqbar.wollok-lsp-ide-0.5.4\\out\\server\\src\\server.js:2389:2988\n    at c:\\Users\\E495\\.vscode\\extensions\\uqbar.wollok-lsp-ide-0.5.4\\out\\server\\src\\server.js:2398:8440","timestamp":"2026-05-05T17:46:59.939Z"}
{"level":"info","message":"⌛ Validating testMensajeros.wlk","timeElapsed":112,"timestamp":"2026-05-05T17:47:00.053Z"}
{"level":"info","message":"⌛ Validating testMensajeros.wlk","timeElapsed":126,"timestamp":"2026-05-05T17:47:00.543Z"}
{"level":"info","message":"⌛ Validating testMensajeros.wlk","timeElapsed":144,"timestamp":"2026-05-05T17:47:19.393Z"}
{"level":"info","message":"⌛ Building environment","timeElapsed":138,"timestamp":"2026-05-05T17:49:27.638Z"}
{"level":"info","message":"⌛ Validating testMensajeros.wlk","timeElapsed":138,"timestamp":"2026-05-05T17:49:27.778Z"}
{"level":"info","message":"⌛ Building environment","timeElapsed":107,"timestamp":"2026-05-05T17:49:36.316Z"}
{"level":"info","message":"⌛ Building environment","timeElapsed":180,"timestamp":"2026-05-05T17:49:36.501Z"}
{"level":"info","message":"⌛ Building environment","timeElapsed":150,"timestamp":"2026-05-05T17:49:36.652Z"}
{"level":"info","message":"⌛ Validating testMensajeros.wtest","timeElapsed":140,"timestamp":"2026-05-05T17:49:36.848Z"}
{"level":"info","message":"Removing diagnostics from /C:/Users/E495/Desktop/UNaHur/Programación con objetos I/mensajerosDePelicula-pinkiemorie/testMensajeros.wlk","timestamp":"2026-05-05T17:49:36.848Z"}
{"level":"info","message":"⌛ Building environment","timeElapsed":151,"timestamp":"2026-05-05T17:49:38.132Z"}
{"level":"info","message":"⌛ Validating testMensajeros.wtest","timeElapsed":113,"timestamp":"2026-05-05T17:49:38.282Z"}
{"level":"info","message":"⌛ Validating testMensajeros.wtest","timeElapsed":103,"timestamp":"2026-05-05T17:49:40.773Z"}
{"level":"info","message":"⌛ Validating testMensajeros.wtest","timeElapsed":102,"timestamp":"2026-05-05T17:49:59.477Z"}
{"level":"info","message":"⌛ Validating testMensajeros.wtest","timeElapsed":102,"timestamp":"2026-05-05T17:49:59.660Z"}
{"level":"info","message":"⌛ Building environment","timeElapsed":111,"timestamp":"2026-05-05T17:49:59.892Z"}
{"level":"info","message":"⌛ Validating testMensajeros.wtest","timeElapsed":121,"timestamp":"2026-05-05T17:50:00.103Z"}
{"level":"info","message":"⌛ Validating testMensajeros.wtest","timeElapsed":131,"timestamp":"2026-05-05T17:50:00.234Z"}
{"level":"info","message":"⌛ Validating testMensajeros.wtest","timeElapsed":101,"timestamp":"2026-05-05T17:50:00.430Z"}
{"level":"info","message":"⌛ Validating testMensajeros.wtest","timeElapsed":101,"timestamp":"2026-05-05T17:50:00.797Z"}
{"level":"info","message":"⌛ Validating testMensajeros.wtest","timeElapsed":104,"timestamp":"2026-05-05T17:50:02.993Z"}
{"level":"info","message":"⌛ Validating testMensajeros.wtest","timeElapsed":110,"timestamp":"2026-05-05T17:50:05.128Z"}
{"level":"error","message":"✘ Completions for node Send ([9:9, 9:28] - testMensajeros.wtest) failed: Error: [Send]{abf530} at testMensajeros.wtest:9 exhausted all cases without a match [Send]{abf530} at testMensajeros.wtest:9 exhausted all cases without a match","stack":"Error: [Send]{abf530} at testMensajeros.wtest:9 exhausted all cases without a match\n    at c:\\Users\\E495\\.vscode\\extensions\\uqbar.wollok-lsp-ide-0.5.4\\out\\server\\src\\server.js:38:6142\n    at L2 (c:\\Users\\E495\\.vscode\\extensions\\uqbar.wollok-lsp-ide-0.5.4\\out\\server\\src\\server.js:2389:42)\n    at Jh (c:\\Users\\E495\\.vscode\\extensions\\uqbar.wollok-lsp-ide-0.5.4\\out\\server\\src\\server.js:2389:1092)\n    at M5n (c:\\Users\\E495\\.vscode\\extensions\\uqbar.wollok-lsp-ide-0.5.4\\out\\server\\src\\server.js:2389:1248)\n    at c:\\Users\\E495\\.vscode\\extensions\\uqbar.wollok-lsp-ide-0.5.4\\out\\server\\src\\server.js:38:6131\n    at L2 (c:\\Users\\E495\\.vscode\\extensions\\uqbar.wollok-lsp-ide-0.5.4\\out\\server\\src\\server.js:2389:42)\n    at c:\\Users\\E495\\.vscode\\extensions\\uqbar.wollok-lsp-ide-0.5.4\\out\\server\\src\\server.js:2389:2988\n    at c:\\Users\\E495\\.vscode\\extensions\\uqbar.wollok-lsp-ide-0.5.4\\out\\server\\src\\server.js:2398:8440\n    at c:\\Users\\E495\\.vscode\\extensions\\uqbar.wollok-lsp-ide-0.5.4\\out\\server\\src\\server.js:37:74872\n    at Ke (c:\\Users\\E495\\.vscode\\extensions\\uqbar.wollok-lsp-ide-0.5.4\\out\\server\\src\\server.js:7:8527)","timestamp":"2026-05-05T17:50:05.696Z"}
{"level":"info","message":"⌛ Validating testMensajeros.wtest","timeElapsed":107,"timestamp":"2026-05-05T17:50:05.813Z"}
{"level":"info","message":"⌛ Building environment","timeElapsed":125,"timestamp":"2026-05-05T17:50:05.941Z"}
{"level":"info","message":"⌛ Validating testMensajeros.wtest","timeElapsed":105,"timestamp":"2026-05-05T17:50:06.054Z"}
{"level":"info","message":"⌛ Validating testMensajeros.wtest","timeElapsed":112,"timestamp":"2026-05-05T17:50:08.163Z"}
{"level":"info","message":"⌛ Validating testMensajeros.wtest","timeElapsed":108,"timestamp":"2026-05-05T17:50:08.367Z"}
{"level":"info","message":"⌛ Validating testMensajeros.wtest","timeElapsed":117,"timestamp":"2026-05-05T17:50:08.639Z"}
{"level":"info","message":"⌛ Validating testMensajeros.wtest","timeElapsed":143,"timestamp":"2026-05-05T17:50:08.783Z"}
{"level":"info","message":"⌛ Validating testMensajeros.wtest","timeElapsed":107,"timestamp":"2026-05-05T17:50:09.138Z"}
{"level":"info","message":"⌛ Validating testMensajeros.wtest","timeElapsed":102,"timestamp":"2026-05-05T17:50:09.240Z"}
{"level":"info","message":"⌛ Validating testMensajeros.wtest","timeElapsed":119,"timestamp":"2026-05-05T17:50:09.484Z"}
{"level":"info","message":"⌛ Validating testMensajeros.wtest","timeElapsed":104,"timestamp":"2026-05-05T17:50:09.767Z"}
{"level":"info","message":"⌛ Validating testMensajeros.wtest","timeElapsed":126,"timestamp":"2026-05-05T17:50:09.971Z"}
{"level":"info","message":"⌛ Validating testMensajeros.wtest","timeElapsed":103,"timestamp":"2026-05-05T17:50:10.626Z"}
{"level":"info","message":"⌛ Validating testMensajeros.wtest","timeElapsed":108,"timestamp":"2026-05-05T17:50:10.810Z"}
{"level":"info","message":"⌛ Validating testMensajeros.wtest","timeElapsed":114,"timestamp":"2026-05-05T17:50:11.148Z"}
{"level":"info","message":"⌛ Validating testMensajeros.wtest","timeElapsed":121,"timestamp":"2026-05-05T17:50:11.353Z"}
{"level":"info","message":"⌛ Validating testMensajeros.wtest","timeElapsed":112,"timestamp":"2026-05-05T17:50:11.534Z"}
{"level":"info","message":"⌛ Building environment","timeElapsed":138,"timestamp":"2026-05-05T17:50:11.673Z"}
{"level":"info","message":"⌛ Validating testMensajeros.wtest","timeElapsed":147,"timestamp":"2026-05-05T17:50:11.821Z"}
{"level":"info","message":"⌛ Validating testMensajeros.wtest","timeElapsed":111,"timestamp":"2026-05-05T17:50:12.128Z"}
{"level":"info","message":"⌛ Validating testMensajeros.wtest","timeElapsed":122,"timestamp":"2026-05-05T17:50:12.346Z"}
{"level":"info","message":"⌛ Building environment","timeElapsed":121,"timestamp":"2026-05-05T17:50:12.467Z"}
{"level":"info","message":"⌛ Validating testMensajeros.wtest","timeElapsed":113,"timestamp":"2026-05-05T17:50:12.581Z"}
{"level":"info","message":"⌛ Building environment","timeElapsed":124,"timestamp":"2026-05-05T17:50:12.706Z"}
{"level":"info","message":"⌛ Validating testMensajeros.wtest","timeElapsed":108,"timestamp":"2026-05-05T17:50:12.872Z"}
{"level":"info","message":"⌛ Validating testMensajeros.wtest","timeElapsed":119,"timestamp":"2026-05-05T17:50:13.157Z"}
{"level":"info","message":"⌛ Validating testMensajeros.wtest","timeElapsed":106,"timestamp":"2026-05-05T17:50:13.307Z"}
{"level":"info","message":"⌛ Validating testMensajeros.wtest","timeElapsed":105,"timestamp":"2026-05-05T17:50:13.514Z"}
{"level":"info","message":"⌛ Validating testMensajeros.wtest","timeElapsed":106,"timestamp":"2026-05-05T17:50:13.856Z"}
{"level":"info","message":"⌛ Validating testMensajeros.wtest","timeElapsed":113,"timestamp":"2026-05-05T17:50:14.009Z"}
{"level":"info","message":"⌛ Validating testMensajeros.wtest","timeElapsed":106,"timestamp":"2026-05-05T17:50:14.117Z"}
{"level":"info","message":"⌛ Validating testMensajeros.wtest","timeElapsed":115,"timestamp":"2026-05-05T17:50:14.324Z"}
{"level":"info","message":"⌛ Validating testMensajeros.wtest","timeElapsed":101,"timestamp":"2026-05-05T17:50:15.168Z"}
{"level":"info","message":"⌛ Validating testMensajeros.wtest","timeElapsed":128,"timestamp":"2026-05-05T17:50:15.544Z"}
{"level":"info","message":"⌛ Building environment","timeElapsed":150,"timestamp":"2026-05-05T17:50:15.701Z"}
{"level":"info","message":"⌛ Validating testMensajeros.wtest","timeElapsed":139,"timestamp":"2026-05-05T17:50:15.847Z"}
{"level":"info","message":"⌛ Validating testMensajeros.wtest","timeElapsed":117,"timestamp":"2026-05-05T17:50:16.718Z"}
{"level":"info","message":"⌛ Validating testMensajeros.wtest","timeElapsed":117,"timestamp":"2026-05-05T17:50:17.016Z"}
{"level":"info","message":"⌛ Validating testMensajeros.wtest","timeElapsed":103,"timestamp":"2026-05-05T17:50:17.120Z"}
{"level":"info","message":"⌛ Building environment","timeElapsed":116,"timestamp":"2026-05-05T17:50:17.236Z"}
{"level":"info","message":"⌛ Validating testMensajeros.wtest","timeElapsed":114,"timestamp":"2026-05-05T17:50:17.355Z"}
{"level":"info","message":"⌛ Validating testMensajeros.wtest","timeElapsed":115,"timestamp":"2026-05-05T17:50:23.631Z"}
{"level":"info","message":"⌛ Validating testMensajeros.wtest","timeElapsed":117,"timestamp":"2026-05-05T17:50:26.674Z"}
{"level":"info","message":"⌛ Validating testMensajeros.wtest","timeElapsed":136,"timestamp":"2026-05-05T17:50:27.323Z"}
{"level":"info","message":"⌛ Validating testMensajeros.wtest","timeElapsed":108,"timestamp":"2026-05-05T17:50:27.618Z"}
{"level":"error","message":"✘ Completions for node Send ([10:8, 10:28] - testMensajeros.wtest) failed: Error: [Send]{4a6132} at testMensajeros.wtest:10 exhausted all cases without a match [Send]{4a6132} at testMensajeros.wtest:10 exhausted all cases without a match","stack":"Error: [Send]{4a6132} at testMensajeros.wtest:10 exhausted all cases without a match\n    at c:\\Users\\E495\\.vscode\\extensions\\uqbar.wollok-lsp-ide-0.5.4\\out\\server\\src\\server.js:38:6142\n    at L2 (c:\\Users\\E495\\.vscode\\extensions\\uqbar.wollok-lsp-ide-0.5.4\\out\\server\\src\\server.js:2389:42)\n    at Jh (c:\\Users\\E495\\.vscode\\extensions\\uqbar.wollok-lsp-ide-0.5.4\\out\\server\\src\\server.js:2389:1092)\n    at M5n (c:\\Users\\E495\\.vscode\\extensions\\uqbar.wollok-lsp-ide-0.5.4\\out\\server\\src\\server.js:2389:1248)\n    at c:\\Users\\E495\\.vscode\\extensions\\uqbar.wollok-lsp-ide-0.5.4\\out\\server\\src\\server.js:38:6131\n    at L2 (c:\\Users\\E495\\.vscode\\extensions\\uqbar.wollok-lsp-ide-0.5.4\\out\\server\\src\\server.js:2389:42)\n    at c:\\Users\\E495\\.vscode\\extensions\\uqbar.wollok-lsp-ide-0.5.4\\out\\server\\src\\server.js:2389:2988\n    at c:\\Users\\E495\\.vscode\\extensions\\uqbar.wollok-lsp-ide-0.5.4\\out\\server\\src\\server.js:2398:8440\n    at c:\\Users\\E495\\.vscode\\extensions\\uqbar.wollok-lsp-ide-0.5.4\\out\\server\\src\\server.js:37:74872\n    at Ke (c:\\Users\\E495\\.vscode\\extensions\\uqbar.wollok-lsp-ide-0.5.4\\out\\server\\src\\server.js:7:8527)","timestamp":"2026-05-05T17:50:28.982Z"}
{"level":"info","message":"⌛ Validating testMensajeros.wtest","timeElapsed":105,"timestamp":"2026-05-05T17:50:29.090Z"}
{"level":"info","message":"⌛ Validating testMensajeros.wtest","timeElapsed":108,"timestamp":"2026-05-05T17:50:29.333Z"}
{"level":"info","message":"⌛ Building environment","timeElapsed":143,"timestamp":"2026-05-05T17:50:29.651Z"}
{"level":"info","message":"⌛ Validating testMensajeros.wtest","timeElapsed":116,"timestamp":"2026-05-05T17:50:29.769Z"}
{"level":"info","message":"⌛ Validating testMensajeros.wtest","timeElapsed":103,"timestamp":"2026-05-05T17:50:29.965Z"}
{"level":"info","message":"⌛ Building environment","timeElapsed":130,"timestamp":"2026-05-05T17:50:30.112Z"}
{"level":"info","message":"⌛ Validating testMensajeros.wtest","timeElapsed":125,"timestamp":"2026-05-05T17:50:30.238Z"}
{"level":"info","message":"⌛ Validating testMensajeros.wtest","timeElapsed":101,"timestamp":"2026-05-05T17:50:31.433Z"}
{"level":"info","message":"⌛ Validating testMensajeros.wtest","timeElapsed":107,"timestamp":"2026-05-05T17:50:34.717Z"}
{"level":"info","message":"⌛ Validating testMensajeros.wtest","timeElapsed":123,"timestamp":"2026-05-05T17:50:34.959Z"}
{"level":"info","message":"⌛ Validating testMensajeros.wtest","timeElapsed":110,"timestamp":"2026-05-05T17:50:35.440Z"}
{"level":"info","message":"⌛ Validating testMensajeros.wtest","timeElapsed":110,"timestamp":"2026-05-05T17:50:35.647Z"}
{"level":"info","message":"⌛ Validating testMensajeros.wtest","timeElapsed":134,"timestamp":"2026-05-05T17:50:35.940Z"}
{"level":"info","message":"⌛ Validating testMensajeros.wtest","timeElapsed":105,"timestamp":"2026-05-05T17:50:36.600Z"}
{"level":"info","message":"⌛ Validating testMensajeros.wtest","timeElapsed":101,"timestamp":"2026-05-05T17:50:36.789Z"}
{"level":"info","message":"⌛ Validating testMensajeros.wtest","timeElapsed":125,"timestamp":"2026-05-05T17:50:38.164Z"}
{"level":"info","message":"⌛ Building environment","timeElapsed":131,"timestamp":"2026-05-05T17:50:38.296Z"}
{"level":"info","message":"⌛ Validating testMensajeros.wtest","timeElapsed":119,"timestamp":"2026-05-05T17:50:38.422Z"}
{"level":"info","message":"⌛ Validating testMensajeros.wtest","timeElapsed":112,"timestamp":"2026-05-05T17:50:39.102Z"}
{"level":"info","message":"⌛ Building environment","timeElapsed":101,"timestamp":"2026-05-05T17:50:39.204Z"}
{"level":"info","message":"⌛ Validating testMensajeros.wtest","timeElapsed":102,"timestamp":"2026-05-05T17:50:39.454Z"}
{"level":"info","message":"⌛ Validating testMensajeros.wtest","timeElapsed":134,"timestamp":"2026-05-05T17:50:39.589Z"}
{"level":"info","message":"⌛ Validating testMensajeros.wtest","timeElapsed":102,"timestamp":"2026-05-05T17:50:40.066Z"}
{"level":"info","message":"⌛ Building environment","timeElapsed":133,"timestamp":"2026-05-05T17:50:40.296Z"}
{"level":"info","message":"⌛ Validating testMensajeros.wtest","timeElapsed":110,"timestamp":"2026-05-05T17:50:40.438Z"}
{"level":"info","message":"⌛ Validating testMensajeros.wtest","timeElapsed":122,"timestamp":"2026-05-05T17:50:40.652Z"}
{"level":"info","message":"⌛ Validating testMensajeros.wtest","timeElapsed":112,"timestamp":"2026-05-05T17:50:40.768Z"}
{"level":"info","message":"⌛ Validating testMensajeros.wtest","timeElapsed":113,"timestamp":"2026-05-05T17:50:41.088Z"}
{"level":"info","message":"⌛ Building environment","timeElapsed":135,"timestamp":"2026-05-05T17:50:41.225Z"}
{"level":"info","message":"⌛ Validating testMensajeros.wtest","timeElapsed":115,"timestamp":"2026-05-05T17:50:41.340Z"}
{"level":"info","message":"⌛ Validating testMensajeros.wtest","timeElapsed":114,"timestamp":"2026-05-05T17:50:41.614Z"}
{"level":"info","message":"⌛ Building environment","timeElapsed":144,"timestamp":"2026-05-05T17:50:42.420Z"}
{"level":"info","message":"⌛ Validating testMensajeros.wtest","timeElapsed":199,"timestamp":"2026-05-05T17:50:43.339Z"}
{"level":"info","message":"⌛ Validating testMensajeros.wtest","timeElapsed":141,"timestamp":"2026-05-05T17:50:45.090Z"}
{"level":"error","message":"✘ Completions for node Send ([11:8, 11:26] - testMensajeros.wtest) failed: Error: [Send]{69276c} at testMensajeros.wtest:11 exhausted all cases without a match [Send]{69276c} at testMensajeros.wtest:11 exhausted all cases without a match","stack":"Error: [Send]{69276c} at testMensajeros.wtest:11 exhausted all cases without a match\n    at c:\\Users\\E495\\.vscode\\extensions\\uqbar.wollok-lsp-ide-0.5.4\\out\\server\\src\\server.js:38:6142\n    at L2 (c:\\Users\\E495\\.vscode\\extensions\\uqbar.wollok-lsp-ide-0.5.4\\out\\server\\src\\server.js:2389:42)\n    at Jh (c:\\Users\\E495\\.vscode\\extensions\\uqbar.wollok-lsp-ide-0.5.4\\out\\server\\src\\server.js:2389:1092)\n    at M5n (c:\\Users\\E495\\.vscode\\extensions\\uqbar.wollok-lsp-ide-0.5.4\\out\\server\\src\\server.js:2389:1248)\n    at c:\\Users\\E495\\.vscode\\extensions\\uqbar.wollok-lsp-ide-0.5.4\\out\\server\\src\\server.js:38:6131\n    at L2 (c:\\Users\\E495\\.vscode\\extensions\\uqbar.wollok-lsp-ide-0.5.4\\out\\server\\src\\server.js:2389:42)\n    at c:\\Users\\E495\\.vscode\\extensions\\uqbar.wollok-lsp-ide-0.5.4\\out\\server\\src\\server.js:2389:2988\n    at c:\\Users\\E495\\.vscode\\extensions\\uqbar.wollok-lsp-ide-0.5.4\\out\\server\\src\\server.js:2398:8440\n    at c:\\Users\\E495\\.vscode\\extensions\\uqbar.wollok-lsp-ide-0.5.4\\out\\server\\src\\server.js:37:74872\n    at Ke (c:\\Users\\E495\\.vscode\\extensions\\uqbar.wollok-lsp-ide-0.5.4\\out\\server\\src\\server.js:7:8527)","timestamp":"2026-05-05T17:50:46.056Z"}
{"level":"info","message":"⌛ Validating testMensajeros.wtest","timeElapsed":123,"timestamp":"2026-05-05T17:50:46.182Z"}
{"level":"info","message":"⌛ Validating testMensajeros.wtest","timeElapsed":104,"timestamp":"2026-05-05T17:50:46.461Z"}
{"level":"error","message":"✘ Completions for node Send ([11:8, 11:28] - testMensajeros.wtest) failed: Error: [Send]{ecf079} at testMensajeros.wtest:11 exhausted all cases without a match [Send]{ecf079} at testMensajeros.wtest:11 exhausted all cases without a match","stack":"Error: [Send]{ecf079} at testMensajeros.wtest:11 exhausted all cases without a match\n    at c:\\Users\\E495\\.vscode\\extensions\\uqbar.wollok-lsp-ide-0.5.4\\out\\server\\src\\server.js:38:6142\n    at L2 (c:\\Users\\E495\\.vscode\\extensions\\uqbar.wollok-lsp-ide-0.5.4\\out\\server\\src\\server.js:2389:42)\n    at Jh (c:\\Users\\E495\\.vscode\\extensions\\uqbar.wollok-lsp-ide-0.5.4\\out\\server\\src\\server.js:2389:1092)\n    at M5n (c:\\Users\\E495\\.vscode\\extensions\\uqbar.wollok-lsp-ide-0.5.4\\out\\server\\src\\server.js:2389:1248)\n    at c:\\Users\\E495\\.vscode\\extensions\\uqbar.wollok-lsp-ide-0.5.4\\out\\server\\src\\server.js:38:6131\n    at L2 (c:\\Users\\E495\\.vscode\\extensions\\uqbar.wollok-lsp-ide-0.5.4\\out\\server\\src\\server.js:2389:42)\n    at c:\\Users\\E495\\.vscode\\extensions\\uqbar.wollok-lsp-ide-0.5.4\\out\\server\\src\\server.js:2389:2988\n    at c:\\Users\\E495\\.vscode\\extensions\\uqbar.wollok-lsp-ide-0.5.4\\out\\server\\src\\server.js:2398:8440\n    at c:\\Users\\E495\\.vscode\\extensions\\uqbar.wollok-lsp-ide-0.5.4\\out\\server\\src\\server.js:37:74872\n    at Ke (c:\\Users\\E495\\.vscode\\extensions\\uqbar.wollok-lsp-ide-0.5.4\\out\\server\\src\\server.js:7:8527)","timestamp":"2026-05-05T17:50:46.526Z"}
{"level":"info","message":"⌛ Validating testMensajeros.wtest","timeElapsed":115,"timestamp":"2026-05-05T17:50:46.648Z"}
{"level":"error","message":"✘ Completions for node Literal ([11:24, 11:28] - testMensajeros.wtest) failed: Error: true [Literal]{a59efe} at testMensajeros.wtest:11 exhausted all cases without a match true [Literal]{a59efe} at testMensajeros.wtest:11 exhausted all cases without a match","stack":"Error: true [Literal]{a59efe} at testMensajeros.wtest:11 exhausted all cases without a match\n    at c:\\Users\\E495\\.vscode\\extensions\\uqbar.wollok-lsp-ide-0.5.4\\out\\server\\src\\server.js:38:6142\n    at L2 (c:\\Users\\E495\\.vscode\\extensions\\uqbar.wollok-lsp-ide-0.5.4\\out\\server\\src\\server.js:2389:42)\n    at c:\\Users\\E495\\.vscode\\extensions\\uqbar.wollok-lsp-ide-0.5.4\\out\\server\\src\\server.js:2389:2988\n    at c:\\Users\\E495\\.vscode\\extensions\\uqbar.wollok-lsp-ide-0.5.4\\out\\server\\src\\server.js:2398:8440\n    at c:\\Users\\E495\\.vscode\\extensions\\uqbar.wollok-lsp-ide-0.5.4\\out\\server\\src\\server.js:37:74872\n    at Ke (c:\\Users\\E495\\.vscode\\extensions\\uqbar.wollok-lsp-ide-0.5.4\\out\\server\\src\\server.js:7:8527)\n    at Lt (c:\\Users\\E495\\.vscode\\extensions\\uqbar.wollok-lsp-ide-0.5.4\\out\\server\\src\\server.js:7:6189)\n    at ct (c:\\Users\\E495\\.vscode\\extensions\\uqbar.wollok-lsp-ide-0.5.4\\out\\server\\src\\server.js:7:6378)\n    at Immediate._onImmediate (c:\\Users\\E495\\.vscode\\extensions\\uqbar.wollok-lsp-ide-0.5.4\\out\\server\\src\\server.js:7:6142)\n    at process.processImmediate (node:internal/timers:484:21)","timestamp":"2026-05-05T17:50:46.765Z"}
{"level":"error","message":"✘ Completions for node Send ([11:8, 11:29] - testMensajeros.wtest) failed: Error: [Send]{24f8b8} at testMensajeros.wtest:11 exhausted all cases without a match [Send]{24f8b8} at testMensajeros.wtest:11 exhausted all cases without a match","stack":"Error: [Send]{24f8b8} at testMensajeros.wtest:11 exhausted all cases without a match\n    at c:\\Users\\E495\\.vscode\\extensions\\uqbar.wollok-lsp-ide-0.5.4\\out\\server\\src\\server.js:38:6142\n    at L2 (c:\\Users\\E495\\.vscode\\extensions\\uqbar.wollok-lsp-ide-0.5.4\\out\\server\\src\\server.js:2389:42)\n    at Jh (c:\\Users\\E495\\.vscode\\extensions\\uqbar.wollok-lsp-ide-0.5.4\\out\\server\\src\\server.js:2389:1092)\n    at L2 (c:\\Users\\E495\\.vscode\\extensions\\uqbar.wollok-lsp-ide-0.5.4\\out\\server\\src\\server.js:2389:544)\n    at c:\\Users\\E495\\.vscode\\extensions\\uqbar.wollok-lsp-ide-0.5.4\\out\\server\\src\\server.js:2389:2988\n    at c:\\Users\\E495\\.vscode\\extensions\\uqbar.wollok-lsp-ide-0.5.4\\out\\server\\src\\server.js:2398:8440\n    at c:\\Users\\E495\\.vscode\\extensions\\uqbar.wollok-lsp-ide-0.5.4\\out\\server\\src\\server.js:37:74872\n    at Ke (c:\\Users\\E495\\.vscode\\extensions\\uqbar.wollok-lsp-ide-0.5.4\\out\\server\\src\\server.js:7:8527)\n    at Lt (c:\\Users\\E495\\.vscode\\extensions\\uqbar.wollok-lsp-ide-0.5.4\\out\\server\\src\\server.js:7:6189)\n    at ct (c:\\Users\\E495\\.vscode\\extensions\\uqbar.wollok-lsp-ide-0.5.4\\out\\server\\src\\server.js:7:6378)","timestamp":"2026-05-05T17:50:46.766Z"}
{"level":"info","message":"⌛ Validating testMensajeros.wtest","timeElapsed":106,"timestamp":"2026-05-05T17:50:46.875Z"}
{"level":"info","message":"⌛ Validating testMensajeros.wtest","timeElapsed":114,"timestamp":"2026-05-05T17:50:47.719Z"}
{"level":"info","message":"⌛ Validating testMensajeros.wtest","timeElapsed":105,"timestamp":"2026-05-05T17:50:48.670Z"}
{"level":"info","message":"⌛ Validating testMensajeros.wtest","timeElapsed":117,"timestamp":"2026-05-05T17:50:49.176Z"}
{"level":"info","message":"⌛ Validating testMensajeros.wtest","timeElapsed":108,"timestamp":"2026-05-05T17:50:49.641Z"}
{"level":"info","message":"⌛ Validating testMensajeros.wtest","timeElapsed":108,"timestamp":"2026-05-05T17:50:49.750Z"}
{"level":"info","message":"⌛ Validating testMensajeros.wtest","timeElapsed":117,"timestamp":"2026-05-05T17:50:50.419Z"}
{"level":"info","message":"⌛ Validating testMensajeros.wtest","timeElapsed":221,"timestamp":"2026-05-05T17:50:51.516Z"}
{"level":"info","message":"⌛ Validating testMensajeros.wtest","timeElapsed":105,"timestamp":"2026-05-05T17:50:51.704Z"}
{"level":"info","message":"⌛ Validating testMensajeros.wtest","timeElapsed":129,"timestamp":"2026-05-05T17:50:53.539Z"}
{"level":"error","message":"✘ Completions for node Send ([12:8, 12:34] - testMensajeros.wtest) failed: Error: [Send]{b826da} at testMensajeros.wtest:12 exhausted all cases without a match [Send]{b826da} at testMensajeros.wtest:12 exhausted all cases without a match","stack":"Error: [Send]{b826da} at testMensajeros.wtest:12 exhausted all cases without a match\n    at c:\\Users\\E495\\.vscode\\extensions\\uqbar.wollok-lsp-ide-0.5.4\\out\\server\\src\\server.js:38:6142\n    at L2 (c:\\Users\\E495\\.vscode\\extensions\\uqbar.wollok-lsp-ide-0.5.4\\out\\server\\src\\server.js:2389:42)\n    at Jh (c:\\Users\\E495\\.vscode\\extensions\\uqbar.wollok-lsp-ide-0.5.4\\out\\server\\src\\server.js:2389:1092)\n    at M5n (c:\\Users\\E495\\.vscode\\extensions\\uqbar.wollok-lsp-ide-0.5.4\\out\\server\\src\\server.js:2389:1248)\n    at c:\\Users\\E495\\.vscode\\extensions\\uqbar.wollok-lsp-ide-0.5.4\\out\\server\\src\\server.js:38:6131\n    at L2 (c:\\Users\\E495\\.vscode\\extensions\\uqbar.wollok-lsp-ide-0.5.4\\out\\server\\src\\server.js:2389:42)\n    at c:\\Users\\E495\\.vscode\\extensions\\uqbar.wollok-lsp-ide-0.5.4\\out\\server\\src\\server.js:2389:2988\n    at c:\\Users\\E495\\.vscode\\extensions\\uqbar.wollok-lsp-ide-0.5.4\\out\\server\\src\\server.js:2398:8440\n    at c:\\Users\\E495\\.vscode\\extensions\\uqbar.wollok-lsp-ide-0.5.4\\out\\server\\src\\server.js:37:74872\n    at Ke (c:\\Users\\E495\\.vscode\\extensions\\uqbar.wollok-lsp-ide-0.5.4\\out\\server\\src\\server.js:7:8527)","timestamp":"2026-05-05T17:50:56.084Z"}
{"level":"info","message":"⌛ Validating testMensajeros.wtest","timeElapsed":102,"timestamp":"2026-05-05T17:50:56.821Z"}
{"level":"info","message":"⌛ Validating testMensajeros.wtest","timeElapsed":198,"timestamp":"2026-05-05T17:50:57.412Z"}
{"level":"info","message":"🧪 Test runner executed on c:\\Users\\E495\\Desktop\\UNaHur\\Programación con objetos I\\mensajerosDePelicula-pinkiemorie","result":{"errored":0,"failed":0,"ok":1},"testsFailed":[],"timeElapsed":539,"timestamp":"2026-05-05T17:51:07.189Z"}
{"level":"info","message":"⌛ Building environment","timeElapsed":102,"timestamp":"2026-05-05T17:51:20.932Z"}
{"level":"info","message":"⌛ Validating testMensajeros.wtest","timeElapsed":105,"timestamp":"2026-05-05T17:51:21.038Z"}
{"level":"info","message":"⌛ Validating testMensajeros.wtest","timeElapsed":107,"timestamp":"2026-05-05T17:51:21.785Z"}
{"level":"info","message":"⌛ Validating testMensajeros.wtest","timeElapsed":117,"timestamp":"2026-05-05T17:51:22.848Z"}
{"level":"info","message":"⌛ Validating testMensajeros.wtest","timeElapsed":107,"timestamp":"2026-05-05T17:51:26.037Z"}
{"level":"error","message":"✘ Completions for node Send ([14:9, 14:23] - testMensajeros.wtest) failed: Error: [Send]{1a33ab} at testMensajeros.wtest:14 exhausted all cases without a match [Send]{1a33ab} at testMensajeros.wtest:14 exhausted all cases without a match","stack":"Error: [Send]{1a33ab} at testMensajeros.wtest:14 exhausted all cases without a match\n    at c:\\Users\\E495\\.vscode\\extensions\\uqbar.wollok-lsp-ide-0.5.4\\out\\server\\src\\server.js:38:6142\n    at L2 (c:\\Users\\E495\\.vscode\\extensions\\uqbar.wollok-lsp-ide-0.5.4\\out\\server\\src\\server.js:2389:42)\n    at Jh (c:\\Users\\E495\\.vscode\\extensions\\uqbar.wollok-lsp-ide-0.5.4\\out\\server\\src\\server.js:2389:1092)\n    at M5n (c:\\Users\\E495\\.vscode\\extensions\\uqbar.wollok-lsp-ide-0.5.4\\out\\server\\src\\server.js:2389:1248)\n    at c:\\Users\\E495\\.vscode\\extensions\\uqbar.wollok-lsp-ide-0.5.4\\out\\server\\src\\server.js:38:6131\n    at L2 (c:\\Users\\E495\\.vscode\\extensions\\uqbar.wollok-lsp-ide-0.5.4\\out\\server\\src\\server.js:2389:42)\n    at c:\\Users\\E495\\.vscode\\extensions\\uqbar.wollok-lsp-ide-0.5.4\\out\\server\\src\\server.js:2389:2988\n    at c:\\Users\\E495\\.vscode\\extensions\\uqbar.wollok-lsp-ide-0.5.4\\out\\server\\src\\server.js:2398:8440\n    at c:\\Users\\E495\\.vscode\\extensions\\uqbar.wollok-lsp-ide-0.5.4\\out\\server\\src\\server.js:37:74872\n    at Ke (c:\\Users\\E495\\.vscode\\extensions\\uqbar.wollok-lsp-ide-0.5.4\\out\\server\\src\\server.js:7:8527)","timestamp":"2026-05-05T17:51:41.823Z"}
{"level":"info","message":"⌛ Validating testMensajeros.wtest","timeElapsed":182,"timestamp":"2026-05-05T17:51:42.284Z"}
{"level":"info","message":"⌛ Building environment","timeElapsed":116,"timestamp":"2026-05-05T17:51:42.405Z"}
{"level":"info","message":"⌛ Validating testMensajeros.wtest","timeElapsed":117,"timestamp":"2026-05-05T17:51:42.524Z"}
{"level":"info","message":"⌛ Validating testMensajeros.wtest","timeElapsed":102,"timestamp":"2026-05-05T17:51:43.279Z"}
{"level":"info","message":"⌛ Building environment","timeElapsed":124,"timestamp":"2026-05-05T17:52:47.651Z"}
{"level":"error","message":"✘ Completions for node Send ([14:9, 14:31] - testMensajeros.wtest) failed: Error: [Send]{4daf9d} at testMensajeros.wtest:14 exhausted all cases without a match [Send]{4daf9d} at testMensajeros.wtest:14 exhausted all cases without a match","stack":"Error: [Send]{4daf9d} at testMensajeros.wtest:14 exhausted all cases without a match\n    at c:\\Users\\E495\\.vscode\\extensions\\uqbar.wollok-lsp-ide-0.5.4\\out\\server\\src\\server.js:38:6142\n    at L2 (c:\\Users\\E495\\.vscode\\extensions\\uqbar.wollok-lsp-ide-0.5.4\\out\\server\\src\\server.js:2389:42)\n    at Jh (c:\\Users\\E495\\.vscode\\extensions\\uqbar.wollok-lsp-ide-0.5.4\\out\\server\\src\\server.js:2389:1092)\n    at M5n (c:\\Users\\E495\\.vscode\\extensions\\uqbar.wollok-lsp-ide-0.5.4\\out\\server\\src\\server.js:2389:1248)\n    at c:\\Users\\E495\\.vscode\\extensions\\uqbar.wollok-lsp-ide-0.5.4\\out\\server\\src\\server.js:38:6131\n    at L2 (c:\\Users\\E495\\.vscode\\extensions\\uqbar.wollok-lsp-ide-0.5.4\\out\\server\\src\\server.js:2389:42)\n    at c:\\Users\\E495\\.vscode\\extensions\\uqbar.wollok-lsp-ide-0.5.4\\out\\server\\src\\server.js:2389:2988\n    at c:\\Users\\E495\\.vscode\\extensions\\uqbar.wollok-lsp-ide-0.5.4\\out\\server\\src\\server.js:2398:8440\n    at c:\\Users\\E495\\.vscode\\extensions\\uqbar.wollok-lsp-ide-0.5.4\\out\\server\\src\\server.js:37:74872\n    at Ke (c:\\Users\\E495\\.vscode\\extensions\\uqbar.wollok-lsp-ide-0.5.4\\out\\server\\src\\server.js:7:8527)","timestamp":"2026-05-05T17:52:47.690Z"}
{"level":"info","message":"⌛ Validating testMensajeros.wtest","timeElapsed":151,"timestamp":"2026-05-05T17:52:47.846Z"}
{"level":"info","message":"⌛ Building environment","timeElapsed":131,"timestamp":"2026-05-05T17:52:47.979Z"}
{"level":"info","message":"⌛ Validating testMensajeros.wtest","timeElapsed":161,"timestamp":"2026-05-05T17:52:48.231Z"}
{"level":"info","message":"⌛ Validating testMensajeros.wtest","timeElapsed":137,"timestamp":"2026-05-05T17:52:48.370Z"}
{"level":"info","message":"⌛ Building environment","timeElapsed":104,"timestamp":"2026-05-05T17:52:48.868Z"}
{"level":"info","message":"⌛ Validating testMensajeros.wtest","timeElapsed":116,"timestamp":"2026-05-05T17:52:48.985Z"}
{"level":"info","message":"⌛ Validating testMensajeros.wtest","timeElapsed":107,"timestamp":"2026-05-05T17:52:49.177Z"}
{"level":"info","message":"⌛ Validating testMensajeros.wtest","timeElapsed":110,"timestamp":"2026-05-05T17:52:49.742Z"}
{"level":"info","message":"⌛ Building environment","timeElapsed":120,"timestamp":"2026-05-05T17:52:49.981Z"}
{"level":"info","message":"⌛ Validating testMensajeros.wtest","timeElapsed":143,"timestamp":"2026-05-05T17:52:50.132Z"}
{"level":"error","message":"✘ Completions for node Send ([14:9, 14:38] - testMensajeros.wtest) failed: Error: [Send]{6bd5f1} at testMensajeros.wtest:14 exhausted all cases without a match [Send]{6bd5f1} at testMensajeros.wtest:14 exhausted all cases without a match","stack":"Error: [Send]{6bd5f1} at testMensajeros.wtest:14 exhausted all cases without a match\n    at c:\\Users\\E495\\.vscode\\extensions\\uqbar.wollok-lsp-ide-0.5.4\\out\\server\\src\\server.js:38:6142\n    at L2 (c:\\Users\\E495\\.vscode\\extensions\\uqbar.wollok-lsp-ide-0.5.4\\out\\server\\src\\server.js:2389:42)\n    at Jh (c:\\Users\\E495\\.vscode\\extensions\\uqbar.wollok-lsp-ide-0.5.4\\out\\server\\src\\server.js:2389:1092)\n    at M5n (c:\\Users\\E495\\.vscode\\extensions\\uqbar.wollok-lsp-ide-0.5.4\\out\\server\\src\\server.js:2389:1248)\n    at c:\\Users\\E495\\.vscode\\extensions\\uqbar.wollok-lsp-ide-0.5.4\\out\\server\\src\\server.js:38:6131\n    at L2 (c:\\Users\\E495\\.vscode\\extensions\\uqbar.wollok-lsp-ide-0.5.4\\out\\server\\src\\server.js:2389:42)\n    at c:\\Users\\E495\\.vscode\\extensions\\uqbar.wollok-lsp-ide-0.5.4\\out\\server\\src\\server.js:2389:2988\n    at c:\\Users\\E495\\.vscode\\extensions\\uqbar.wollok-lsp-ide-0.5.4\\out\\server\\src\\server.js:2398:8440\n    at c:\\Users\\E495\\.vscode\\extensions\\uqbar.wollok-lsp-ide-0.5.4\\out\\server\\src\\server.js:37:74872\n    at Ke (c:\\Users\\E495\\.vscode\\extensions\\uqbar.wollok-lsp-ide-0.5.4\\out\\server\\src\\server.js:7:8527)","timestamp":"2026-05-05T17:52:50.647Z"}
{"level":"info","message":"⌛ Validating testMensajeros.wtest","timeElapsed":128,"timestamp":"2026-05-05T17:52:50.785Z"}
{"level":"error","message":"✘ Completions for node Send ([14:9, 14:39] - testMensajeros.wtest) failed: Error: [Send]{01a35d} at testMensajeros.wtest:14 exhausted all cases without a match [Send]{01a35d} at testMensajeros.wtest:14 exhausted all cases without a match","stack":"Error: [Send]{01a35d} at testMensajeros.wtest:14 exhausted all cases without a match\n    at c:\\Users\\E495\\.vscode\\extensions\\uqbar.wollok-lsp-ide-0.5.4\\out\\server\\src\\server.js:38:6142\n    at L2 (c:\\Users\\E495\\.vscode\\extensions\\uqbar.wollok-lsp-ide-0.5.4\\out\\server\\src\\server.js:2389:42)\n    at Jh (c:\\Users\\E495\\.vscode\\extensions\\uqbar.wollok-lsp-ide-0.5.4\\out\\server\\src\\server.js:2389:1092)\n    at M5n (c:\\Users\\E495\\.vscode\\extensions\\uqbar.wollok-lsp-ide-0.5.4\\out\\server\\src\\server.js:2389:1248)\n    at c:\\Users\\E495\\.vscode\\extensions\\uqbar.wollok-lsp-ide-0.5.4\\out\\server\\src\\server.js:38:6131\n    at L2 (c:\\Users\\E495\\.vscode\\extensions\\uqbar.wollok-lsp-ide-0.5.4\\out\\server\\src\\server.js:2389:42)\n    at c:\\Users\\E495\\.vscode\\extensions\\uqbar.wollok-lsp-ide-0.5.4\\out\\server\\src\\server.js:2389:2988\n    at c:\\Users\\E495\\.vscode\\extensions\\uqbar.wollok-lsp-ide-0.5.4\\out\\server\\src\\server.js:2398:8440\n    at c:\\Users\\E495\\.vscode\\extensions\\uqbar.wollok-lsp-ide-0.5.4\\out\\server\\src\\server.js:37:74872\n    at Ke (c:\\Users\\E495\\.vscode\\extensions\\uqbar.wollok-lsp-ide-0.5.4\\out\\server\\src\\server.js:7:8527)","timestamp":"2026-05-05T17:52:50.951Z"}
{"level":"info","message":"⌛ Validating testMensajeros.wtest","timeElapsed":105,"timestamp":"2026-05-05T17:52:51.061Z"}
{"level":"error","message":"✘ Completions for node Send ([14:9, 14:41] - testMensajeros.wtest) failed: Error: [Send]{4d0160} at testMensajeros.wtest:14 exhausted all cases without a match [Send]{4d0160} at testMensajeros.wtest:14 exhausted all cases without a match","stack":"Error: [Send]{4d0160} at testMensajeros.wtest:14 exhausted all cases without a match\n    at c:\\Users\\E495\\.vscode\\extensions\\uqbar.wollok-lsp-ide-0.5.4\\out\\server\\src\\server.js:38:6142\n    at L2 (c:\\Users\\E495\\.vscode\\extensions\\uqbar.wollok-lsp-ide-0.5.4\\out\\server\\src\\server.js:2389:42)\n    at Jh (c:\\Users\\E495\\.vscode\\extensions\\uqbar.wollok-lsp-ide-0.5.4\\out\\server\\src\\server.js:2389:1092)\n    at M5n (c:\\Users\\E495\\.vscode\\extensions\\uqbar.wollok-lsp-ide-0.5.4\\out\\server\\src\\server.js:2389:1248)\n    at c:\\Users\\E495\\.vscode\\extensions\\uqbar.wollok-lsp-ide-0.5.4\\out\\server\\src\\server.js:38:6131\n    at L2 (c:\\Users\\E495\\.vscode\\extensions\\uqbar.wollok-lsp-ide-0.5.4\\out\\server\\src\\server.js:2389:42)\n    at c:\\Users\\E495\\.vscode\\extensions\\uqbar.wollok-lsp-ide-0.5.4\\out\\server\\src\\server.js:2389:2988\n    at c:\\Users\\E495\\.vscode\\extensions\\uqbar.wollok-lsp-ide-0.5.4\\out\\server\\src\\server.js:2398:8440\n    at c:\\Users\\E495\\.vscode\\extensions\\uqbar.wollok-lsp-ide-0.5.4\\out\\server\\src\\server.js:37:74872\n    at Ke (c:\\Users\\E495\\.vscode\\extensions\\uqbar.wollok-lsp-ide-0.5.4\\out\\server\\src\\server.js:7:8527)","timestamp":"2026-05-05T17:52:51.296Z"}
{"level":"info","message":"⌛ Validating testMensajeros.wtest","timeElapsed":115,"timestamp":"2026-05-05T17:52:51.413Z"}
{"level":"info","message":"⌛ Validating testMensajeros.wtest","timeElapsed":191,"timestamp":"2026-05-05T17:52:51.604Z"}
{"level":"error","message":"✘ Completions for node Send ([14:9, 14:42] - testMensajeros.wtest) failed: Error: [Send]{bd9c84} at testMensajeros.wtest:14 exhausted all cases without a match [Send]{bd9c84} at testMensajeros.wtest:14 exhausted all cases without a match","stack":"Error: [Send]{bd9c84} at testMensajeros.wtest:14 exhausted all cases without a match\n    at c:\\Users\\E495\\.vscode\\extensions\\uqbar.wollok-lsp-ide-0.5.4\\out\\server\\src\\server.js:38:6142\n    at L2 (c:\\Users\\E495\\.vscode\\extensions\\uqbar.wollok-lsp-ide-0.5.4\\out\\server\\src\\server.js:2389:42)\n    at Jh (c:\\Users\\E495\\.vscode\\extensions\\uqbar.wollok-lsp-ide-0.5.4\\out\\server\\src\\server.js:2389:1092)\n    at M5n (c:\\Users\\E495\\.vscode\\extensions\\uqbar.wollok-lsp-ide-0.5.4\\out\\server\\src\\server.js:2389:1248)\n    at c:\\Users\\E495\\.vscode\\extensions\\uqbar.wollok-lsp-ide-0.5.4\\out\\server\\src\\server.js:38:6131\n    at L2 (c:\\Users\\E495\\.vscode\\extensions\\uqbar.wollok-lsp-ide-0.5.4\\out\\server\\src\\server.js:2389:42)\n    at c:\\Users\\E495\\.vscode\\extensions\\uqbar.wollok-lsp-ide-0.5.4\\out\\server\\src\\server.js:2389:2988\n    at c:\\Users\\E495\\.vscode\\extensions\\uqbar.wollok-lsp-ide-0.5.4\\out\\server\\src\\server.js:2398:8440\n    at c:\\Users\\E495\\.vscode\\extensions\\uqbar.wollok-lsp-ide-0.5.4\\out\\server\\src\\server.js:37:74872\n    at Ke (c:\\Users\\E495\\.vscode\\extensions\\uqbar.wollok-lsp-ide-0.5.4\\out\\server\\src\\server.js:7:8527)","timestamp":"2026-05-05T17:52:51.731Z"}
{"level":"info","message":"⌛ Validating testMensajeros.wtest","timeElapsed":118,"timestamp":"2026-05-05T17:52:51.925Z"}
{"level":"info","message":"⌛ Validating testMensajeros.wtest","timeElapsed":106,"timestamp":"2026-05-05T17:52:52.067Z"}
{"level":"error","message":"✘ Completions for node Send ([14:9, 14:44] - testMensajeros.wtest) failed: Error: [Send]{6dbd65} at testMensajeros.wtest:14 exhausted all cases without a match [Send]{6dbd65} at testMensajeros.wtest:14 exhausted all cases without a match","stack":"Error: [Send]{6dbd65} at testMensajeros.wtest:14 exhausted all cases without a match\n    at c:\\Users\\E495\\.vscode\\extensions\\uqbar.wollok-lsp-ide-0.5.4\\out\\server\\src\\server.js:38:6142\n    at L2 (c:\\Users\\E495\\.vscode\\extensions\\uqbar.wollok-lsp-ide-0.5.4\\out\\server\\src\\server.js:2389:42)\n    at Jh (c:\\Users\\E495\\.vscode\\extensions\\uqbar.wollok-lsp-ide-0.5.4\\out\\server\\src\\server.js:2389:1092)\n    at M5n (c:\\Users\\E495\\.vscode\\extensions\\uqbar.wollok-lsp-ide-0.5.4\\out\\server\\src\\server.js:2389:1248)\n    at c:\\Users\\E495\\.vscode\\extensions\\uqbar.wollok-lsp-ide-0.5.4\\out\\server\\src\\server.js:38:6131\n    at L2 (c:\\Users\\E495\\.vscode\\extensions\\uqbar.wollok-lsp-ide-0.5.4\\out\\server\\src\\server.js:2389:42)\n    at c:\\Users\\E495\\.vscode\\extensions\\uqbar.wollok-lsp-ide-0.5.4\\out\\server\\src\\server.js:2389:2988\n    at c:\\Users\\E495\\.vscode\\extensions\\uqbar.wollok-lsp-ide-0.5.4\\out\\server\\src\\server.js:2398:8440\n    at c:\\Users\\E495\\.vscode\\extensions\\uqbar.wollok-lsp-ide-0.5.4\\out\\server\\src\\server.js:37:74872\n    at Ke (c:\\Users\\E495\\.vscode\\extensions\\uqbar.wollok-lsp-ide-0.5.4\\out\\server\\src\\server.js:7:8527)","timestamp":"2026-05-05T17:52:52.259Z"}
{"level":"info","message":"⌛ Validating testMensajeros.wtest","timeElapsed":108,"timestamp":"2026-05-05T17:52:52.371Z"}
{"level":"error","message":"✘ Completions for node Send ([14:9, 14:45] - testMensajeros.wtest) failed: Error: [Send]{8ab0a0} at testMensajeros.wtest:14 exhausted all cases without a match [Send]{8ab0a0} at testMensajeros.wtest:14 exhausted all cases without a match","stack":"Error: [Send]{8ab0a0} at testMensajeros.wtest:14 exhausted all cases without a match\n    at c:\\Users\\E495\\.vscode\\extensions\\uqbar.wollok-lsp-ide-0.5.4\\out\\server\\src\\server.js:38:6142\n    at L2 (c:\\Users\\E495\\.vscode\\extensions\\uqbar.wollok-lsp-ide-0.5.4\\out\\server\\src\\server.js:2389:42)\n    at Jh (c:\\Users\\E495\\.vscode\\extensions\\uqbar.wollok-lsp-ide-0.5.4\\out\\server\\src\\server.js:2389:1092)\n    at M5n (c:\\Users\\E495\\.vscode\\extensions\\uqbar.wollok-lsp-ide-0.5.4\\out\\server\\src\\server.js:2389:1248)\n    at c:\\Users\\E495\\.vscode\\extensions\\uqbar.wollok-lsp-ide-0.5.4\\out\\server\\src\\server.js:38:6131\n    at L2 (c:\\Users\\E495\\.vscode\\extensions\\uqbar.wollok-lsp-ide-0.5.4\\out\\server\\src\\server.js:2389:42)\n    at c:\\Users\\E495\\.vscode\\extensions\\uqbar.wollok-lsp-ide-0.5.4\\out\\server\\src\\server.js:2389:2988\n    at c:\\Users\\E495\\.vscode\\extensions\\uqbar.wollok-lsp-ide-0.5.4\\out\\server\\src\\server.js:2398:8440\n    at c:\\Users\\E495\\.vscode\\extensions\\uqbar.wollok-lsp-ide-0.5.4\\out\\server\\src\\server.js:37:74872\n    at Ke (c:\\Users\\E495\\.vscode\\extensions\\uqbar.wollok-lsp-ide-0.5.4\\out\\server\\src\\server.js:7:8527)","timestamp":"2026-05-05T17:52:52.598Z"}
{"level":"info","message":"⌛ Validating testMensajeros.wtest","timeElapsed":109,"timestamp":"2026-05-05T17:52:52.710Z"}
{"level":"error","message":"✘ Completions for node Send ([14:9, 14:46] - testMensajeros.wtest) failed: Error: [Send]{7717b2} at testMensajeros.wtest:14 exhausted all cases without a match [Send]{7717b2} at testMensajeros.wtest:14 exhausted all cases without a match","stack":"Error: [Send]{7717b2} at testMensajeros.wtest:14 exhausted all cases without a match\n    at c:\\Users\\E495\\.vscode\\extensions\\uqbar.wollok-lsp-ide-0.5.4\\out\\server\\src\\server.js:38:6142\n    at L2 (c:\\Users\\E495\\.vscode\\extensions\\uqbar.wollok-lsp-ide-0.5.4\\out\\server\\src\\server.js:2389:42)\n    at Jh (c:\\Users\\E495\\.vscode\\extensions\\uqbar.wollok-lsp-ide-0.5.4\\out\\server\\src\\server.js:2389:1092)\n    at M5n (c:\\Users\\E495\\.vscode\\extensions\\uqbar.wollok-lsp-ide-0.5.4\\out\\server\\src\\server.js:2389:1248)\n    at c:\\Users\\E495\\.vscode\\extensions\\uqbar.wollok-lsp-ide-0.5.4\\out\\server\\src\\server.js:38:6131\n    at L2 (c:\\Users\\E495\\.vscode\\extensions\\uqbar.wollok-lsp-ide-0.5.4\\out\\server\\src\\server.js:2389:42)\n    at c:\\Users\\E495\\.vscode\\extensions\\uqbar.wollok-lsp-ide-0.5.4\\out\\server\\src\\server.js:2389:2988\n    at c:\\Users\\E495\\.vscode\\extensions\\uqbar.wollok-lsp-ide-0.5.4\\out\\server\\src\\server.js:2398:8440\n    at c:\\Users\\E495\\.vscode\\extensions\\uqbar.wollok-lsp-ide-0.5.4\\out\\server\\src\\server.js:37:74872\n    at Ke (c:\\Users\\E495\\.vscode\\extensions\\uqbar.wollok-lsp-ide-0.5.4\\out\\server\\src\\server.js:7:8527)","timestamp":"2026-05-05T17:52:52.979Z"}
{"level":"info","message":"⌛ Validating testMensajeros.wtest","timeElapsed":102,"timestamp":"2026-05-05T17:52:53.083Z"}
{"level":"error","message":"✘ Completions for node Send ([14:9, 14:47] - testMensajeros.wtest) failed: Error: [Send]{609d49} at testMensajeros.wtest:14 exhausted all cases without a match [Send]{609d49} at testMensajeros.wtest:14 exhausted all cases without a match","stack":"Error: [Send]{609d49} at testMensajeros.wtest:14 exhausted all cases without a match\n    at c:\\Users\\E495\\.vscode\\extensions\\uqbar.wollok-lsp-ide-0.5.4\\out\\server\\src\\server.js:38:6142\n    at L2 (c:\\Users\\E495\\.vscode\\extensions\\uqbar.wollok-lsp-ide-0.5.4\\out\\server\\src\\server.js:2389:42)\n    at Jh (c:\\Users\\E495\\.vscode\\extensions\\uqbar.wollok-lsp-ide-0.5.4\\out\\server\\src\\server.js:2389:1092)\n    at M5n (c:\\Users\\E495\\.vscode\\extensions\\uqbar.wollok-lsp-ide-0.5.4\\out\\server\\src\\server.js:2389:1248)\n    at c:\\Users\\E495\\.vscode\\extensions\\uqbar.wollok-lsp-ide-0.5.4\\out\\server\\src\\server.js:38:6131\n    at L2 (c:\\Users\\E495\\.vscode\\extensions\\uqbar.wollok-lsp-ide-0.5.4\\out\\server\\src\\server.js:2389:42)\n    at c:\\Users\\E495\\.vscode\\extensions\\uqbar.wollok-lsp-ide-0.5.4\\out\\server\\src\\server.js:2389:2988\n    at c:\\Users\\E495\\.vscode\\extensions\\uqbar.wollok-lsp-ide-0.5.4\\out\\server\\src\\server.js:2398:8440\n    at c:\\Users\\E495\\.vscode\\extensions\\uqbar.wollok-lsp-ide-0.5.4\\out\\server\\src\\server.js:37:74872\n    at Ke (c:\\Users\\E495\\.vscode\\extensions\\uqbar.wollok-lsp-ide-0.5.4\\out\\server\\src\\server.js:7:8527)","timestamp":"2026-05-05T17:52:53.454Z"}
{"level":"info","message":"⌛ Validating testMensajeros.wtest","timeElapsed":137,"timestamp":"2026-05-05T17:52:53.596Z"}
{"level":"error","message":"✘ Completions for node Send ([14:9, 14:48] - testMensajeros.wtest) failed: Error: [Send]{3282e1} at testMensajeros.wtest:14 exhausted all cases without a match [Send]{3282e1} at testMensajeros.wtest:14 exhausted all cases without a match","stack":"Error: [Send]{3282e1} at testMensajeros.wtest:14 exhausted all cases without a match\n    at c:\\Users\\E495\\.vscode\\extensions\\uqbar.wollok-lsp-ide-0.5.4\\out\\server\\src\\server.js:38:6142\n    at L2 (c:\\Users\\E495\\.vscode\\extensions\\uqbar.wollok-lsp-ide-0.5.4\\out\\server\\src\\server.js:2389:42)\n    at Jh (c:\\Users\\E495\\.vscode\\extensions\\uqbar.wollok-lsp-ide-0.5.4\\out\\server\\src\\server.js:2389:1092)\n    at M5n (c:\\Users\\E495\\.vscode\\extensions\\uqbar.wollok-lsp-ide-0.5.4\\out\\server\\src\\server.js:2389:1248)\n    at c:\\Users\\E495\\.vscode\\extensions\\uqbar.wollok-lsp-ide-0.5.4\\out\\server\\src\\server.js:38:6131\n    at L2 (c:\\Users\\E495\\.vscode\\extensions\\uqbar.wollok-lsp-ide-0.5.4\\out\\server\\src\\server.js:2389:42)\n    at c:\\Users\\E495\\.vscode\\extensions\\uqbar.wollok-lsp-ide-0.5.4\\out\\server\\src\\server.js:2389:2988\n    at c:\\Users\\E495\\.vscode\\extensions\\uqbar.wollok-lsp-ide-0.5.4\\out\\server\\src\\server.js:2398:8440\n    at c:\\Users\\E495\\.vscode\\extensions\\uqbar.wollok-lsp-ide-0.5.4\\out\\server\\src\\server.js:37:74872\n    at Ke (c:\\Users\\E495\\.vscode\\extensions\\uqbar.wollok-lsp-ide-0.5.4\\out\\server\\src\\server.js:7:8527)","timestamp":"2026-05-05T17:52:53.732Z"}
{"level":"info","message":"⌛ Validating testMensajeros.wtest","timeElapsed":124,"timestamp":"2026-05-05T17:52:53.860Z"}
{"level":"error","message":"✘ Completions for node Send ([14:9, 14:49] - testMensajeros.wtest) failed: Error: [Send]{e6f17c} at testMensajeros.wtest:14 exhausted all cases without a match [Send]{e6f17c} at testMensajeros.wtest:14 exhausted all cases without a match","stack":"Error: [Send]{e6f17c} at testMensajeros.wtest:14 exhausted all cases without a match\n    at c:\\Users\\E495\\.vscode\\extensions\\uqbar.wollok-lsp-ide-0.5.4\\out\\server\\src\\server.js:38:6142\n    at L2 (c:\\Users\\E495\\.vscode\\extensions\\uqbar.wollok-lsp-ide-0.5.4\\out\\server\\src\\server.js:2389:42)\n    at Jh (c:\\Users\\E495\\.vscode\\extensions\\uqbar.wollok-lsp-ide-0.5.4\\out\\server\\src\\server.js:2389:1092)\n    at M5n (c:\\Users\\E495\\.vscode\\extensions\\uqbar.wollok-lsp-ide-0.5.4\\out\\server\\src\\server.js:2389:1248)\n    at c:\\Users\\E495\\.vscode\\extensions\\uqbar.wollok-lsp-ide-0.5.4\\out\\server\\src\\server.js:38:6131\n    at L2 (c:\\Users\\E495\\.vscode\\extensions\\uqbar.wollok-lsp-ide-0.5.4\\out\\server\\src\\server.js:2389:42)\n    at c:\\Users\\E495\\.vscode\\extensions\\uqbar.wollok-lsp-ide-0.5.4\\out\\server\\src\\server.js:2389:2988\n    at c:\\Users\\E495\\.vscode\\extensions\\uqbar.wollok-lsp-ide-0.5.4\\out\\server\\src\\server.js:2398:8440\n    at c:\\Users\\E495\\.vscode\\extensions\\uqbar.wollok-lsp-ide-0.5.4\\out\\server\\src\\server.js:37:74872\n    at Ke (c:\\Users\\E495\\.vscode\\extensions\\uqbar.wollok-lsp-ide-0.5.4\\out\\server\\src\\server.js:7:8527)","timestamp":"2026-05-05T17:52:53.993Z"}
{"level":"info","message":"⌛ Validating testMensajeros.wtest","timeElapsed":114,"timestamp":"2026-05-05T17:52:54.208Z"}
{"level":"info","message":"⌛ Building environment","timeElapsed":138,"timestamp":"2026-05-05T17:52:54.347Z"}
{"level":"info","message":"⌛ Validating testMensajeros.wtest","timeElapsed":105,"timestamp":"2026-05-05T17:52:54.453Z"}
{"level":"error","message":"✘ Completions for node Send ([14:9, 14:51] - testMensajeros.wtest) failed: Error: [Send]{b384a9} at testMensajeros.wtest:14 exhausted all cases without a match [Send]{b384a9} at testMensajeros.wtest:14 exhausted all cases without a match","stack":"Error: [Send]{b384a9} at testMensajeros.wtest:14 exhausted all cases without a match\n    at c:\\Users\\E495\\.vscode\\extensions\\uqbar.wollok-lsp-ide-0.5.4\\out\\server\\src\\server.js:38:6142\n    at L2 (c:\\Users\\E495\\.vscode\\extensions\\uqbar.wollok-lsp-ide-0.5.4\\out\\server\\src\\server.js:2389:42)\n    at Jh (c:\\Users\\E495\\.vscode\\extensions\\uqbar.wollok-lsp-ide-0.5.4\\out\\server\\src\\server.js:2389:1092)\n    at M5n (c:\\Users\\E495\\.vscode\\extensions\\uqbar.wollok-lsp-ide-0.5.4\\out\\server\\src\\server.js:2389:1248)\n    at c:\\Users\\E495\\.vscode\\extensions\\uqbar.wollok-lsp-ide-0.5.4\\out\\server\\src\\server.js:38:6131\n    at L2 (c:\\Users\\E495\\.vscode\\extensions\\uqbar.wollok-lsp-ide-0.5.4\\out\\server\\src\\server.js:2389:42)\n    at c:\\Users\\E495\\.vscode\\extensions\\uqbar.wollok-lsp-ide-0.5.4\\out\\server\\src\\server.js:2389:2988\n    at c:\\Users\\E495\\.vscode\\extensions\\uqbar.wollok-lsp-ide-0.5.4\\out\\server\\src\\server.js:2398:8440\n    at c:\\Users\\E495\\.vscode\\extensions\\uqbar.wollok-lsp-ide-0.5.4\\out\\server\\src\\server.js:37:74872\n    at Ke (c:\\Users\\E495\\.vscode\\extensions\\uqbar.wollok-lsp-ide-0.5.4\\out\\server\\src\\server.js:7:8527)","timestamp":"2026-05-05T17:52:54.487Z"}
{"level":"info","message":"⌛ Validating testMensajeros.wtest","timeElapsed":103,"timestamp":"2026-05-05T17:52:54.674Z"}
{"level":"info","message":"⌛ Validating testMensajeros.wtest","timeElapsed":103,"timestamp":"2026-05-05T17:52:55.165Z"}
{"level":"error","message":"✘ Completions for node Send ([14:21, 14:54] - testMensajeros.wtest) failed: Error: [Send]{099236} at testMensajeros.wtest:14 exhausted all cases without a match [Send]{099236} at testMensajeros.wtest:14 exhausted all cases without a match","stack":"Error: [Send]{099236} at testMensajeros.wtest:14 exhausted all cases without a match\n    at c:\\Users\\E495\\.vscode\\extensions\\uqbar.wollok-lsp-ide-0.5.4\\out\\server\\src\\server.js:38:6142\n    at L2 (c:\\Users\\E495\\.vscode\\extensions\\uqbar.wollok-lsp-ide-0.5.4\\out\\server\\src\\server.js:2389:42)\n    at Jh (c:\\Users\\E495\\.vscode\\extensions\\uqbar.wollok-lsp-ide-0.5.4\\out\\server\\src\\server.js:2389:1092)\n    at M5n (c:\\Users\\E495\\.vscode\\extensions\\uqbar.wollok-lsp-ide-0.5.4\\out\\server\\src\\server.js:2389:1248)\n    at c:\\Users\\E495\\.vscode\\extensions\\uqbar.wollok-lsp-ide-0.5.4\\out\\server\\src\\server.js:38:6131\n    at L2 (c:\\Users\\E495\\.vscode\\extensions\\uqbar.wollok-lsp-ide-0.5.4\\out\\server\\src\\server.js:2389:42)\n    at c:\\Users\\E495\\.vscode\\extensions\\uqbar.wollok-lsp-ide-0.5.4\\out\\server\\src\\server.js:2389:2988\n    at c:\\Users\\E495\\.vscode\\extensions\\uqbar.wollok-lsp-ide-0.5.4\\out\\server\\src\\server.js:2398:8440\n    at c:\\Users\\E495\\.vscode\\extensions\\uqbar.wollok-lsp-ide-0.5.4\\out\\server\\src\\server.js:37:74872\n    at Ke (c:\\Users\\E495\\.vscode\\extensions\\uqbar.wollok-lsp-ide-0.5.4\\out\\server\\src\\server.js:7:8527)","timestamp":"2026-05-05T17:52:55.560Z"}
{"level":"error","message":"✘ Completions for node Send ([14:9, 14:55] - testMensajeros.wtest) failed: Error: [Send]{bcdf79} at testMensajeros.wtest:14 exhausted all cases without a match [Send]{bcdf79} at testMensajeros.wtest:14 exhausted all cases without a match","stack":"Error: [Send]{bcdf79} at testMensajeros.wtest:14 exhausted all cases without a match\n    at c:\\Users\\E495\\.vscode\\extensions\\uqbar.wollok-lsp-ide-0.5.4\\out\\server\\src\\server.js:38:6142\n    at L2 (c:\\Users\\E495\\.vscode\\extensions\\uqbar.wollok-lsp-ide-0.5.4\\out\\server\\src\\server.js:2389:42)\n    at Jh (c:\\Users\\E495\\.vscode\\extensions\\uqbar.wollok-lsp-ide-0.5.4\\out\\server\\src\\server.js:2389:1092)\n    at L2 (c:\\Users\\E495\\.vscode\\extensions\\uqbar.wollok-lsp-ide-0.5.4\\out\\server\\src\\server.js:2389:544)\n    at Jh (c:\\Users\\E495\\.vscode\\extensions\\uqbar.wollok-lsp-ide-0.5.4\\out\\server\\src\\server.js:2389:1092)\n    at M5n (c:\\Users\\E495\\.vscode\\extensions\\uqbar.wollok-lsp-ide-0.5.4\\out\\server\\src\\server.js:2389:1248)\n    at c:\\Users\\E495\\.vscode\\extensions\\uqbar.wollok-lsp-ide-0.5.4\\out\\server\\src\\server.js:38:6131\n    at L2 (c:\\Users\\E495\\.vscode\\extensions\\uqbar.wollok-lsp-ide-0.5.4\\out\\server\\src\\server.js:2389:42)\n    at c:\\Users\\E495\\.vscode\\extensions\\uqbar.wollok-lsp-ide-0.5.4\\out\\server\\src\\server.js:2389:2988\n    at c:\\Users\\E495\\.vscode\\extensions\\uqbar.wollok-lsp-ide-0.5.4\\out\\server\\src\\server.js:2398:8440","timestamp":"2026-05-05T17:52:55.560Z"}
{"level":"info","message":"⌛ Validating testMensajeros.wtest","timeElapsed":113,"timestamp":"2026-05-05T17:52:55.676Z"}
{"level":"info","message":"⌛ Validating testMensajeros.wtest","timeElapsed":111,"timestamp":"2026-05-05T17:52:56.039Z"}
{"level":"info","message":"🧪 Test runner executed on c:\\Users\\E495\\Desktop\\UNaHur\\Programación con objetos I\\mensajerosDePelicula-pinkiemorie","result":{"errored":0,"failed":0,"ok":1},"testsFailed":[],"timeElapsed":570,"timestamp":"2026-05-05T17:53:03.194Z"}
{"level":"error","message":"✘ Completions for node Send ([11:8, 11:26] - testMensajeros.wtest) failed: Error: [Send]{10b4f7} at testMensajeros.wtest:11 exhausted all cases without a match [Send]{10b4f7} at testMensajeros.wtest:11 exhausted all cases without a match","stack":"Error: [Send]{10b4f7} at testMensajeros.wtest:11 exhausted all cases without a match\n    at c:\\Users\\E495\\.vscode\\extensions\\uqbar.wollok-lsp-ide-0.5.4\\out\\server\\src\\server.js:38:6142\n    at L2 (c:\\Users\\E495\\.vscode\\extensions\\uqbar.wollok-lsp-ide-0.5.4\\out\\server\\src\\server.js:2389:42)\n    at Jh (c:\\Users\\E495\\.vscode\\extensions\\uqbar.wollok-lsp-ide-0.5.4\\out\\server\\src\\server.js:2389:1092)\n    at M5n (c:\\Users\\E495\\.vscode\\extensions\\uqbar.wollok-lsp-ide-0.5.4\\out\\server\\src\\server.js:2389:1248)\n    at c:\\Users\\E495\\.vscode\\extensions\\uqbar.wollok-lsp-ide-0.5.4\\out\\server\\src\\server.js:38:6131\n    at L2 (c:\\Users\\E495\\.vscode\\extensions\\uqbar.wollok-lsp-ide-0.5.4\\out\\server\\src\\server.js:2389:42)\n    at c:\\Users\\E495\\.vscode\\extensions\\uqbar.wollok-lsp-ide-0.5.4\\out\\server\\src\\server.js:2389:2988\n    at c:\\Users\\E495\\.vscode\\extensions\\uqbar.wollok-lsp-ide-0.5.4\\out\\server\\src\\server.js:2398:8440\n    at c:\\Users\\E495\\.vscode\\extensions\\uqbar.wollok-lsp-ide-0.5.4\\out\\server\\src\\server.js:37:74872\n    at Ke (c:\\Users\\E495\\.vscode\\extensions\\uqbar.wollok-lsp-ide-0.5.4\\out\\server\\src\\server.js:7:8527)","timestamp":"2026-05-05T17:53:12.520Z"}
{"level":"info","message":"⌛ Validating testMensajeros.wtest","timeElapsed":134,"timestamp":"2026-05-05T17:53:12.670Z"}
{"level":"info","message":"⌛ Building environment","timeElapsed":112,"timestamp":"2026-05-05T17:53:12.874Z"}
{"level":"error","message":"✘ Completions for node Send ([11:8, 11:28] - testMensajeros.wtest) failed: Error: [Send]{58cb4e} at testMensajeros.wtest:11 exhausted all cases without a match [Send]{58cb4e} at testMensajeros.wtest:11 exhausted all cases without a match","stack":"Error: [Send]{58cb4e} at testMensajeros.wtest:11 exhausted all cases without a match\n    at c:\\Users\\E495\\.vscode\\extensions\\uqbar.wollok-lsp-ide-0.5.4\\out\\server\\src\\server.js:38:6142\n    at L2 (c:\\Users\\E495\\.vscode\\extensions\\uqbar.wollok-lsp-ide-0.5.4\\out\\server\\src\\server.js:2389:42)\n    at Jh (c:\\Users\\E495\\.vscode\\extensions\\uqbar.wollok-lsp-ide-0.5.4\\out\\server\\src\\server.js:2389:1092)\n    at M5n (c:\\Users\\E495\\.vscode\\extensions\\uqbar.wollok-lsp-ide-0.5.4\\out\\server\\src\\server.js:2389:1248)\n    at c:\\Users\\E495\\.vscode\\extensions\\uqbar.wollok-lsp-ide-0.5.4\\out\\server\\src\\server.js:38:6131\n    at L2 (c:\\Users\\E495\\.vscode\\extensions\\uqbar.wollok-lsp-ide-0.5.4\\out\\server\\src\\server.js:2389:42)\n    at c:\\Users\\E495\\.vscode\\extensions\\uqbar.wollok-lsp-ide-0.5.4\\out\\server\\src\\server.js:2389:2988\n    at c:\\Users\\E495\\.vscode\\extensions\\uqbar.wollok-lsp-ide-0.5.4\\out\\server\\src\\server.js:2398:8440\n    at c:\\Users\\E495\\.vscode\\extensions\\uqbar.wollok-lsp-ide-0.5.4\\out\\server\\src\\server.js:37:74872\n    at Ke (c:\\Users\\E495\\.vscode\\extensions\\uqbar.wollok-lsp-ide-0.5.4\\out\\server\\src\\server.js:7:8527)","timestamp":"2026-05-05T17:53:12.920Z"}
{"level":"info","message":"⌛ Validating testMensajeros.wtest","timeElapsed":137,"timestamp":"2026-05-05T17:53:13.062Z"}
{"level":"info","message":"⌛ Validating testMensajeros.wtest","timeElapsed":147,"timestamp":"2026-05-05T17:53:13.211Z"}
{"level":"info","message":"⌛ Building environment","timeElapsed":101,"timestamp":"2026-05-05T17:53:13.313Z"}
{"level":"error","message":"✘ Completions for node Send ([11:8, 11:28] - testMensajeros.wtest) failed: Error: [Send]{c88f98} at testMensajeros.wtest:11 exhausted all cases without a match [Send]{c88f98} at testMensajeros.wtest:11 exhausted all cases without a match","stack":"Error: [Send]{c88f98} at testMensajeros.wtest:11 exhausted all cases without a match\n    at c:\\Users\\E495\\.vscode\\extensions\\uqbar.wollok-lsp-ide-0.5.4\\out\\server\\src\\server.js:38:6142\n    at L2 (c:\\Users\\E495\\.vscode\\extensions\\uqbar.wollok-lsp-ide-0.5.4\\out\\server\\src\\server.js:2389:42)\n    at Jh (c:\\Users\\E495\\.vscode\\extensions\\uqbar.wollok-lsp-ide-0.5.4\\out\\server\\src\\server.js:2389:1092)\n    at M5n (c:\\Users\\E495\\.vscode\\extensions\\uqbar.wollok-lsp-ide-0.5.4\\out\\server\\src\\server.js:2389:1248)\n    at c:\\Users\\E495\\.vscode\\extensions\\uqbar.wollok-lsp-ide-0.5.4\\out\\server\\src\\server.js:38:6131\n    at L2 (c:\\Users\\E495\\.vscode\\extensions\\uqbar.wollok-lsp-ide-0.5.4\\out\\server\\src\\server.js:2389:42)\n    at c:\\Users\\E495\\.vscode\\extensions\\uqbar.wollok-lsp-ide-0.5.4\\out\\server\\src\\server.js:2389:2988\n    at c:\\Users\\E495\\.vscode\\extensions\\uqbar.wollok-lsp-ide-0.5.4\\out\\server\\src\\server.js:2398:8440\n    at c:\\Users\\E495\\.vscode\\extensions\\uqbar.wollok-lsp-ide-0.5.4\\out\\server\\src\\server.js:37:74872\n    at Ke (c:\\Users\\E495\\.vscode\\extensions\\uqbar.wollok-lsp-ide-0.5.4\\out\\server\\src\\server.js:7:8527)","timestamp":"2026-05-05T17:53:13.442Z"}
{"level":"info","message":"⌛ Validating testMensajeros.wtest","timeElapsed":109,"timestamp":"2026-05-05T17:53:13.553Z"}
{"level":"info","message":"⌛ Validating testMensajeros.wtest","timeElapsed":111,"timestamp":"2026-05-05T17:53:13.750Z"}
{"level":"info","message":"⌛ Validating testMensajeros.wtest","timeElapsed":153,"timestamp":"2026-05-05T17:53:13.904Z"}
{"level":"error","message":"✘ Completions for node Literal ([11:24, 11:29] - testMensajeros.wtest) failed: Error: false [Literal]{02b195} at testMensajeros.wtest:11 exhausted all cases without a match false [Literal]{02b195} at testMensajeros.wtest:11 exhausted all cases without a match","stack":"Error: false [Literal]{02b195} at testMensajeros.wtest:11 exhausted all cases without a match\n    at c:\\Users\\E495\\.vscode\\extensions\\uqbar.wollok-lsp-ide-0.5.4\\out\\server\\src\\server.js:38:6142\n    at L2 (c:\\Users\\E495\\.vscode\\extensions\\uqbar.wollok-lsp-ide-0.5.4\\out\\server\\src\\server.js:2389:42)\n    at c:\\Users\\E495\\.vscode\\extensions\\uqbar.wollok-lsp-ide-0.5.4\\out\\server\\src\\server.js:2389:2988\n    at c:\\Users\\E495\\.vscode\\extensions\\uqbar.wollok-lsp-ide-0.5.4\\out\\server\\src\\server.js:2398:8440\n    at c:\\Users\\E495\\.vscode\\extensions\\uqbar.wollok-lsp-ide-0.5.4\\out\\server\\src\\server.js:37:74872\n    at Ke (c:\\Users\\E495\\.vscode\\extensions\\uqbar.wollok-lsp-ide-0.5.4\\out\\server\\src\\server.js:7:8527)\n    at Lt (c:\\Users\\E495\\.vscode\\extensions\\uqbar.wollok-lsp-ide-0.5.4\\out\\server\\src\\server.js:7:6189)\n    at ct (c:\\Users\\E495\\.vscode\\extensions\\uqbar.wollok-lsp-ide-0.5.4\\out\\server\\src\\server.js:7:6378)\n    at Immediate._onImmediate (c:\\Users\\E495\\.vscode\\extensions\\uqbar.wollok-lsp-ide-0.5.4\\out\\server\\src\\server.js:7:6142)\n    at process.processImmediate (node:internal/timers:484:21)","timestamp":"2026-05-05T17:53:14.033Z"}
{"level":"error","message":"✘ Completions for node Send ([11:8, 11:30] - testMensajeros.wtest) failed: Error: [Send]{e1874c} at testMensajeros.wtest:11 exhausted all cases without a match [Send]{e1874c} at testMensajeros.wtest:11 exhausted all cases without a match","stack":"Error: [Send]{e1874c} at testMensajeros.wtest:11 exhausted all cases without a match\n    at c:\\Users\\E495\\.vscode\\extensions\\uqbar.wollok-lsp-ide-0.5.4\\out\\server\\src\\server.js:38:6142\n    at L2 (c:\\Users\\E495\\.vscode\\extensions\\uqbar.wollok-lsp-ide-0.5.4\\out\\server\\src\\server.js:2389:42)\n    at Jh (c:\\Users\\E495\\.vscode\\extensions\\uqbar.wollok-lsp-ide-0.5.4\\out\\server\\src\\server.js:2389:1092)\n    at L2 (c:\\Users\\E495\\.vscode\\extensions\\uqbar.wollok-lsp-ide-0.5.4\\out\\server\\src\\server.js:2389:544)\n    at c:\\Users\\E495\\.vscode\\extensions\\uqbar.wollok-lsp-ide-0.5.4\\out\\server\\src\\server.js:2389:2988\n    at c:\\Users\\E495\\.vscode\\extensions\\uqbar.wollok-lsp-ide-0.5.4\\out\\server\\src\\server.js:2398:8440\n    at c:\\Users\\E495\\.vscode\\extensions\\uqbar.wollok-lsp-ide-0.5.4\\out\\server\\src\\server.js:37:74872\n    at Ke (c:\\Users\\E495\\.vscode\\extensions\\uqbar.wollok-lsp-ide-0.5.4\\out\\server\\src\\server.js:7:8527)\n    at Lt (c:\\Users\\E495\\.vscode\\extensions\\uqbar.wollok-lsp-ide-0.5.4\\out\\server\\src\\server.js:7:6189)\n    at ct (c:\\Users\\E495\\.vscode\\extensions\\uqbar.wollok-lsp-ide-0.5.4\\out\\server\\src\\server.js:7:6378)","timestamp":"2026-05-05T17:53:14.033Z"}
{"level":"info","message":"⌛ Validating testMensajeros.wtest","timeElapsed":116,"timestamp":"2026-05-05T17:53:14.155Z"}
{"level":"info","message":"🧪 Test runner executed on c:\\Users\\E495\\Desktop\\UNaHur\\Programación con objetos I\\mensajerosDePelicula-pinkiemorie","result":{"errored":0,"failed":1,"ok":0},"testsFailed":[{"error":["wollok.lib.AssertionException: Value was not true","  at testMensajeros.\"Test de primera parte\".\"Roberto lleva un paquete pago en un camion con un acoplado\" [testMensajeros.wtest:14]"],"test":"testMensajeros.\"Test de primera parte\".\"Roberto lleva un paquete pago en un camion con un acoplado\""}],"timeElapsed":643,"timestamp":"2026-05-05T17:53:18.381Z"}
{"level":"info","message":"⌛ Building environment","timeElapsed":103,"timestamp":"2026-05-05T17:53:31.608Z"}
{"level":"error","message":"✘ Completions for node Send ([11:8, 11:26] - testMensajeros.wtest) failed: Error: [Send]{231c36} at testMensajeros.wtest:11 exhausted all cases without a match [Send]{231c36} at testMensajeros.wtest:11 exhausted all cases without a match","stack":"Error: [Send]{231c36} at testMensajeros.wtest:11 exhausted all cases without a match\n    at c:\\Users\\E495\\.vscode\\extensions\\uqbar.wollok-lsp-ide-0.5.4\\out\\server\\src\\server.js:38:6142\n    at L2 (c:\\Users\\E495\\.vscode\\extensions\\uqbar.wollok-lsp-ide-0.5.4\\out\\server\\src\\server.js:2389:42)\n    at Jh (c:\\Users\\E495\\.vscode\\extensions\\uqbar.wollok-lsp-ide-0.5.4\\out\\server\\src\\server.js:2389:1092)\n    at M5n (c:\\Users\\E495\\.vscode\\extensions\\uqbar.wollok-lsp-ide-0.5.4\\out\\server\\src\\server.js:2389:1248)\n    at c:\\Users\\E495\\.vscode\\extensions\\uqbar.wollok-lsp-ide-0.5.4\\out\\server\\src\\server.js:38:6131\n    at L2 (c:\\Users\\E495\\.vscode\\extensions\\uqbar.wollok-lsp-ide-0.5.4\\out\\server\\src\\server.js:2389:42)\n    at c:\\Users\\E495\\.vscode\\extensions\\uqbar.wollok-lsp-ide-0.5.4\\out\\server\\src\\server.js:2389:2988\n    at c:\\Users\\E495\\.vscode\\extensions\\uqbar.wollok-lsp-ide-0.5.4\\out\\server\\src\\server.js:2398:8440\n    at c:\\Users\\E495\\.vscode\\extensions\\uqbar.wollok-lsp-ide-0.5.4\\out\\server\\src\\server.js:37:74872\n    at Ke (c:\\Users\\E495\\.vscode\\extensions\\uqbar.wollok-lsp-ide-0.5.4\\out\\server\\src\\server.js:7:8527)","timestamp":"2026-05-05T17:53:31.656Z"}
{"level":"info","message":"⌛ Validating testMensajeros.wtest","timeElapsed":140,"timestamp":"2026-05-05T17:53:31.800Z"}
{"level":"info","message":"⌛ Building environment","timeElapsed":146,"timestamp":"2026-05-05T17:53:32.051Z"}
{"level":"error","message":"✘ Completions for node Send ([11:8, 11:28] - testMensajeros.wtest) failed: Error: [Send]{86ad29} at testMensajeros.wtest:11 exhausted all cases without a match [Send]{86ad29} at testMensajeros.wtest:11 exhausted all cases without a match","stack":"Error: [Send]{86ad29} at testMensajeros.wtest:11 exhausted all cases without a match\n    at c:\\Users\\E495\\.vscode\\extensions\\uqbar.wollok-lsp-ide-0.5.4\\out\\server\\src\\server.js:38:6142\n    at L2 (c:\\Users\\E495\\.vscode\\extensions\\uqbar.wollok-lsp-ide-0.5.4\\out\\server\\src\\server.js:2389:42)\n    at Jh (c:\\Users\\E495\\.vscode\\extensions\\uqbar.wollok-lsp-ide-0.5.4\\out\\server\\src\\server.js:2389:1092)\n    at M5n (c:\\Users\\E495\\.vscode\\extensions\\uqbar.wollok-lsp-ide-0.5.4\\out\\server\\src\\server.js:2389:1248)\n    at c:\\Users\\E495\\.vscode\\extensions\\uqbar.wollok-lsp-ide-0.5.4\\out\\server\\src\\server.js:38:6131\n    at L2 (c:\\Users\\E495\\.vscode\\extensions\\uqbar.wollok-lsp-ide-0.5.4\\out\\server\\src\\server.js:2389:42)\n    at c:\\Users\\E495\\.vscode\\extensions\\uqbar.wollok-lsp-ide-0.5.4\\out\\server\\src\\server.js:2389:2988\n    at c:\\Users\\E495\\.vscode\\extensions\\uqbar.wollok-lsp-ide-0.5.4\\out\\server\\src\\server.js:2398:8440\n    at c:\\Users\\E495\\.vscode\\extensions\\uqbar.wollok-lsp-ide-0.5.4\\out\\server\\src\\server.js:37:74872\n    at Ke (c:\\Users\\E495\\.vscode\\extensions\\uqbar.wollok-lsp-ide-0.5.4\\out\\server\\src\\server.js:7:8527)","timestamp":"2026-05-05T17:53:32.095Z"}
{"level":"info","message":"⌛ Validating testMensajeros.wtest","timeElapsed":136,"timestamp":"2026-05-05T17:53:32.235Z"}
{"level":"info","message":"⌛ Validating testMensajeros.wtest","timeElapsed":119,"timestamp":"2026-05-05T17:53:32.445Z"}
{"level":"info","message":"⌛ Validating testMensajeros.wtest","timeElapsed":113,"timestamp":"2026-05-05T17:53:32.565Z"}
{"level":"info","message":"🧪 Test runner executed on c:\\Users\\E495\\Desktop\\UNaHur\\Programación con objetos I\\mensajerosDePelicula-pinkiemorie","result":{"errored":0,"failed":0,"ok":1},"testsFailed":[],"timeElapsed":567,"timestamp":"2026-05-05T17:53:37.218Z"}
{"level":"info","message":"⌛ Validating testMensajeros.wtest","timeElapsed":175,"timestamp":"2026-05-05T17:53:40.356Z"}
{"level":"info","message":"⌛ Building environment","timeElapsed":150,"timestamp":"2026-05-05T17:53:40.510Z"}
{"level":"info","message":"⌛ Validating testMensajeros.wtest","timeElapsed":127,"timestamp":"2026-05-05T17:53:40.642Z"}
{"level":"info","message":"⌛ Validating testMensajeros.wtest","timeElapsed":110,"timestamp":"2026-05-05T17:53:46.306Z"}
{"level":"info","message":"⌛ Building environment","timeElapsed":113,"timestamp":"2026-05-05T17:53:46.499Z"}
{"level":"info","message":"⌛ Validating testMensajeros.wtest","timeElapsed":112,"timestamp":"2026-05-05T17:53:46.612Z"}
{"level":"error","message":"✘ Failed to rebuild document Failed to parse testMensajeros.wtest: \n-- PARSING FAILED --------------------------------------------------\n\n  17 |     test\n  18 | \n> 19 | }\n     | ^\n\nExpected one of the following: \n\nstring literal, whitespace\n","stack":"Error: Failed to parse testMensajeros.wtest: \n-- PARSING FAILED --------------------------------------------------\n\n  17 |     test\n  18 | \n> 19 | }\n     | ^\n\nExpected one of the following: \n\nstring literal, whitespace\n\n    at c:\\Users\\E495\\.vscode\\extensions\\uqbar.wollok-lsp-ide-0.5.4\\out\\server\\src\\server.js:2353:13026\n    at Array.map (<anonymous>)\n    at U1n (c:\\Users\\E495\\.vscode\\extensions\\uqbar.wollok-lsp-ide-0.5.4\\out\\server\\src\\server.js:2353:12950)\n    at H2.buildEnvironmentFrom (c:\\Users\\E495\\.vscode\\extensions\\uqbar.wollok-lsp-ide-0.5.4\\out\\server\\src\\server.js:2398:5254)\n    at H2.updateEnvironmentWith (c:\\Users\\E495\\.vscode\\extensions\\uqbar.wollok-lsp-ide-0.5.4\\out\\server\\src\\server.js:2398:4989)\n    at GF (c:\\Users\\E495\\.vscode\\extensions\\uqbar.wollok-lsp-ide-0.5.4\\out\\server\\src\\server.js:2398:7383)\n    at V3.invoke (c:\\Users\\E495\\.vscode\\extensions\\uqbar.wollok-lsp-ide-0.5.4\\out\\server\\src\\server.js:3:157328)\n    at o.fire (c:\\Users\\E495\\.vscode\\extensions\\uqbar.wollok-lsp-ide-0.5.4\\out\\server\\src\\server.js:3:158098)\n    at c:\\Users\\E495\\.vscode\\extensions\\uqbar.wollok-lsp-ide-0.5.4\\out\\server\\src\\server.js:37:57871\n    at nd (c:\\Users\\E495\\.vscode\\extensions\\uqbar.wollok-lsp-ide-0.5.4\\out\\server\\src\\server.js:8:1561)","timestamp":"2026-05-05T17:53:46.617Z"}
{"level":"info","message":"⌛ Validating testMensajeros.wtest","timeElapsed":104,"timestamp":"2026-05-05T17:53:46.721Z"}
{"level":"error","message":"✘ Failed to rebuild document Failed to parse testMensajeros.wtest: \n-- PARSING FAILED --------------------------------------------------\n\n  17 |     test \n  18 | \n> 19 | }\n     | ^\n\nExpected one of the following: \n\nstring literal, whitespace\n","stack":"Error: Failed to parse testMensajeros.wtest: \n-- PARSING FAILED --------------------------------------------------\n\n  17 |     test \n  18 | \n> 19 | }\n     | ^\n\nExpected one of the following: \n\nstring literal, whitespace\n\n    at c:\\Users\\E495\\.vscode\\extensions\\uqbar.wollok-lsp-ide-0.5.4\\out\\server\\src\\server.js:2353:13026\n    at Array.map (<anonymous>)\n    at U1n (c:\\Users\\E495\\.vscode\\extensions\\uqbar.wollok-lsp-ide-0.5.4\\out\\server\\src\\server.js:2353:12950)\n    at H2.buildEnvironmentFrom (c:\\Users\\E495\\.vscode\\extensions\\uqbar.wollok-lsp-ide-0.5.4\\out\\server\\src\\server.js:2398:5254)\n    at H2.updateEnvironmentWith (c:\\Users\\E495\\.vscode\\extensions\\uqbar.wollok-lsp-ide-0.5.4\\out\\server\\src\\server.js:2398:4989)\n    at GF (c:\\Users\\E495\\.vscode\\extensions\\uqbar.wollok-lsp-ide-0.5.4\\out\\server\\src\\server.js:2398:7383)\n    at V3.invoke (c:\\Users\\E495\\.vscode\\extensions\\uqbar.wollok-lsp-ide-0.5.4\\out\\server\\src\\server.js:3:157328)\n    at o.fire (c:\\Users\\E495\\.vscode\\extensions\\uqbar.wollok-lsp-ide-0.5.4\\out\\server\\src\\server.js:3:158098)\n    at c:\\Users\\E495\\.vscode\\extensions\\uqbar.wollok-lsp-ide-0.5.4\\out\\server\\src\\server.js:37:57871\n    at nd (c:\\Users\\E495\\.vscode\\extensions\\uqbar.wollok-lsp-ide-0.5.4\\out\\server\\src\\server.js:8:1561)","timestamp":"2026-05-05T17:53:47.746Z"}
{"level":"error","message":"✘ Failed to rebuild document Failed to parse testMensajeros.wtest: \n-- PARSING FAILED --------------------------------------------------\n\n  17 |     test \"\"\n  18 | \n> 19 | }\n     | ^\n\nExpected one of the following: \n\n'@', '{', comment, whitespace\n","stack":"Error: Failed to parse testMensajeros.wtest: \n-- PARSING FAILED --------------------------------------------------\n\n  17 |     test \"\"\n  18 | \n> 19 | }\n     | ^\n\nExpected one of the following: \n\n'@', '{', comment, whitespace\n\n    at c:\\Users\\E495\\.vscode\\extensions\\uqbar.wollok-lsp-ide-0.5.4\\out\\server\\src\\server.js:2353:13026\n    at Array.map (<anonymous>)\n    at U1n (c:\\Users\\E495\\.vscode\\extensions\\uqbar.wollok-lsp-ide-0.5.4\\out\\server\\src\\server.js:2353:12950)\n    at H2.buildEnvironmentFrom (c:\\Users\\E495\\.vscode\\extensions\\uqbar.wollok-lsp-ide-0.5.4\\out\\server\\src\\server.js:2398:5254)\n    at H2.updateEnvironmentWith (c:\\Users\\E495\\.vscode\\extensions\\uqbar.wollok-lsp-ide-0.5.4\\out\\server\\src\\server.js:2398:4989)\n    at GF (c:\\Users\\E495\\.vscode\\extensions\\uqbar.wollok-lsp-ide-0.5.4\\out\\server\\src\\server.js:2398:7383)\n    at V3.invoke (c:\\Users\\E495\\.vscode\\extensions\\uqbar.wollok-lsp-ide-0.5.4\\out\\server\\src\\server.js:3:157328)\n    at o.fire (c:\\Users\\E495\\.vscode\\extensions\\uqbar.wollok-lsp-ide-0.5.4\\out\\server\\src\\server.js:3:158098)\n    at c:\\Users\\E495\\.vscode\\extensions\\uqbar.wollok-lsp-ide-0.5.4\\out\\server\\src\\server.js:37:57871\n    at nd (c:\\Users\\E495\\.vscode\\extensions\\uqbar.wollok-lsp-ide-0.5.4\\out\\server\\src\\server.js:8:1561)","timestamp":"2026-05-05T17:53:50.047Z"}
{"level":"error","message":"✘ Failed to rebuild document Failed to parse testMensajeros.wtest: \n-- PARSING FAILED --------------------------------------------------\n\n  17 |     test \"\" \n  18 | \n> 19 | }\n     | ^\n\nExpected one of the following: \n\n'@', '{', comment, whitespace\n","stack":"Error: Failed to parse testMensajeros.wtest: \n-- PARSING FAILED --------------------------------------------------\n\n  17 |     test \"\" \n  18 | \n> 19 | }\n     | ^\n\nExpected one of the following: \n\n'@', '{', comment, whitespace\n\n    at c:\\Users\\E495\\.vscode\\extensions\\uqbar.wollok-lsp-ide-0.5.4\\out\\server\\src\\server.js:2353:13026\n    at Array.map (<anonymous>)\n    at U1n (c:\\Users\\E495\\.vscode\\extensions\\uqbar.wollok-lsp-ide-0.5.4\\out\\server\\src\\server.js:2353:12950)\n    at H2.buildEnvironmentFrom (c:\\Users\\E495\\.vscode\\extensions\\uqbar.wollok-lsp-ide-0.5.4\\out\\server\\src\\server.js:2398:5254)\n    at H2.updateEnvironmentWith (c:\\Users\\E495\\.vscode\\extensions\\uqbar.wollok-lsp-ide-0.5.4\\out\\server\\src\\server.js:2398:4989)\n    at GF (c:\\Users\\E495\\.vscode\\extensions\\uqbar.wollok-lsp-ide-0.5.4\\out\\server\\src\\server.js:2398:7383)\n    at V3.invoke (c:\\Users\\E495\\.vscode\\extensions\\uqbar.wollok-lsp-ide-0.5.4\\out\\server\\src\\server.js:3:157328)\n    at o.fire (c:\\Users\\E495\\.vscode\\extensions\\uqbar.wollok-lsp-ide-0.5.4\\out\\server\\src\\server.js:3:158098)\n    at c:\\Users\\E495\\.vscode\\extensions\\uqbar.wollok-lsp-ide-0.5.4\\out\\server\\src\\server.js:37:57871\n    at nd (c:\\Users\\E495\\.vscode\\extensions\\uqbar.wollok-lsp-ide-0.5.4\\out\\server\\src\\server.js:8:1561)","timestamp":"2026-05-05T17:53:51.501Z"}
{"level":"info","message":"⌛ Validating testMensajeros.wtest","timeElapsed":113,"timestamp":"2026-05-05T17:53:52.171Z"}
{"level":"info","message":"⌛ Validating testMensajeros.wtest","timeElapsed":119,"timestamp":"2026-05-05T17:53:52.376Z"}
{"level":"info","message":"⌛ Validating testMensajeros.wtest","timeElapsed":104,"timestamp":"2026-05-05T17:53:59.395Z"}
{"level":"info","message":"⌛ Validating testMensajeros.wtest","timeElapsed":139,"timestamp":"2026-05-05T17:53:59.759Z"}
{"level":"info","message":"⌛ Validating testMensajeros.wtest","timeElapsed":105,"timestamp":"2026-05-05T17:54:00.841Z"}
{"level":"info","message":"⌛ Validating testMensajeros.wtest","timeElapsed":109,"timestamp":"2026-05-05T17:54:03.381Z"}
{"level":"info","message":"⌛ Building environment","timeElapsed":133,"timestamp":"2026-05-05T17:54:03.517Z"}
{"level":"info","message":"⌛ Validating testMensajeros.wtest","timeElapsed":137,"timestamp":"2026-05-05T17:54:03.776Z"}
{"level":"info","message":"⌛ Validating testMensajeros.wtest","timeElapsed":108,"timestamp":"2026-05-05T17:54:03.884Z"}
{"level":"info","message":"⌛ Building environment","timeElapsed":171,"timestamp":"2026-05-05T17:54:04.055Z"}
{"level":"info","message":"⌛ Validating testMensajeros.wtest","timeElapsed":104,"timestamp":"2026-05-05T17:54:04.387Z"}
{"level":"info","message":"⌛ Validating testMensajeros.wtest","timeElapsed":122,"timestamp":"2026-05-05T17:54:04.668Z"}
{"level":"info","message":"⌛ Validating testMensajeros.wtest","timeElapsed":111,"timestamp":"2026-05-05T17:54:04.779Z"}
{"level":"info","message":"⌛ Validating testMensajeros.wtest","timeElapsed":108,"timestamp":"2026-05-05T17:54:04.889Z"}
{"level":"info","message":"⌛ Validating testMensajeros.wtest","timeElapsed":118,"timestamp":"2026-05-05T17:54:05.208Z"}
{"level":"info","message":"⌛ Building environment","timeElapsed":137,"timestamp":"2026-05-05T17:54:05.347Z"}
{"level":"info","message":"⌛ Validating testMensajeros.wtest","timeElapsed":115,"timestamp":"2026-05-05T17:54:05.462Z"}
{"level":"info","message":"⌛ Validating testMensajeros.wtest","timeElapsed":106,"timestamp":"2026-05-05T17:54:05.660Z"}
{"level":"info","message":"⌛ Validating testMensajeros.wtest","timeElapsed":111,"timestamp":"2026-05-05T17:54:06.198Z"}
{"level":"info","message":"⌛ Validating testMensajeros.wtest","timeElapsed":118,"timestamp":"2026-05-05T17:54:06.523Z"}
{"level":"info","message":"⌛ Validating testMensajeros.wtest","timeElapsed":108,"timestamp":"2026-05-05T17:54:07.148Z"}
{"level":"info","message":"⌛ Building environment","timeElapsed":119,"timestamp":"2026-05-05T17:54:07.269Z"}
{"level":"info","message":"⌛ Validating testMensajeros.wtest","timeElapsed":123,"timestamp":"2026-05-05T17:54:07.486Z"}
{"level":"info","message":"⌛ Validating testMensajeros.wtest","timeElapsed":111,"timestamp":"2026-05-05T17:54:07.783Z"}
{"level":"info","message":"⌛ Validating testMensajeros.wtest","timeElapsed":108,"timestamp":"2026-05-05T17:54:08.584Z"}
{"level":"info","message":"⌛ Building environment","timeElapsed":102,"timestamp":"2026-05-05T17:54:09.253Z"}
{"level":"info","message":"⌛ Validating testMensajeros.wtest","timeElapsed":102,"timestamp":"2026-05-05T17:54:09.386Z"}
{"level":"info","message":"⌛ Building environment","timeElapsed":127,"timestamp":"2026-05-05T17:54:09.655Z"}
{"level":"info","message":"⌛ Validating testMensajeros.wtest","timeElapsed":116,"timestamp":"2026-05-05T17:54:09.808Z"}
{"level":"info","message":"⌛ Validating testMensajeros.wtest","timeElapsed":112,"timestamp":"2026-05-05T17:54:10.150Z"}
{"level":"info","message":"⌛ Validating testMensajeros.wtest","timeElapsed":107,"timestamp":"2026-05-05T17:54:10.257Z"}
{"level":"info","message":"⌛ Validating testMensajeros.wtest","timeElapsed":103,"timestamp":"2026-05-05T17:54:10.450Z"}
{"level":"info","message":"⌛ Validating testMensajeros.wtest","timeElapsed":139,"timestamp":"2026-05-05T17:54:11.023Z"}
{"level":"info","message":"⌛ Building environment","timeElapsed":103,"timestamp":"2026-05-05T17:54:11.127Z"}
{"level":"info","message":"⌛ Validating testMensajeros.wtest","timeElapsed":103,"timestamp":"2026-05-05T17:54:11.658Z"}
{"level":"info","message":"⌛ Validating testMensajeros.wtest","timeElapsed":105,"timestamp":"2026-05-05T17:54:12.014Z"}
{"level":"info","message":"⌛ Validating testMensajeros.wtest","timeElapsed":107,"timestamp":"2026-05-05T17:54:12.204Z"}
{"level":"info","message":"⌛ Validating testMensajeros.wtest","timeElapsed":121,"timestamp":"2026-05-05T17:54:12.329Z"}
{"level":"info","message":"⌛ Validating testMensajeros.wtest","timeElapsed":106,"timestamp":"2026-05-05T17:54:12.618Z"}
{"level":"info","message":"⌛ Validating testMensajeros.wtest","timeElapsed":121,"timestamp":"2026-05-05T17:54:12.739Z"}
{"level":"info","message":"⌛ Building environment","timeElapsed":106,"timestamp":"2026-05-05T17:54:13.226Z"}
{"level":"info","message":"⌛ Validating testMensajeros.wtest","timeElapsed":142,"timestamp":"2026-05-05T17:54:13.454Z"}
{"level":"info","message":"⌛ Validating testMensajeros.wtest","timeElapsed":120,"timestamp":"2026-05-05T17:54:13.575Z"}
{"level":"info","message":"⌛ Building environment","timeElapsed":134,"timestamp":"2026-05-05T17:54:13.946Z"}
{"level":"info","message":"⌛ Validating testMensajeros.wtest","timeElapsed":132,"timestamp":"2026-05-05T17:54:14.107Z"}
{"level":"info","message":"⌛ Validating testMensajeros.wtest","timeElapsed":199,"timestamp":"2026-05-05T17:54:14.382Z"}
{"level":"info","message":"⌛ Validating testMensajeros.wtest","timeElapsed":107,"timestamp":"2026-05-05T17:54:14.774Z"}
{"level":"info","message":"⌛ Validating testMensajeros.wtest","timeElapsed":101,"timestamp":"2026-05-05T17:54:15.007Z"}
{"level":"info","message":"⌛ Validating testMensajeros.wtest","timeElapsed":103,"timestamp":"2026-05-05T17:54:15.471Z"}
{"level":"info","message":"⌛ Validating testMensajeros.wtest","timeElapsed":115,"timestamp":"2026-05-05T17:54:19.712Z"}
{"level":"info","message":"⌛ Validating testMensajeros.wtest","timeElapsed":115,"timestamp":"2026-05-05T17:54:20.667Z"}
{"level":"info","message":"⌛ Validating testMensajeros.wtest","timeElapsed":115,"timestamp":"2026-05-05T17:54:20.872Z"}
{"level":"info","message":"⌛ Validating testMensajeros.wtest","timeElapsed":149,"timestamp":"2026-05-05T17:54:21.112Z"}
{"level":"info","message":"⌛ Validating testMensajeros.wtest","timeElapsed":119,"timestamp":"2026-05-05T17:54:21.353Z"}
{"level":"info","message":"⌛ Validating testMensajeros.wtest","timeElapsed":115,"timestamp":"2026-05-05T17:54:21.538Z"}
{"level":"info","message":"⌛ Validating testMensajeros.wtest","timeElapsed":112,"timestamp":"2026-05-05T17:54:21.729Z"}
{"level":"info","message":"⌛ Building environment","timeElapsed":131,"timestamp":"2026-05-05T17:54:21.861Z"}
{"level":"info","message":"⌛ Validating testMensajeros.wtest","timeElapsed":144,"timestamp":"2026-05-05T17:54:22.092Z"}
{"level":"info","message":"⌛ Validating testMensajeros.wtest","timeElapsed":109,"timestamp":"2026-05-05T17:54:22.384Z"}
{"level":"info","message":"⌛ Validating testMensajeros.wtest","timeElapsed":111,"timestamp":"2026-05-05T17:54:22.620Z"}
{"level":"info","message":"⌛ Building environment","timeElapsed":122,"timestamp":"2026-05-05T17:54:22.744Z"}
{"level":"info","message":"⌛ Validating testMensajeros.wtest","timeElapsed":116,"timestamp":"2026-05-05T17:54:23.076Z"}
{"level":"info","message":"⌛ Validating testMensajeros.wtest","timeElapsed":113,"timestamp":"2026-05-05T17:54:23.391Z"}
{"level":"info","message":"⌛ Validating testMensajeros.wtest","timeElapsed":199,"timestamp":"2026-05-05T17:54:23.624Z"}
{"level":"info","message":"⌛ Validating testMensajeros.wtest","timeElapsed":106,"timestamp":"2026-05-05T17:54:23.936Z"}
{"level":"info","message":"⌛ Validating testMensajeros.wtest","timeElapsed":108,"timestamp":"2026-05-05T17:54:24.049Z"}
{"level":"info","message":"⌛ Validating testMensajeros.wtest","timeElapsed":105,"timestamp":"2026-05-05T17:54:24.330Z"}
{"level":"info","message":"⌛ Building environment","timeElapsed":143,"timestamp":"2026-05-05T17:54:24.474Z"}
{"level":"info","message":"⌛ Validating testMensajeros.wtest","timeElapsed":142,"timestamp":"2026-05-05T17:54:24.658Z"}
{"level":"info","message":"⌛ Validating testMensajeros.wtest","timeElapsed":116,"timestamp":"2026-05-05T17:54:24.850Z"}
{"level":"info","message":"⌛ Validating testMensajeros.wtest","timeElapsed":116,"timestamp":"2026-05-05T17:54:25.165Z"}
{"level":"info","message":"⌛ Building environment","timeElapsed":120,"timestamp":"2026-05-05T17:54:25.288Z"}
{"level":"info","message":"⌛ Validating testMensajeros.wtest","timeElapsed":104,"timestamp":"2026-05-05T17:54:25.392Z"}
{"level":"info","message":"⌛ Validating testMensajeros.wtest","timeElapsed":105,"timestamp":"2026-05-05T17:54:25.497Z"}
{"level":"info","message":"⌛ Validating testMensajeros.wtest","timeElapsed":115,"timestamp":"2026-05-05T17:54:27.441Z"}
{"level":"info","message":"⌛ Building environment","timeElapsed":145,"timestamp":"2026-05-05T17:54:28.515Z"}
{"level":"info","message":"⌛ Validating testMensajeros.wtest","timeElapsed":117,"timestamp":"2026-05-05T17:54:28.693Z"}
{"level":"info","message":"⌛ Validating testMensajeros.wtest","timeElapsed":118,"timestamp":"2026-05-05T17:54:29.357Z"}
{"level":"info","message":"⌛ Validating testMensajeros.wtest","timeElapsed":103,"timestamp":"2026-05-05T17:54:29.549Z"}
{"level":"info","message":"⌛ Validating testMensajeros.wtest","timeElapsed":104,"timestamp":"2026-05-05T17:54:29.816Z"}
{"level":"info","message":"⌛ Validating testMensajeros.wtest","timeElapsed":109,"timestamp":"2026-05-05T17:54:30.014Z"}
{"level":"info","message":"⌛ Building environment","timeElapsed":116,"timestamp":"2026-05-05T17:54:30.132Z"}
{"level":"info","message":"⌛ Validating testMensajeros.wtest","timeElapsed":106,"timestamp":"2026-05-05T17:54:30.240Z"}
{"level":"info","message":"⌛ Validating testMensajeros.wtest","timeElapsed":101,"timestamp":"2026-05-05T17:54:32.198Z"}
{"level":"info","message":"⌛ Validating testMensajeros.wtest","timeElapsed":115,"timestamp":"2026-05-05T17:54:38.136Z"}
{"level":"info","message":"⌛ Validating testMensajeros.wtest","timeElapsed":114,"timestamp":"2026-05-05T17:54:39.388Z"}
{"level":"info","message":"⌛ Building environment","timeElapsed":168,"timestamp":"2026-05-05T17:54:39.557Z"}
{"level":"info","message":"⌛ Validating testMensajeros.wtest","timeElapsed":121,"timestamp":"2026-05-05T17:54:39.776Z"}
{"level":"info","message":"⌛ Validating testMensajeros.wtest","timeElapsed":133,"timestamp":"2026-05-05T17:54:39.911Z"}
{"level":"info","message":"⌛ Validating testMensajeros.wtest","timeElapsed":111,"timestamp":"2026-05-05T17:54:43.350Z"}
{"level":"error","message":"✘ Completions for node Send ([18:9, 18:28] - testMensajeros.wtest) failed: Error: [Send]{ac909d} at testMensajeros.wtest:18 exhausted all cases without a match [Send]{ac909d} at testMensajeros.wtest:18 exhausted all cases without a match","stack":"Error: [Send]{ac909d} at testMensajeros.wtest:18 exhausted all cases without a match\n    at c:\\Users\\E495\\.vscode\\extensions\\uqbar.wollok-lsp-ide-0.5.4\\out\\server\\src\\server.js:38:6142\n    at L2 (c:\\Users\\E495\\.vscode\\extensions\\uqbar.wollok-lsp-ide-0.5.4\\out\\server\\src\\server.js:2389:42)\n    at Jh (c:\\Users\\E495\\.vscode\\extensions\\uqbar.wollok-lsp-ide-0.5.4\\out\\server\\src\\server.js:2389:1092)\n    at M5n (c:\\Users\\E495\\.vscode\\extensions\\uqbar.wollok-lsp-ide-0.5.4\\out\\server\\src\\server.js:2389:1248)\n    at c:\\Users\\E495\\.vscode\\extensions\\uqbar.wollok-lsp-ide-0.5.4\\out\\server\\src\\server.js:38:6131\n    at L2 (c:\\Users\\E495\\.vscode\\extensions\\uqbar.wollok-lsp-ide-0.5.4\\out\\server\\src\\server.js:2389:42)\n    at c:\\Users\\E495\\.vscode\\extensions\\uqbar.wollok-lsp-ide-0.5.4\\out\\server\\src\\server.js:2389:2988\n    at c:\\Users\\E495\\.vscode\\extensions\\uqbar.wollok-lsp-ide-0.5.4\\out\\server\\src\\server.js:2398:8440\n    at c:\\Users\\E495\\.vscode\\extensions\\uqbar.wollok-lsp-ide-0.5.4\\out\\server\\src\\server.js:37:74872\n    at Ke (c:\\Users\\E495\\.vscode\\extensions\\uqbar.wollok-lsp-ide-0.5.4\\out\\server\\src\\server.js:7:8527)","timestamp":"2026-05-05T17:54:45.975Z"}
{"level":"info","message":"⌛ Validating testMensajeros.wtest","timeElapsed":115,"timestamp":"2026-05-05T17:54:46.092Z"}
{"level":"info","message":"⌛ Building environment","timeElapsed":120,"timestamp":"2026-05-05T17:54:46.303Z"}
{"level":"info","message":"⌛ Validating testMensajeros.wtest","timeElapsed":107,"timestamp":"2026-05-05T17:54:46.410Z"}
{"level":"error","message":"✘ Completions for node Send ([18:9, 18:30] - testMensajeros.wtest) failed: Error: [Send]{e3985d} at testMensajeros.wtest:18 exhausted all cases without a match [Send]{e3985d} at testMensajeros.wtest:18 exhausted all cases without a match","stack":"Error: [Send]{e3985d} at testMensajeros.wtest:18 exhausted all cases without a match\n    at c:\\Users\\E495\\.vscode\\extensions\\uqbar.wollok-lsp-ide-0.5.4\\out\\server\\src\\server.js:38:6142\n    at L2 (c:\\Users\\E495\\.vscode\\extensions\\uqbar.wollok-lsp-ide-0.5.4\\out\\server\\src\\server.js:2389:42)\n    at Jh (c:\\Users\\E495\\.vscode\\extensions\\uqbar.wollok-lsp-ide-0.5.4\\out\\server\\src\\server.js:2389:1092)\n    at M5n (c:\\Users\\E495\\.vscode\\extensions\\uqbar.wollok-lsp-ide-0.5.4\\out\\server\\src\\server.js:2389:1248)\n    at c:\\Users\\E495\\.vscode\\extensions\\uqbar.wollok-lsp-ide-0.5.4\\out\\server\\src\\server.js:38:6131\n    at L2 (c:\\Users\\E495\\.vscode\\extensions\\uqbar.wollok-lsp-ide-0.5.4\\out\\server\\src\\server.js:2389:42)\n    at c:\\Users\\E495\\.vscode\\extensions\\uqbar.wollok-lsp-ide-0.5.4\\out\\server\\src\\server.js:2389:2988\n    at c:\\Users\\E495\\.vscode\\extensions\\uqbar.wollok-lsp-ide-0.5.4\\out\\server\\src\\server.js:2398:8440\n    at c:\\Users\\E495\\.vscode\\extensions\\uqbar.wollok-lsp-ide-0.5.4\\out\\server\\src\\server.js:37:74872\n    at Ke (c:\\Users\\E495\\.vscode\\extensions\\uqbar.wollok-lsp-ide-0.5.4\\out\\server\\src\\server.js:7:8527)","timestamp":"2026-05-05T17:54:46.441Z"}
{"level":"info","message":"⌛ Validating testMensajeros.wtest","timeElapsed":112,"timestamp":"2026-05-05T17:54:47.447Z"}
{"level":"info","message":"⌛ Validating testMensajeros.wtest","timeElapsed":103,"timestamp":"2026-05-05T17:54:48.834Z"}
{"level":"info","message":"⌛ Validating testMensajeros.wtest","timeElapsed":109,"timestamp":"2026-05-05T17:54:49.038Z"}
{"level":"info","message":"⌛ Building environment","timeElapsed":115,"timestamp":"2026-05-05T17:54:49.250Z"}
{"level":"info","message":"⌛ Validating testMensajeros.wtest","timeElapsed":103,"timestamp":"2026-05-05T17:54:49.355Z"}
{"level":"info","message":"⌛ Validating testMensajeros.wtest","timeElapsed":108,"timestamp":"2026-05-05T17:54:50.144Z"}
{"level":"info","message":"⌛ Validating testMensajeros.wtest","timeElapsed":122,"timestamp":"2026-05-05T17:54:50.656Z"}
{"level":"info","message":"⌛ Validating testMensajeros.wtest","timeElapsed":109,"timestamp":"2026-05-05T17:54:50.889Z"}
{"level":"error","message":"✘ Completions for node Send ([19:8, 19:26] - testMensajeros.wtest) failed: Error: [Send]{1b6316} at testMensajeros.wtest:19 exhausted all cases without a match [Send]{1b6316} at testMensajeros.wtest:19 exhausted all cases without a match","stack":"Error: [Send]{1b6316} at testMensajeros.wtest:19 exhausted all cases without a match\n    at c:\\Users\\E495\\.vscode\\extensions\\uqbar.wollok-lsp-ide-0.5.4\\out\\server\\src\\server.js:38:6142\n    at L2 (c:\\Users\\E495\\.vscode\\extensions\\uqbar.wollok-lsp-ide-0.5.4\\out\\server\\src\\server.js:2389:42)\n    at Jh (c:\\Users\\E495\\.vscode\\extensions\\uqbar.wollok-lsp-ide-0.5.4\\out\\server\\src\\server.js:2389:1092)\n    at M5n (c:\\Users\\E495\\.vscode\\extensions\\uqbar.wollok-lsp-ide-0.5.4\\out\\server\\src\\server.js:2389:1248)\n    at c:\\Users\\E495\\.vscode\\extensions\\uqbar.wollok-lsp-ide-0.5.4\\out\\server\\src\\server.js:38:6131\n    at L2 (c:\\Users\\E495\\.vscode\\extensions\\uqbar.wollok-lsp-ide-0.5.4\\out\\server\\src\\server.js:2389:42)\n    at c:\\Users\\E495\\.vscode\\extensions\\uqbar.wollok-lsp-ide-0.5.4\\out\\server\\src\\server.js:2389:2988\n    at c:\\Users\\E495\\.vscode\\extensions\\uqbar.wollok-lsp-ide-0.5.4\\out\\server\\src\\server.js:2398:8440\n    at c:\\Users\\E495\\.vscode\\extensions\\uqbar.wollok-lsp-ide-0.5.4\\out\\server\\src\\server.js:37:74872\n    at Ke (c:\\Users\\E495\\.vscode\\extensions\\uqbar.wollok-lsp-ide-0.5.4\\out\\server\\src\\server.js:7:8527)","timestamp":"2026-05-05T17:54:52.575Z"}
{"level":"info","message":"⌛ Validating testMensajeros.wtest","timeElapsed":134,"timestamp":"2026-05-05T17:54:52.719Z"}
{"level":"info","message":"⌛ Building environment","timeElapsed":103,"timestamp":"2026-05-05T17:54:52.823Z"}
{"level":"error","message":"✘ Completions for node Send ([19:8, 19:27] - testMensajeros.wtest) failed: Error: [Send]{a8b800} at testMensajeros.wtest:19 exhausted all cases without a match [Send]{a8b800} at testMensajeros.wtest:19 exhausted all cases without a match","stack":"Error: [Send]{a8b800} at testMensajeros.wtest:19 exhausted all cases without a match\n    at c:\\Users\\E495\\.vscode\\extensions\\uqbar.wollok-lsp-ide-0.5.4\\out\\server\\src\\server.js:38:6142\n    at L2 (c:\\Users\\E495\\.vscode\\extensions\\uqbar.wollok-lsp-ide-0.5.4\\out\\server\\src\\server.js:2389:42)\n    at Jh (c:\\Users\\E495\\.vscode\\extensions\\uqbar.wollok-lsp-ide-0.5.4\\out\\server\\src\\server.js:2389:1092)\n    at M5n (c:\\Users\\E495\\.vscode\\extensions\\uqbar.wollok-lsp-ide-0.5.4\\out\\server\\src\\server.js:2389:1248)\n    at c:\\Users\\E495\\.vscode\\extensions\\uqbar.wollok-lsp-ide-0.5.4\\out\\server\\src\\server.js:38:6131\n    at L2 (c:\\Users\\E495\\.vscode\\extensions\\uqbar.wollok-lsp-ide-0.5.4\\out\\server\\src\\server.js:2389:42)\n    at c:\\Users\\E495\\.vscode\\extensions\\uqbar.wollok-lsp-ide-0.5.4\\out\\server\\src\\server.js:2389:2988\n    at c:\\Users\\E495\\.vscode\\extensions\\uqbar.wollok-lsp-ide-0.5.4\\out\\server\\src\\server.js:2398:8440\n    at c:\\Users\\E495\\.vscode\\extensions\\uqbar.wollok-lsp-ide-0.5.4\\out\\server\\src\\server.js:37:74872\n    at Ke (c:\\Users\\E495\\.vscode\\extensions\\uqbar.wollok-lsp-ide-0.5.4\\out\\server\\src\\server.js:7:8527)","timestamp":"2026-05-05T17:54:52.858Z"}
{"level":"info","message":"⌛ Validating testMensajeros.wtest","timeElapsed":118,"timestamp":"2026-05-05T17:54:53.061Z"}
{"level":"error","message":"✘ Completions for node Send ([19:8, 19:29] - testMensajeros.wtest) failed: Error: [Send]{906f49} at testMensajeros.wtest:19 exhausted all cases without a match [Send]{906f49} at testMensajeros.wtest:19 exhausted all cases without a match","stack":"Error: [Send]{906f49} at testMensajeros.wtest:19 exhausted all cases without a match\n    at c:\\Users\\E495\\.vscode\\extensions\\uqbar.wollok-lsp-ide-0.5.4\\out\\server\\src\\server.js:38:6142\n    at L2 (c:\\Users\\E495\\.vscode\\extensions\\uqbar.wollok-lsp-ide-0.5.4\\out\\server\\src\\server.js:2389:42)\n    at Jh (c:\\Users\\E495\\.vscode\\extensions\\uqbar.wollok-lsp-ide-0.5.4\\out\\server\\src\\server.js:2389:1092)\n    at M5n (c:\\Users\\E495\\.vscode\\extensions\\uqbar.wollok-lsp-ide-0.5.4\\out\\server\\src\\server.js:2389:1248)\n    at c:\\Users\\E495\\.vscode\\extensions\\uqbar.wollok-lsp-ide-0.5.4\\out\\server\\src\\server.js:38:6131\n    at L2 (c:\\Users\\E495\\.vscode\\extensions\\uqbar.wollok-lsp-ide-0.5.4\\out\\server\\src\\server.js:2389:42)\n    at c:\\Users\\E495\\.vscode\\extensions\\uqbar.wollok-lsp-ide-0.5.4\\out\\server\\src\\server.js:2389:2988\n    at c:\\Users\\E495\\.vscode\\extensions\\uqbar.wollok-lsp-ide-0.5.4\\out\\server\\src\\server.js:2398:8440\n    at c:\\Users\\E495\\.vscode\\extensions\\uqbar.wollok-lsp-ide-0.5.4\\out\\server\\src\\server.js:37:74872\n    at Ke (c:\\Users\\E495\\.vscode\\extensions\\uqbar.wollok-lsp-ide-0.5.4\\out\\server\\src\\server.js:7:8527)","timestamp":"2026-05-05T17:54:53.284Z"}
{"level":"info","message":"⌛ Validating testMensajeros.wtest","timeElapsed":119,"timestamp":"2026-05-05T17:54:54.089Z"}
{"level":"error","message":"✘ Completions for node Send ([19:8, 19:29] - testMensajeros.wtest) failed: Error: [Send]{9167fd} at testMensajeros.wtest:19 exhausted all cases without a match [Send]{9167fd} at testMensajeros.wtest:19 exhausted all cases without a match","stack":"Error: [Send]{9167fd} at testMensajeros.wtest:19 exhausted all cases without a match\n    at c:\\Users\\E495\\.vscode\\extensions\\uqbar.wollok-lsp-ide-0.5.4\\out\\server\\src\\server.js:38:6142\n    at L2 (c:\\Users\\E495\\.vscode\\extensions\\uqbar.wollok-lsp-ide-0.5.4\\out\\server\\src\\server.js:2389:42)\n    at Jh (c:\\Users\\E495\\.vscode\\extensions\\uqbar.wollok-lsp-ide-0.5.4\\out\\server\\src\\server.js:2389:1092)\n    at M5n (c:\\Users\\E495\\.vscode\\extensions\\uqbar.wollok-lsp-ide-0.5.4\\out\\server\\src\\server.js:2389:1248)\n    at c:\\Users\\E495\\.vscode\\extensions\\uqbar.wollok-lsp-ide-0.5.4\\out\\server\\src\\server.js:38:6131\n    at L2 (c:\\Users\\E495\\.vscode\\extensions\\uqbar.wollok-lsp-ide-0.5.4\\out\\server\\src\\server.js:2389:42)\n    at c:\\Users\\E495\\.vscode\\extensions\\uqbar.wollok-lsp-ide-0.5.4\\out\\server\\src\\server.js:2389:2988\n    at c:\\Users\\E495\\.vscode\\extensions\\uqbar.wollok-lsp-ide-0.5.4\\out\\server\\src\\server.js:2398:8440\n    at c:\\Users\\E495\\.vscode\\extensions\\uqbar.wollok-lsp-ide-0.5.4\\out\\server\\src\\server.js:37:74872\n    at Ke (c:\\Users\\E495\\.vscode\\extensions\\uqbar.wollok-lsp-ide-0.5.4\\out\\server\\src\\server.js:7:8527)","timestamp":"2026-05-05T17:54:54.204Z"}
{"level":"info","message":"⌛ Validating testMensajeros.wtest","timeElapsed":108,"timestamp":"2026-05-05T17:54:54.316Z"}
{"level":"error","message":"✘ Completions for node Literal ([19:24, 19:29] - testMensajeros.wtest) failed: Error: false [Literal]{d490b3} at testMensajeros.wtest:19 exhausted all cases without a match false [Literal]{d490b3} at testMensajeros.wtest:19 exhausted all cases without a match","stack":"Error: false [Literal]{d490b3} at testMensajeros.wtest:19 exhausted all cases without a match\n    at c:\\Users\\E495\\.vscode\\extensions\\uqbar.wollok-lsp-ide-0.5.4\\out\\server\\src\\server.js:38:6142\n    at L2 (c:\\Users\\E495\\.vscode\\extensions\\uqbar.wollok-lsp-ide-0.5.4\\out\\server\\src\\server.js:2389:42)\n    at c:\\Users\\E495\\.vscode\\extensions\\uqbar.wollok-lsp-ide-0.5.4\\out\\server\\src\\server.js:2389:2988\n    at c:\\Users\\E495\\.vscode\\extensions\\uqbar.wollok-lsp-ide-0.5.4\\out\\server\\src\\server.js:2398:8440\n    at c:\\Users\\E495\\.vscode\\extensions\\uqbar.wollok-lsp-ide-0.5.4\\out\\server\\src\\server.js:37:74872\n    at Ke (c:\\Users\\E495\\.vscode\\extensions\\uqbar.wollok-lsp-ide-0.5.4\\out\\server\\src\\server.js:7:8527)\n    at Lt (c:\\Users\\E495\\.vscode\\extensions\\uqbar.wollok-lsp-ide-0.5.4\\out\\server\\src\\server.js:7:6189)\n    at ct (c:\\Users\\E495\\.vscode\\extensions\\uqbar.wollok-lsp-ide-0.5.4\\out\\server\\src\\server.js:7:6378)\n    at Immediate._onImmediate (c:\\Users\\E495\\.vscode\\extensions\\uqbar.wollok-lsp-ide-0.5.4\\out\\server\\src\\server.js:7:6142)\n    at process.processImmediate (node:internal/timers:484:21)","timestamp":"2026-05-05T17:54:54.429Z"}
{"level":"error","message":"✘ Completions for node Send ([19:8, 19:30] - testMensajeros.wtest) failed: Error: [Send]{2c8290} at testMensajeros.wtest:19 exhausted all cases without a match [Send]{2c8290} at testMensajeros.wtest:19 exhausted all cases without a match","stack":"Error: [Send]{2c8290} at testMensajeros.wtest:19 exhausted all cases without a match\n    at c:\\Users\\E495\\.vscode\\extensions\\uqbar.wollok-lsp-ide-0.5.4\\out\\server\\src\\server.js:38:6142\n    at L2 (c:\\Users\\E495\\.vscode\\extensions\\uqbar.wollok-lsp-ide-0.5.4\\out\\server\\src\\server.js:2389:42)\n    at Jh (c:\\Users\\E495\\.vscode\\extensions\\uqbar.wollok-lsp-ide-0.5.4\\out\\server\\src\\server.js:2389:1092)\n    at L2 (c:\\Users\\E495\\.vscode\\extensions\\uqbar.wollok-lsp-ide-0.5.4\\out\\server\\src\\server.js:2389:544)\n    at c:\\Users\\E495\\.vscode\\extensions\\uqbar.wollok-lsp-ide-0.5.4\\out\\server\\src\\server.js:2389:2988\n    at c:\\Users\\E495\\.vscode\\extensions\\uqbar.wollok-lsp-ide-0.5.4\\out\\server\\src\\server.js:2398:8440\n    at c:\\Users\\E495\\.vscode\\extensions\\uqbar.wollok-lsp-ide-0.5.4\\out\\server\\src\\server.js:37:74872\n    at Ke (c:\\Users\\E495\\.vscode\\extensions\\uqbar.wollok-lsp-ide-0.5.4\\out\\server\\src\\server.js:7:8527)\n    at Lt (c:\\Users\\E495\\.vscode\\extensions\\uqbar.wollok-lsp-ide-0.5.4\\out\\server\\src\\server.js:7:6189)\n    at ct (c:\\Users\\E495\\.vscode\\extensions\\uqbar.wollok-lsp-ide-0.5.4\\out\\server\\src\\server.js:7:6378)","timestamp":"2026-05-05T17:54:54.430Z"}
{"level":"info","message":"⌛ Validating testMensajeros.wtest","timeElapsed":102,"timestamp":"2026-05-05T17:54:54.540Z"}
{"level":"info","message":"⌛ Validating testMensajeros.wtest","timeElapsed":120,"timestamp":"2026-05-05T17:54:57.297Z"}
{"level":"info","message":"⌛ Validating testMensajeros.wtest","timeElapsed":104,"timestamp":"2026-05-05T17:54:57.584Z"}
{"level":"info","message":"⌛ Validating testMensajeros.wtest","timeElapsed":123,"timestamp":"2026-05-05T17:54:57.708Z"}
{"level":"info","message":"⌛ Validating testMensajeros.wtest","timeElapsed":114,"timestamp":"2026-05-05T17:55:05.613Z"}
{"level":"info","message":"⌛ Building environment","timeElapsed":158,"timestamp":"2026-05-05T17:55:06.241Z"}
{"level":"info","message":"⌛ Validating testMensajeros.wtest","timeElapsed":130,"timestamp":"2026-05-05T17:55:06.372Z"}
{"level":"info","message":"⌛ Building environment","timeElapsed":114,"timestamp":"2026-05-05T17:55:06.486Z"}
{"level":"info","message":"⌛ Validating testMensajeros.wtest","timeElapsed":109,"timestamp":"2026-05-05T17:55:06.596Z"}
{"level":"info","message":"⌛ Validating testMensajeros.wtest","timeElapsed":102,"timestamp":"2026-05-05T17:55:07.295Z"}
{"level":"info","message":"⌛ Validating testMensajeros.wtest","timeElapsed":104,"timestamp":"2026-05-05T17:55:07.665Z"}
{"level":"info","message":"⌛ Validating testMensajeros.wtest","timeElapsed":113,"timestamp":"2026-05-05T17:55:09.726Z"}
{"level":"error","message":"✘ Completions for node Send ([22:9, 22:26] - testMensajeros.wtest) failed: Error: [Send]{6ea8de} at testMensajeros.wtest:22 exhausted all cases without a match [Send]{6ea8de} at testMensajeros.wtest:22 exhausted all cases without a match","stack":"Error: [Send]{6ea8de} at testMensajeros.wtest:22 exhausted all cases without a match\n    at c:\\Users\\E495\\.vscode\\extensions\\uqbar.wollok-lsp-ide-0.5.4\\out\\server\\src\\server.js:38:6142\n    at L2 (c:\\Users\\E495\\.vscode\\extensions\\uqbar.wollok-lsp-ide-0.5.4\\out\\server\\src\\server.js:2389:42)\n    at Jh (c:\\Users\\E495\\.vscode\\extensions\\uqbar.wollok-lsp-ide-0.5.4\\out\\server\\src\\server.js:2389:1092)\n    at M5n (c:\\Users\\E495\\.vscode\\extensions\\uqbar.wollok-lsp-ide-0.5.4\\out\\server\\src\\server.js:2389:1248)\n    at c:\\Users\\E495\\.vscode\\extensions\\uqbar.wollok-lsp-ide-0.5.4\\out\\server\\src\\server.js:38:6131\n    at L2 (c:\\Users\\E495\\.vscode\\extensions\\uqbar.wollok-lsp-ide-0.5.4\\out\\server\\src\\server.js:2389:42)\n    at c:\\Users\\E495\\.vscode\\extensions\\uqbar.wollok-lsp-ide-0.5.4\\out\\server\\src\\server.js:2389:2988\n    at c:\\Users\\E495\\.vscode\\extensions\\uqbar.wollok-lsp-ide-0.5.4\\out\\server\\src\\server.js:2398:8440\n    at c:\\Users\\E495\\.vscode\\extensions\\uqbar.wollok-lsp-ide-0.5.4\\out\\server\\src\\server.js:37:74872\n    at Ke (c:\\Users\\E495\\.vscode\\extensions\\uqbar.wollok-lsp-ide-0.5.4\\out\\server\\src\\server.js:7:8527)","timestamp":"2026-05-05T17:55:11.728Z"}
{"level":"info","message":"⌛ Validating testMensajeros.wtest","timeElapsed":108,"timestamp":"2026-05-05T17:55:11.839Z"}
{"level":"info","message":"⌛ Validating testMensajeros.wtest","timeElapsed":130,"timestamp":"2026-05-05T17:55:12.447Z"}
{"level":"info","message":"⌛ Validating testMensajeros.wtest","timeElapsed":106,"timestamp":"2026-05-05T17:55:13.423Z"}
{"level":"info","message":"⌛ Validating testMensajeros.wtest","timeElapsed":111,"timestamp":"2026-05-05T17:55:15.254Z"}
{"level":"info","message":"⌛ Building environment","timeElapsed":140,"timestamp":"2026-05-05T17:55:15.572Z"}
{"level":"error","message":"✘ Completions for node Send ([22:9, 22:31] - testMensajeros.wtest) failed: Error: [Send]{10ad58} at testMensajeros.wtest:22 exhausted all cases without a match [Send]{10ad58} at testMensajeros.wtest:22 exhausted all cases without a match","stack":"Error: [Send]{10ad58} at testMensajeros.wtest:22 exhausted all cases without a match\n    at c:\\Users\\E495\\.vscode\\extensions\\uqbar.wollok-lsp-ide-0.5.4\\out\\server\\src\\server.js:38:6142\n    at L2 (c:\\Users\\E495\\.vscode\\extensions\\uqbar.wollok-lsp-ide-0.5.4\\out\\server\\src\\server.js:2389:42)\n    at Jh (c:\\Users\\E495\\.vscode\\extensions\\uqbar.wollok-lsp-ide-0.5.4\\out\\server\\src\\server.js:2389:1092)\n    at M5n (c:\\Users\\E495\\.vscode\\extensions\\uqbar.wollok-lsp-ide-0.5.4\\out\\server\\src\\server.js:2389:1248)\n    at c:\\Users\\E495\\.vscode\\extensions\\uqbar.wollok-lsp-ide-0.5.4\\out\\server\\src\\server.js:38:6131\n    at L2 (c:\\Users\\E495\\.vscode\\extensions\\uqbar.wollok-lsp-ide-0.5.4\\out\\server\\src\\server.js:2389:42)\n    at c:\\Users\\E495\\.vscode\\extensions\\uqbar.wollok-lsp-ide-0.5.4\\out\\server\\src\\server.js:2389:2988\n    at c:\\Users\\E495\\.vscode\\extensions\\uqbar.wollok-lsp-ide-0.5.4\\out\\server\\src\\server.js:2398:8440\n    at c:\\Users\\E495\\.vscode\\extensions\\uqbar.wollok-lsp-ide-0.5.4\\out\\server\\src\\server.js:37:74872\n    at Ke (c:\\Users\\E495\\.vscode\\extensions\\uqbar.wollok-lsp-ide-0.5.4\\out\\server\\src\\server.js:7:8527)","timestamp":"2026-05-05T17:55:15.610Z"}
{"level":"info","message":"⌛ Validating testMensajeros.wtest","timeElapsed":107,"timestamp":"2026-05-05T17:55:15.721Z"}
{"level":"info","message":"⌛ Validating testMensajeros.wtest","timeElapsed":136,"timestamp":"2026-05-05T17:55:16.104Z"}
{"level":"info","message":"⌛ Validating testMensajeros.wtest","timeElapsed":102,"timestamp":"2026-05-05T17:55:25.779Z"}
{"level":"info","message":"⌛ Validating testMensajeros.wtest","timeElapsed":126,"timestamp":"2026-05-05T17:55:26.752Z"}
{"level":"error","message":"✘ Completions for node Send ([22:9, 22:37] - testMensajeros.wtest) failed: Error: [Send]{f680c2} at testMensajeros.wtest:22 exhausted all cases without a match [Send]{f680c2} at testMensajeros.wtest:22 exhausted all cases without a match","stack":"Error: [Send]{f680c2} at testMensajeros.wtest:22 exhausted all cases without a match\n    at c:\\Users\\E495\\.vscode\\extensions\\uqbar.wollok-lsp-ide-0.5.4\\out\\server\\src\\server.js:38:6142\n    at L2 (c:\\Users\\E495\\.vscode\\extensions\\uqbar.wollok-lsp-ide-0.5.4\\out\\server\\src\\server.js:2389:42)\n    at Jh (c:\\Users\\E495\\.vscode\\extensions\\uqbar.wollok-lsp-ide-0.5.4\\out\\server\\src\\server.js:2389:1092)\n    at M5n (c:\\Users\\E495\\.vscode\\extensions\\uqbar.wollok-lsp-ide-0.5.4\\out\\server\\src\\server.js:2389:1248)\n    at c:\\Users\\E495\\.vscode\\extensions\\uqbar.wollok-lsp-ide-0.5.4\\out\\server\\src\\server.js:38:6131\n    at L2 (c:\\Users\\E495\\.vscode\\extensions\\uqbar.wollok-lsp-ide-0.5.4\\out\\server\\src\\server.js:2389:42)\n    at c:\\Users\\E495\\.vscode\\extensions\\uqbar.wollok-lsp-ide-0.5.4\\out\\server\\src\\server.js:2389:2988\n    at c:\\Users\\E495\\.vscode\\extensions\\uqbar.wollok-lsp-ide-0.5.4\\out\\server\\src\\server.js:2398:8440\n    at c:\\Users\\E495\\.vscode\\extensions\\uqbar.wollok-lsp-ide-0.5.4\\out\\server\\src\\server.js:37:74872\n    at Ke (c:\\Users\\E495\\.vscode\\extensions\\uqbar.wollok-lsp-ide-0.5.4\\out\\server\\src\\server.js:7:8527)","timestamp":"2026-05-05T17:55:27.479Z"}
{"level":"info","message":"⌛ Validating testMensajeros.wtest","timeElapsed":105,"timestamp":"2026-05-05T17:55:27.587Z"}
{"level":"error","message":"✘ Completions for node Send ([22:9, 22:38] - testMensajeros.wtest) failed: Error: [Send]{c8cfe3} at testMensajeros.wtest:22 exhausted all cases without a match [Send]{c8cfe3} at testMensajeros.wtest:22 exhausted all cases without a match","stack":"Error: [Send]{c8cfe3} at testMensajeros.wtest:22 exhausted all cases without a match\n    at c:\\Users\\E495\\.vscode\\extensions\\uqbar.wollok-lsp-ide-0.5.4\\out\\server\\src\\server.js:38:6142\n    at L2 (c:\\Users\\E495\\.vscode\\extensions\\uqbar.wollok-lsp-ide-0.5.4\\out\\server\\src\\server.js:2389:42)\n    at Jh (c:\\Users\\E495\\.vscode\\extensions\\uqbar.wollok-lsp-ide-0.5.4\\out\\server\\src\\server.js:2389:1092)\n    at M5n (c:\\Users\\E495\\.vscode\\extensions\\uqbar.wollok-lsp-ide-0.5.4\\out\\server\\src\\server.js:2389:1248)\n    at c:\\Users\\E495\\.vscode\\extensions\\uqbar.wollok-lsp-ide-0.5.4\\out\\server\\src\\server.js:38:6131\n    at L2 (c:\\Users\\E495\\.vscode\\extensions\\uqbar.wollok-lsp-ide-0.5.4\\out\\server\\src\\server.js:2389:42)\n    at c:\\Users\\E495\\.vscode\\extensions\\uqbar.wollok-lsp-ide-0.5.4\\out\\server\\src\\server.js:2389:2988\n    at c:\\Users\\E495\\.vscode\\extensions\\uqbar.wollok-lsp-ide-0.5.4\\out\\server\\src\\server.js:2398:8440\n    at c:\\Users\\E495\\.vscode\\extensions\\uqbar.wollok-lsp-ide-0.5.4\\out\\server\\src\\server.js:37:74872\n    at Ke (c:\\Users\\E495\\.vscode\\extensions\\uqbar.wollok-lsp-ide-0.5.4\\out\\server\\src\\server.js:7:8527)","timestamp":"2026-05-05T17:55:27.704Z"}
{"level":"info","message":"⌛ Validating testMensajeros.wtest","timeElapsed":114,"timestamp":"2026-05-05T17:55:27.821Z"}
{"level":"info","message":"⌛ Building environment","timeElapsed":128,"timestamp":"2026-05-05T17:55:27.951Z"}
{"level":"error","message":"✘ Completions for node Send ([22:9, 22:39] - testMensajeros.wtest) failed: Error: [Send]{fc4fd5} at testMensajeros.wtest:22 exhausted all cases without a match [Send]{fc4fd5} at testMensajeros.wtest:22 exhausted all cases without a match","stack":"Error: [Send]{fc4fd5} at testMensajeros.wtest:22 exhausted all cases without a match\n    at c:\\Users\\E495\\.vscode\\extensions\\uqbar.wollok-lsp-ide-0.5.4\\out\\server\\src\\server.js:38:6142\n    at L2 (c:\\Users\\E495\\.vscode\\extensions\\uqbar.wollok-lsp-ide-0.5.4\\out\\server\\src\\server.js:2389:42)\n    at Jh (c:\\Users\\E495\\.vscode\\extensions\\uqbar.wollok-lsp-ide-0.5.4\\out\\server\\src\\server.js:2389:1092)\n    at M5n (c:\\Users\\E495\\.vscode\\extensions\\uqbar.wollok-lsp-ide-0.5.4\\out\\server\\src\\server.js:2389:1248)\n    at c:\\Users\\E495\\.vscode\\extensions\\uqbar.wollok-lsp-ide-0.5.4\\out\\server\\src\\server.js:38:6131\n    at L2 (c:\\Users\\E495\\.vscode\\extensions\\uqbar.wollok-lsp-ide-0.5.4\\out\\server\\src\\server.js:2389:42)\n    at c:\\Users\\E495\\.vscode\\extensions\\uqbar.wollok-lsp-ide-0.5.4\\out\\server\\src\\server.js:2389:2988\n    at c:\\Users\\E495\\.vscode\\extensions\\uqbar.wollok-lsp-ide-0.5.4\\out\\server\\src\\server.js:2398:8440\n    at c:\\Users\\E495\\.vscode\\extensions\\uqbar.wollok-lsp-ide-0.5.4\\out\\server\\src\\server.js:37:74872\n    at Ke (c:\\Users\\E495\\.vscode\\extensions\\uqbar.wollok-lsp-ide-0.5.4\\out\\server\\src\\server.js:7:8527)","timestamp":"2026-05-05T17:55:27.990Z"}
{"level":"info","message":"⌛ Validating testMensajeros.wtest","timeElapsed":121,"timestamp":"2026-05-05T17:55:28.115Z"}
{"level":"info","message":"⌛ Validating testMensajeros.wtest","timeElapsed":115,"timestamp":"2026-05-05T17:55:28.315Z"}
{"level":"error","message":"✘ Completions for node Send ([22:9, 22:41] - testMensajeros.wtest) failed: Error: [Send]{9e27a5} at testMensajeros.wtest:22 exhausted all cases without a match [Send]{9e27a5} at testMensajeros.wtest:22 exhausted all cases without a match","stack":"Error: [Send]{9e27a5} at testMensajeros.wtest:22 exhausted all cases without a match\n    at c:\\Users\\E495\\.vscode\\extensions\\uqbar.wollok-lsp-ide-0.5.4\\out\\server\\src\\server.js:38:6142\n    at L2 (c:\\Users\\E495\\.vscode\\extensions\\uqbar.wollok-lsp-ide-0.5.4\\out\\server\\src\\server.js:2389:42)\n    at Jh (c:\\Users\\E495\\.vscode\\extensions\\uqbar.wollok-lsp-ide-0.5.4\\out\\server\\src\\server.js:2389:1092)\n    at M5n (c:\\Users\\E495\\.vscode\\extensions\\uqbar.wollok-lsp-ide-0.5.4\\out\\server\\src\\server.js:2389:1248)\n    at c:\\Users\\E495\\.vscode\\extensions\\uqbar.wollok-lsp-ide-0.5.4\\out\\server\\src\\server.js:38:6131\n    at L2 (c:\\Users\\E495\\.vscode\\extensions\\uqbar.wollok-lsp-ide-0.5.4\\out\\server\\src\\server.js:2389:42)\n    at c:\\Users\\E495\\.vscode\\extensions\\uqbar.wollok-lsp-ide-0.5.4\\out\\server\\src\\server.js:2389:2988\n    at c:\\Users\\E495\\.vscode\\extensions\\uqbar.wollok-lsp-ide-0.5.4\\out\\server\\src\\server.js:2398:8440\n    at c:\\Users\\E495\\.vscode\\extensions\\uqbar.wollok-lsp-ide-0.5.4\\out\\server\\src\\server.js:37:74872\n    at Ke (c:\\Users\\E495\\.vscode\\extensions\\uqbar.wollok-lsp-ide-0.5.4\\out\\server\\src\\server.js:7:8527)","timestamp":"2026-05-05T17:55:28.421Z"}
{"level":"error","message":"✘ Completions for node Send ([22:9, 22:42] - testMensajeros.wtest) failed: Error: [Send]{19edbf} at testMensajeros.wtest:22 exhausted all cases without a match [Send]{19edbf} at testMensajeros.wtest:22 exhausted all cases without a match","stack":"Error: [Send]{19edbf} at testMensajeros.wtest:22 exhausted all cases without a match\n    at c:\\Users\\E495\\.vscode\\extensions\\uqbar.wollok-lsp-ide-0.5.4\\out\\server\\src\\server.js:38:6142\n    at L2 (c:\\Users\\E495\\.vscode\\extensions\\uqbar.wollok-lsp-ide-0.5.4\\out\\server\\src\\server.js:2389:42)\n    at Jh (c:\\Users\\E495\\.vscode\\extensions\\uqbar.wollok-lsp-ide-0.5.4\\out\\server\\src\\server.js:2389:1092)\n    at M5n (c:\\Users\\E495\\.vscode\\extensions\\uqbar.wollok-lsp-ide-0.5.4\\out\\server\\src\\server.js:2389:1248)\n    at c:\\Users\\E495\\.vscode\\extensions\\uqbar.wollok-lsp-ide-0.5.4\\out\\server\\src\\server.js:38:6131\n    at L2 (c:\\Users\\E495\\.vscode\\extensions\\uqbar.wollok-lsp-ide-0.5.4\\out\\server\\src\\server.js:2389:42)\n    at c:\\Users\\E495\\.vscode\\extensions\\uqbar.wollok-lsp-ide-0.5.4\\out\\server\\src\\server.js:2389:2988\n    at c:\\Users\\E495\\.vscode\\extensions\\uqbar.wollok-lsp-ide-0.5.4\\out\\server\\src\\server.js:2398:8440\n    at c:\\Users\\E495\\.vscode\\extensions\\uqbar.wollok-lsp-ide-0.5.4\\out\\server\\src\\server.js:37:74872\n    at Ke (c:\\Users\\E495\\.vscode\\extensions\\uqbar.wollok-lsp-ide-0.5.4\\out\\server\\src\\server.js:7:8527)","timestamp":"2026-05-05T17:55:28.670Z"}
{"level":"info","message":"⌛ Validating testMensajeros.wtest","timeElapsed":101,"timestamp":"2026-05-05T17:55:28.774Z"}
{"level":"info","message":"⌛ Validating testMensajeros.wtest","timeElapsed":127,"timestamp":"2026-05-05T17:55:29.238Z"}
{"level":"info","message":"⌛ Validating testMensajeros.wtest","timeElapsed":125,"timestamp":"2026-05-05T17:55:29.457Z"}
{"level":"error","message":"✘ Completions for node Send ([22:9, 22:41] - testMensajeros.wtest) failed: Error: [Send]{a96eea} at testMensajeros.wtest:22 exhausted all cases without a match [Send]{a96eea} at testMensajeros.wtest:22 exhausted all cases without a match","stack":"Error: [Send]{a96eea} at testMensajeros.wtest:22 exhausted all cases without a match\n    at c:\\Users\\E495\\.vscode\\extensions\\uqbar.wollok-lsp-ide-0.5.4\\out\\server\\src\\server.js:38:6142\n    at L2 (c:\\Users\\E495\\.vscode\\extensions\\uqbar.wollok-lsp-ide-0.5.4\\out\\server\\src\\server.js:2389:42)\n    at Jh (c:\\Users\\E495\\.vscode\\extensions\\uqbar.wollok-lsp-ide-0.5.4\\out\\server\\src\\server.js:2389:1092)\n    at M5n (c:\\Users\\E495\\.vscode\\extensions\\uqbar.wollok-lsp-ide-0.5.4\\out\\server\\src\\server.js:2389:1248)\n    at c:\\Users\\E495\\.vscode\\extensions\\uqbar.wollok-lsp-ide-0.5.4\\out\\server\\src\\server.js:38:6131\n    at L2 (c:\\Users\\E495\\.vscode\\extensions\\uqbar.wollok-lsp-ide-0.5.4\\out\\server\\src\\server.js:2389:42)\n    at c:\\Users\\E495\\.vscode\\extensions\\uqbar.wollok-lsp-ide-0.5.4\\out\\server\\src\\server.js:2389:2988\n    at c:\\Users\\E495\\.vscode\\extensions\\uqbar.wollok-lsp-ide-0.5.4\\out\\server\\src\\server.js:2398:8440\n    at c:\\Users\\E495\\.vscode\\extensions\\uqbar.wollok-lsp-ide-0.5.4\\out\\server\\src\\server.js:37:74872\n    at Ke (c:\\Users\\E495\\.vscode\\extensions\\uqbar.wollok-lsp-ide-0.5.4\\out\\server\\src\\server.js:7:8527)","timestamp":"2026-05-05T17:55:29.586Z"}
{"level":"info","message":"⌛ Validating testMensajeros.wtest","timeElapsed":111,"timestamp":"2026-05-05T17:55:29.700Z"}
{"level":"info","message":"⌛ Validating testMensajeros.wtest","timeElapsed":108,"timestamp":"2026-05-05T17:55:29.983Z"}
{"level":"info","message":"⌛ Building environment","timeElapsed":136,"timestamp":"2026-05-05T17:55:30.202Z"}
{"level":"error","message":"✘ Completions for node Send ([22:9, 22:40] - testMensajeros.wtest) failed: Error: [Send]{646ecf} at testMensajeros.wtest:22 exhausted all cases without a match [Send]{646ecf} at testMensajeros.wtest:22 exhausted all cases without a match","stack":"Error: [Send]{646ecf} at testMensajeros.wtest:22 exhausted all cases without a match\n    at c:\\Users\\E495\\.vscode\\extensions\\uqbar.wollok-lsp-ide-0.5.4\\out\\server\\src\\server.js:38:6142\n    at L2 (c:\\Users\\E495\\.vscode\\extensions\\uqbar.wollok-lsp-ide-0.5.4\\out\\server\\src\\server.js:2389:42)\n    at Jh (c:\\Users\\E495\\.vscode\\extensions\\uqbar.wollok-lsp-ide-0.5.4\\out\\server\\src\\server.js:2389:1092)\n    at M5n (c:\\Users\\E495\\.vscode\\extensions\\uqbar.wollok-lsp-ide-0.5.4\\out\\server\\src\\server.js:2389:1248)\n    at c:\\Users\\E495\\.vscode\\extensions\\uqbar.wollok-lsp-ide-0.5.4\\out\\server\\src\\server.js:38:6131\n    at L2 (c:\\Users\\E495\\.vscode\\extensions\\uqbar.wollok-lsp-ide-0.5.4\\out\\server\\src\\server.js:2389:42)\n    at c:\\Users\\E495\\.vscode\\extensions\\uqbar.wollok-lsp-ide-0.5.4\\out\\server\\src\\server.js:2389:2988\n    at c:\\Users\\E495\\.vscode\\extensions\\uqbar.wollok-lsp-ide-0.5.4\\out\\server\\src\\server.js:2398:8440\n    at c:\\Users\\E495\\.vscode\\extensions\\uqbar.wollok-lsp-ide-0.5.4\\out\\server\\src\\server.js:37:74872\n    at Ke (c:\\Users\\E495\\.vscode\\extensions\\uqbar.wollok-lsp-ide-0.5.4\\out\\server\\src\\server.js:7:8527)","timestamp":"2026-05-05T17:55:30.334Z"}
{"level":"info","message":"⌛ Validating testMensajeros.wtest","timeElapsed":107,"timestamp":"2026-05-05T17:55:30.443Z"}
{"level":"error","message":"✘ Completions for node Send ([22:9, 22:41] - testMensajeros.wtest) failed: Error: [Send]{efb3d4} at testMensajeros.wtest:22 exhausted all cases without a match [Send]{efb3d4} at testMensajeros.wtest:22 exhausted all cases without a match","stack":"Error: [Send]{efb3d4} at testMensajeros.wtest:22 exhausted all cases without a match\n    at c:\\Users\\E495\\.vscode\\extensions\\uqbar.wollok-lsp-ide-0.5.4\\out\\server\\src\\server.js:38:6142\n    at L2 (c:\\Users\\E495\\.vscode\\extensions\\uqbar.wollok-lsp-ide-0.5.4\\out\\server\\src\\server.js:2389:42)\n    at Jh (c:\\Users\\E495\\.vscode\\extensions\\uqbar.wollok-lsp-ide-0.5.4\\out\\server\\src\\server.js:2389:1092)\n    at M5n (c:\\Users\\E495\\.vscode\\extensions\\uqbar.wollok-lsp-ide-0.5.4\\out\\server\\src\\server.js:2389:1248)\n    at c:\\Users\\E495\\.vscode\\extensions\\uqbar.wollok-lsp-ide-0.5.4\\out\\server\\src\\server.js:38:6131\n    at L2 (c:\\Users\\E495\\.vscode\\extensions\\uqbar.wollok-lsp-ide-0.5.4\\out\\server\\src\\server.js:2389:42)\n    at c:\\Users\\E495\\.vscode\\extensions\\uqbar.wollok-lsp-ide-0.5.4\\out\\server\\src\\server.js:2389:2988\n    at c:\\Users\\E495\\.vscode\\extensions\\uqbar.wollok-lsp-ide-0.5.4\\out\\server\\src\\server.js:2398:8440\n    at c:\\Users\\E495\\.vscode\\extensions\\uqbar.wollok-lsp-ide-0.5.4\\out\\server\\src\\server.js:37:74872\n    at Ke (c:\\Users\\E495\\.vscode\\extensions\\uqbar.wollok-lsp-ide-0.5.4\\out\\server\\src\\server.js:7:8527)","timestamp":"2026-05-05T17:55:40.492Z"}
{"level":"info","message":"⌛ Validating testMensajeros.wtest","timeElapsed":102,"timestamp":"2026-05-05T17:55:40.598Z"}
{"level":"info","message":"⌛ Building environment","timeElapsed":103,"timestamp":"2026-05-05T17:55:40.757Z"}
{"level":"error","message":"✘ Completions for node Send ([22:9, 22:42] - testMensajeros.wtest) failed: Error: [Send]{ece7cc} at testMensajeros.wtest:22 exhausted all cases without a match [Send]{ece7cc} at testMensajeros.wtest:22 exhausted all cases without a match","stack":"Error: [Send]{ece7cc} at testMensajeros.wtest:22 exhausted all cases without a match\n    at c:\\Users\\E495\\.vscode\\extensions\\uqbar.wollok-lsp-ide-0.5.4\\out\\server\\src\\server.js:38:6142\n    at L2 (c:\\Users\\E495\\.vscode\\extensions\\uqbar.wollok-lsp-ide-0.5.4\\out\\server\\src\\server.js:2389:42)\n    at Jh (c:\\Users\\E495\\.vscode\\extensions\\uqbar.wollok-lsp-ide-0.5.4\\out\\server\\src\\server.js:2389:1092)\n    at M5n (c:\\Users\\E495\\.vscode\\extensions\\uqbar.wollok-lsp-ide-0.5.4\\out\\server\\src\\server.js:2389:1248)\n    at c:\\Users\\E495\\.vscode\\extensions\\uqbar.wollok-lsp-ide-0.5.4\\out\\server\\src\\server.js:38:6131\n    at L2 (c:\\Users\\E495\\.vscode\\extensions\\uqbar.wollok-lsp-ide-0.5.4\\out\\server\\src\\server.js:2389:42)\n    at c:\\Users\\E495\\.vscode\\extensions\\uqbar.wollok-lsp-ide-0.5.4\\out\\server\\src\\server.js:2389:2988\n    at c:\\Users\\E495\\.vscode\\extensions\\uqbar.wollok-lsp-ide-0.5.4\\out\\server\\src\\server.js:2398:8440\n    at c:\\Users\\E495\\.vscode\\extensions\\uqbar.wollok-lsp-ide-0.5.4\\out\\server\\src\\server.js:37:74872\n    at Ke (c:\\Users\\E495\\.vscode\\extensions\\uqbar.wollok-lsp-ide-0.5.4\\out\\server\\src\\server.js:7:8527)","timestamp":"2026-05-05T17:55:40.790Z"}
{"level":"info","message":"⌛ Validating testMensajeros.wtest","timeElapsed":107,"timestamp":"2026-05-05T17:55:40.901Z"}
{"level":"error","message":"✘ Completions for node Send ([22:9, 22:43] - testMensajeros.wtest) failed: Error: [Send]{abffd5} at testMensajeros.wtest:22 exhausted all cases without a match [Send]{abffd5} at testMensajeros.wtest:22 exhausted all cases without a match","stack":"Error: [Send]{abffd5} at testMensajeros.wtest:22 exhausted all cases without a match\n    at c:\\Users\\E495\\.vscode\\extensions\\uqbar.wollok-lsp-ide-0.5.4\\out\\server\\src\\server.js:38:6142\n    at L2 (c:\\Users\\E495\\.vscode\\extensions\\uqbar.wollok-lsp-ide-0.5.4\\out\\server\\src\\server.js:2389:42)\n    at Jh (c:\\Users\\E495\\.vscode\\extensions\\uqbar.wollok-lsp-ide-0.5.4\\out\\server\\src\\server.js:2389:1092)\n    at M5n (c:\\Users\\E495\\.vscode\\extensions\\uqbar.wollok-lsp-ide-0.5.4\\out\\server\\src\\server.js:2389:1248)\n    at c:\\Users\\E495\\.vscode\\extensions\\uqbar.wollok-lsp-ide-0.5.4\\out\\server\\src\\server.js:38:6131\n    at L2 (c:\\Users\\E495\\.vscode\\extensions\\uqbar.wollok-lsp-ide-0.5.4\\out\\server\\src\\server.js:2389:42)\n    at c:\\Users\\E495\\.vscode\\extensions\\uqbar.wollok-lsp-ide-0.5.4\\out\\server\\src\\server.js:2389:2988\n    at c:\\Users\\E495\\.vscode\\extensions\\uqbar.wollok-lsp-ide-0.5.4\\out\\server\\src\\server.js:2398:8440\n    at c:\\Users\\E495\\.vscode\\extensions\\uqbar.wollok-lsp-ide-0.5.4\\out\\server\\src\\server.js:37:74872\n    at Ke (c:\\Users\\E495\\.vscode\\extensions\\uqbar.wollok-lsp-ide-0.5.4\\out\\server\\src\\server.js:7:8527)","timestamp":"2026-05-05T17:55:41.663Z"}
{"level":"error","message":"✘ Completions for node Send ([22:9, 22:44] - testMensajeros.wtest) failed: Error: [Send]{181fbc} at testMensajeros.wtest:22 exhausted all cases without a match [Send]{181fbc} at testMensajeros.wtest:22 exhausted all cases without a match","stack":"Error: [Send]{181fbc} at testMensajeros.wtest:22 exhausted all cases without a match\n    at c:\\Users\\E495\\.vscode\\extensions\\uqbar.wollok-lsp-ide-0.5.4\\out\\server\\src\\server.js:38:6142\n    at L2 (c:\\Users\\E495\\.vscode\\extensions\\uqbar.wollok-lsp-ide-0.5.4\\out\\server\\src\\server.js:2389:42)\n    at Jh (c:\\Users\\E495\\.vscode\\extensions\\uqbar.wollok-lsp-ide-0.5.4\\out\\server\\src\\server.js:2389:1092)\n    at M5n (c:\\Users\\E495\\.vscode\\extensions\\uqbar.wollok-lsp-ide-0.5.4\\out\\server\\src\\server.js:2389:1248)\n    at c:\\Users\\E495\\.vscode\\extensions\\uqbar.wollok-lsp-ide-0.5.4\\out\\server\\src\\server.js:38:6131\n    at L2 (c:\\Users\\E495\\.vscode\\extensions\\uqbar.wollok-lsp-ide-0.5.4\\out\\server\\src\\server.js:2389:42)\n    at c:\\Users\\E495\\.vscode\\extensions\\uqbar.wollok-lsp-ide-0.5.4\\out\\server\\src\\server.js:2389:2988\n    at c:\\Users\\E495\\.vscode\\extensions\\uqbar.wollok-lsp-ide-0.5.4\\out\\server\\src\\server.js:2398:8440\n    at c:\\Users\\E495\\.vscode\\extensions\\uqbar.wollok-lsp-ide-0.5.4\\out\\server\\src\\server.js:37:74872\n    at Ke (c:\\Users\\E495\\.vscode\\extensions\\uqbar.wollok-lsp-ide-0.5.4\\out\\server\\src\\server.js:7:8527)","timestamp":"2026-05-05T17:55:42.341Z"}
{"level":"info","message":"⌛ Validating testMensajeros.wtest","timeElapsed":101,"timestamp":"2026-05-05T17:55:42.446Z"}
{"level":"error","message":"✘ Completions for node Send ([22:9, 22:45] - testMensajeros.wtest) failed: Error: [Send]{c5dbe2} at testMensajeros.wtest:22 exhausted all cases without a match [Send]{c5dbe2} at testMensajeros.wtest:22 exhausted all cases without a match","stack":"Error: [Send]{c5dbe2} at testMensajeros.wtest:22 exhausted all cases without a match\n    at c:\\Users\\E495\\.vscode\\extensions\\uqbar.wollok-lsp-ide-0.5.4\\out\\server\\src\\server.js:38:6142\n    at L2 (c:\\Users\\E495\\.vscode\\extensions\\uqbar.wollok-lsp-ide-0.5.4\\out\\server\\src\\server.js:2389:42)\n    at Jh (c:\\Users\\E495\\.vscode\\extensions\\uqbar.wollok-lsp-ide-0.5.4\\out\\server\\src\\server.js:2389:1092)\n    at M5n (c:\\Users\\E495\\.vscode\\extensions\\uqbar.wollok-lsp-ide-0.5.4\\out\\server\\src\\server.js:2389:1248)\n    at c:\\Users\\E495\\.vscode\\extensions\\uqbar.wollok-lsp-ide-0.5.4\\out\\server\\src\\server.js:38:6131\n    at L2 (c:\\Users\\E495\\.vscode\\extensions\\uqbar.wollok-lsp-ide-0.5.4\\out\\server\\src\\server.js:2389:42)\n    at c:\\Users\\E495\\.vscode\\extensions\\uqbar.wollok-lsp-ide-0.5.4\\out\\server\\src\\server.js:2389:2988\n    at c:\\Users\\E495\\.vscode\\extensions\\uqbar.wollok-lsp-ide-0.5.4\\out\\server\\src\\server.js:2398:8440\n    at c:\\Users\\E495\\.vscode\\extensions\\uqbar.wollok-lsp-ide-0.5.4\\out\\server\\src\\server.js:37:74872\n    at Ke (c:\\Users\\E495\\.vscode\\extensions\\uqbar.wollok-lsp-ide-0.5.4\\out\\server\\src\\server.js:7:8527)","timestamp":"2026-05-05T17:55:42.777Z"}
{"level":"info","message":"⌛ Validating testMensajeros.wtest","timeElapsed":125,"timestamp":"2026-05-05T17:55:42.907Z"}
{"level":"error","message":"✘ Completions for node Send ([22:9, 22:46] - testMensajeros.wtest) failed: Error: [Send]{234c1d} at testMensajeros.wtest:22 exhausted all cases without a match [Send]{234c1d} at testMensajeros.wtest:22 exhausted all cases without a match","stack":"Error: [Send]{234c1d} at testMensajeros.wtest:22 exhausted all cases without a match\n    at c:\\Users\\E495\\.vscode\\extensions\\uqbar.wollok-lsp-ide-0.5.4\\out\\server\\src\\server.js:38:6142\n    at L2 (c:\\Users\\E495\\.vscode\\extensions\\uqbar.wollok-lsp-ide-0.5.4\\out\\server\\src\\server.js:2389:42)\n    at Jh (c:\\Users\\E495\\.vscode\\extensions\\uqbar.wollok-lsp-ide-0.5.4\\out\\server\\src\\server.js:2389:1092)\n    at M5n (c:\\Users\\E495\\.vscode\\extensions\\uqbar.wollok-lsp-ide-0.5.4\\out\\server\\src\\server.js:2389:1248)\n    at c:\\Users\\E495\\.vscode\\extensions\\uqbar.wollok-lsp-ide-0.5.4\\out\\server\\src\\server.js:38:6131\n    at L2 (c:\\Users\\E495\\.vscode\\extensions\\uqbar.wollok-lsp-ide-0.5.4\\out\\server\\src\\server.js:2389:42)\n    at c:\\Users\\E495\\.vscode\\extensions\\uqbar.wollok-lsp-ide-0.5.4\\out\\server\\src\\server.js:2389:2988\n    at c:\\Users\\E495\\.vscode\\extensions\\uqbar.wollok-lsp-ide-0.5.4\\out\\server\\src\\server.js:2398:8440\n    at c:\\Users\\E495\\.vscode\\extensions\\uqbar.wollok-lsp-ide-0.5.4\\out\\server\\src\\server.js:37:74872\n    at Ke (c:\\Users\\E495\\.vscode\\extensions\\uqbar.wollok-lsp-ide-0.5.4\\out\\server\\src\\server.js:7:8527)","timestamp":"2026-05-05T17:55:43.174Z"}
{"level":"info","message":"⌛ Validating testMensajeros.wtest","timeElapsed":106,"timestamp":"2026-05-05T17:55:43.291Z"}
{"level":"error","message":"✘ Completions for node Send ([22:9, 22:47] - testMensajeros.wtest) failed: Error: [Send]{d05948} at testMensajeros.wtest:22 exhausted all cases without a match [Send]{d05948} at testMensajeros.wtest:22 exhausted all cases without a match","stack":"Error: [Send]{d05948} at testMensajeros.wtest:22 exhausted all cases without a match\n    at c:\\Users\\E495\\.vscode\\extensions\\uqbar.wollok-lsp-ide-0.5.4\\out\\server\\src\\server.js:38:6142\n    at L2 (c:\\Users\\E495\\.vscode\\extensions\\uqbar.wollok-lsp-ide-0.5.4\\out\\server\\src\\server.js:2389:42)\n    at Jh (c:\\Users\\E495\\.vscode\\extensions\\uqbar.wollok-lsp-ide-0.5.4\\out\\server\\src\\server.js:2389:1092)\n    at M5n (c:\\Users\\E495\\.vscode\\extensions\\uqbar.wollok-lsp-ide-0.5.4\\out\\server\\src\\server.js:2389:1248)\n    at c:\\Users\\E495\\.vscode\\extensions\\uqbar.wollok-lsp-ide-0.5.4\\out\\server\\src\\server.js:38:6131\n    at L2 (c:\\Users\\E495\\.vscode\\extensions\\uqbar.wollok-lsp-ide-0.5.4\\out\\server\\src\\server.js:2389:42)\n    at c:\\Users\\E495\\.vscode\\extensions\\uqbar.wollok-lsp-ide-0.5.4\\out\\server\\src\\server.js:2389:2988\n    at c:\\Users\\E495\\.vscode\\extensions\\uqbar.wollok-lsp-ide-0.5.4\\out\\server\\src\\server.js:2398:8440\n    at c:\\Users\\E495\\.vscode\\extensions\\uqbar.wollok-lsp-ide-0.5.4\\out\\server\\src\\server.js:37:74872\n    at Ke (c:\\Users\\E495\\.vscode\\extensions\\uqbar.wollok-lsp-ide-0.5.4\\out\\server\\src\\server.js:7:8527)","timestamp":"2026-05-05T17:55:43.405Z"}
{"level":"error","message":"✘ Completions for node Send ([22:9, 22:48] - testMensajeros.wtest) failed: Error: [Send]{3e1af6} at testMensajeros.wtest:22 exhausted all cases without a match [Send]{3e1af6} at testMensajeros.wtest:22 exhausted all cases without a match","stack":"Error: [Send]{3e1af6} at testMensajeros.wtest:22 exhausted all cases without a match\n    at c:\\Users\\E495\\.vscode\\extensions\\uqbar.wollok-lsp-ide-0.5.4\\out\\server\\src\\server.js:38:6142\n    at L2 (c:\\Users\\E495\\.vscode\\extensions\\uqbar.wollok-lsp-ide-0.5.4\\out\\server\\src\\server.js:2389:42)\n    at Jh (c:\\Users\\E495\\.vscode\\extensions\\uqbar.wollok-lsp-ide-0.5.4\\out\\server\\src\\server.js:2389:1092)\n    at M5n (c:\\Users\\E495\\.vscode\\extensions\\uqbar.wollok-lsp-ide-0.5.4\\out\\server\\src\\server.js:2389:1248)\n    at c:\\Users\\E495\\.vscode\\extensions\\uqbar.wollok-lsp-ide-0.5.4\\out\\server\\src\\server.js:38:6131\n    at L2 (c:\\Users\\E495\\.vscode\\extensions\\uqbar.wollok-lsp-ide-0.5.4\\out\\server\\src\\server.js:2389:42)\n    at c:\\Users\\E495\\.vscode\\extensions\\uqbar.wollok-lsp-ide-0.5.4\\out\\server\\src\\server.js:2389:2988\n    at c:\\Users\\E495\\.vscode\\extensions\\uqbar.wollok-lsp-ide-0.5.4\\out\\server\\src\\server.js:2398:8440\n    at c:\\Users\\E495\\.vscode\\extensions\\uqbar.wollok-lsp-ide-0.5.4\\out\\server\\src\\server.js:37:74872\n    at Ke (c:\\Users\\E495\\.vscode\\extensions\\uqbar.wollok-lsp-ide-0.5.4\\out\\server\\src\\server.js:7:8527)","timestamp":"2026-05-05T17:55:43.637Z"}
{"level":"error","message":"✘ Completions for node Send ([22:9, 22:49] - testMensajeros.wtest) failed: Error: [Send]{001b6e} at testMensajeros.wtest:22 exhausted all cases without a match [Send]{001b6e} at testMensajeros.wtest:22 exhausted all cases without a match","stack":"Error: [Send]{001b6e} at testMensajeros.wtest:22 exhausted all cases without a match\n    at c:\\Users\\E495\\.vscode\\extensions\\uqbar.wollok-lsp-ide-0.5.4\\out\\server\\src\\server.js:38:6142\n    at L2 (c:\\Users\\E495\\.vscode\\extensions\\uqbar.wollok-lsp-ide-0.5.4\\out\\server\\src\\server.js:2389:42)\n    at Jh (c:\\Users\\E495\\.vscode\\extensions\\uqbar.wollok-lsp-ide-0.5.4\\out\\server\\src\\server.js:2389:1092)\n    at M5n (c:\\Users\\E495\\.vscode\\extensions\\uqbar.wollok-lsp-ide-0.5.4\\out\\server\\src\\server.js:2389:1248)\n    at c:\\Users\\E495\\.vscode\\extensions\\uqbar.wollok-lsp-ide-0.5.4\\out\\server\\src\\server.js:38:6131\n    at L2 (c:\\Users\\E495\\.vscode\\extensions\\uqbar.wollok-lsp-ide-0.5.4\\out\\server\\src\\server.js:2389:42)\n    at c:\\Users\\E495\\.vscode\\extensions\\uqbar.wollok-lsp-ide-0.5.4\\out\\server\\src\\server.js:2389:2988\n    at c:\\Users\\E495\\.vscode\\extensions\\uqbar.wollok-lsp-ide-0.5.4\\out\\server\\src\\server.js:2398:8440\n    at c:\\Users\\E495\\.vscode\\extensions\\uqbar.wollok-lsp-ide-0.5.4\\out\\server\\src\\server.js:37:74872\n    at Ke (c:\\Users\\E495\\.vscode\\extensions\\uqbar.wollok-lsp-ide-0.5.4\\out\\server\\src\\server.js:7:8527)","timestamp":"2026-05-05T17:55:43.905Z"}
{"level":"info","message":"⌛ Validating testMensajeros.wtest","timeElapsed":106,"timestamp":"2026-05-05T17:55:44.015Z"}
{"level":"error","message":"✘ Completions for node Send ([22:9, 22:51] - testMensajeros.wtest) failed: Error: [Send]{f45ef0} at testMensajeros.wtest:22 exhausted all cases without a match [Send]{f45ef0} at testMensajeros.wtest:22 exhausted all cases without a match","stack":"Error: [Send]{f45ef0} at testMensajeros.wtest:22 exhausted all cases without a match\n    at c:\\Users\\E495\\.vscode\\extensions\\uqbar.wollok-lsp-ide-0.5.4\\out\\server\\src\\server.js:38:6142\n    at L2 (c:\\Users\\E495\\.vscode\\extensions\\uqbar.wollok-lsp-ide-0.5.4\\out\\server\\src\\server.js:2389:42)\n    at Jh (c:\\Users\\E495\\.vscode\\extensions\\uqbar.wollok-lsp-ide-0.5.4\\out\\server\\src\\server.js:2389:1092)\n    at M5n (c:\\Users\\E495\\.vscode\\extensions\\uqbar.wollok-lsp-ide-0.5.4\\out\\server\\src\\server.js:2389:1248)\n    at c:\\Users\\E495\\.vscode\\extensions\\uqbar.wollok-lsp-ide-0.5.4\\out\\server\\src\\server.js:38:6131\n    at L2 (c:\\Users\\E495\\.vscode\\extensions\\uqbar.wollok-lsp-ide-0.5.4\\out\\server\\src\\server.js:2389:42)\n    at c:\\Users\\E495\\.vscode\\extensions\\uqbar.wollok-lsp-ide-0.5.4\\out\\server\\src\\server.js:2389:2988\n    at c:\\Users\\E495\\.vscode\\extensions\\uqbar.wollok-lsp-ide-0.5.4\\out\\server\\src\\server.js:2398:8440\n    at c:\\Users\\E495\\.vscode\\extensions\\uqbar.wollok-lsp-ide-0.5.4\\out\\server\\src\\server.js:37:74872\n    at Ke (c:\\Users\\E495\\.vscode\\extensions\\uqbar.wollok-lsp-ide-0.5.4\\out\\server\\src\\server.js:7:8527)","timestamp":"2026-05-05T17:55:44.241Z"}
{"level":"info","message":"⌛ Validating testMensajeros.wtest","timeElapsed":104,"timestamp":"2026-05-05T17:55:44.349Z"}
{"level":"error","message":"✘ Completions for node Send ([22:24, 22:53] - testMensajeros.wtest) failed: Error: [Send]{6c6270} at testMensajeros.wtest:22 exhausted all cases without a match [Send]{6c6270} at testMensajeros.wtest:22 exhausted all cases without a match","stack":"Error: [Send]{6c6270} at testMensajeros.wtest:22 exhausted all cases without a match\n    at c:\\Users\\E495\\.vscode\\extensions\\uqbar.wollok-lsp-ide-0.5.4\\out\\server\\src\\server.js:38:6142\n    at L2 (c:\\Users\\E495\\.vscode\\extensions\\uqbar.wollok-lsp-ide-0.5.4\\out\\server\\src\\server.js:2389:42)\n    at Jh (c:\\Users\\E495\\.vscode\\extensions\\uqbar.wollok-lsp-ide-0.5.4\\out\\server\\src\\server.js:2389:1092)\n    at M5n (c:\\Users\\E495\\.vscode\\extensions\\uqbar.wollok-lsp-ide-0.5.4\\out\\server\\src\\server.js:2389:1248)\n    at c:\\Users\\E495\\.vscode\\extensions\\uqbar.wollok-lsp-ide-0.5.4\\out\\server\\src\\server.js:38:6131\n    at L2 (c:\\Users\\E495\\.vscode\\extensions\\uqbar.wollok-lsp-ide-0.5.4\\out\\server\\src\\server.js:2389:42)\n    at c:\\Users\\E495\\.vscode\\extensions\\uqbar.wollok-lsp-ide-0.5.4\\out\\server\\src\\server.js:2389:2988\n    at c:\\Users\\E495\\.vscode\\extensions\\uqbar.wollok-lsp-ide-0.5.4\\out\\server\\src\\server.js:2398:8440\n    at c:\\Users\\E495\\.vscode\\extensions\\uqbar.wollok-lsp-ide-0.5.4\\out\\server\\src\\server.js:37:74872\n    at Ke (c:\\Users\\E495\\.vscode\\extensions\\uqbar.wollok-lsp-ide-0.5.4\\out\\server\\src\\server.js:7:8527)","timestamp":"2026-05-05T17:55:45.874Z"}
{"level":"error","message":"✘ Completions for node Send ([22:9, 22:54] - testMensajeros.wtest) failed: Error: [Send]{f463d3} at testMensajeros.wtest:22 exhausted all cases without a match [Send]{f463d3} at testMensajeros.wtest:22 exhausted all cases without a match","stack":"Error: [Send]{f463d3} at testMensajeros.wtest:22 exhausted all cases without a match\n    at c:\\Users\\E495\\.vscode\\extensions\\uqbar.wollok-lsp-ide-0.5.4\\out\\server\\src\\server.js:38:6142\n    at L2 (c:\\Users\\E495\\.vscode\\extensions\\uqbar.wollok-lsp-ide-0.5.4\\out\\server\\src\\server.js:2389:42)\n    at Jh (c:\\Users\\E495\\.vscode\\extensions\\uqbar.wollok-lsp-ide-0.5.4\\out\\server\\src\\server.js:2389:1092)\n    at L2 (c:\\Users\\E495\\.vscode\\extensions\\uqbar.wollok-lsp-ide-0.5.4\\out\\server\\src\\server.js:2389:544)\n    at Jh (c:\\Users\\E495\\.vscode\\extensions\\uqbar.wollok-lsp-ide-0.5.4\\out\\server\\src\\server.js:2389:1092)\n    at M5n (c:\\Users\\E495\\.vscode\\extensions\\uqbar.wollok-lsp-ide-0.5.4\\out\\server\\src\\server.js:2389:1248)\n    at c:\\Users\\E495\\.vscode\\extensions\\uqbar.wollok-lsp-ide-0.5.4\\out\\server\\src\\server.js:38:6131\n    at L2 (c:\\Users\\E495\\.vscode\\extensions\\uqbar.wollok-lsp-ide-0.5.4\\out\\server\\src\\server.js:2389:42)\n    at c:\\Users\\E495\\.vscode\\extensions\\uqbar.wollok-lsp-ide-0.5.4\\out\\server\\src\\server.js:2389:2988\n    at c:\\Users\\E495\\.vscode\\extensions\\uqbar.wollok-lsp-ide-0.5.4\\out\\server\\src\\server.js:2398:8440","timestamp":"2026-05-05T17:55:45.874Z"}
{"level":"info","message":"⌛ Validating testMensajeros.wtest","timeElapsed":117,"timestamp":"2026-05-05T17:55:46.001Z"}
{"level":"info","message":"⌛ Building environment","timeElapsed":176,"timestamp":"2026-05-05T17:55:46.178Z"}
{"level":"info","message":"⌛ Validating testMensajeros.wtest","timeElapsed":125,"timestamp":"2026-05-05T17:55:46.310Z"}
{"level":"info","message":"⌛ Validating testMensajeros.wtest","timeElapsed":122,"timestamp":"2026-05-05T17:55:46.521Z"}
{"level":"info","message":"⌛ Validating testMensajeros.wtest","timeElapsed":144,"timestamp":"2026-05-05T17:55:46.764Z"}
{"level":"info","message":"⌛ Validating testMensajeros.wtest","timeElapsed":112,"timestamp":"2026-05-05T17:55:47.413Z"}
{"level":"info","message":"⌛ Building environment","timeElapsed":106,"timestamp":"2026-05-05T17:56:15.696Z"}
{"level":"info","message":"⌛ Validating mensajeros.wlk","timeElapsed":113,"timestamp":"2026-05-05T17:56:15.817Z"}
{"level":"info","message":"⌛ Validating mensajeros.wlk","timeElapsed":124,"timestamp":"2026-05-05T17:56:16.044Z"}
{"level":"info","message":"⌛ Validating mensajeros.wlk","timeElapsed":106,"timestamp":"2026-05-05T17:56:16.242Z"}
{"level":"info","message":"⌛ Building environment","timeElapsed":102,"timestamp":"2026-05-05T17:56:19.488Z"}
{"level":"info","message":"⌛ Validating mensajeros.wlk","timeElapsed":110,"timestamp":"2026-05-05T17:56:19.607Z"}
{"level":"info","message":"⌛ Validating mensajeros.wlk","timeElapsed":121,"timestamp":"2026-05-05T17:56:19.851Z"}
{"level":"info","message":"⌛ Validating mensajeros.wlk","timeElapsed":101,"timestamp":"2026-05-05T17:56:20.040Z"}
{"level":"info","message":"🧪 Test runner executed on c:\\Users\\E495\\Desktop\\UNaHur\\Programación con objetos I\\mensajerosDePelicula-pinkiemorie","result":{"errored":0,"failed":0,"ok":2},"testsFailed":[],"timeElapsed":615,"timestamp":"2026-05-05T17:56:52.074Z"}
{"level":"info","message":"⌛ Building environment","timeElapsed":116,"timestamp":"2026-05-05T17:59:49.008Z"}
{"level":"info","message":"⌛ Validating testMensajeros.wtest","timeElapsed":125,"timestamp":"2026-05-05T17:59:49.134Z"}
{"level":"info","message":"⌛ Building environment","timeElapsed":118,"timestamp":"2026-05-05T17:59:49.254Z"}
{"level":"info","message":"⌛ Validating testMensajeros.wtest","timeElapsed":123,"timestamp":"2026-05-05T17:59:49.378Z"}
{"level":"info","message":"⌛ Validating testMensajeros.wtest","timeElapsed":134,"timestamp":"2026-05-05T17:59:49.894Z"}
{"level":"info","message":"⌛ Validating testMensajeros.wtest","timeElapsed":127,"timestamp":"2026-05-05T17:59:50.219Z"}
{"level":"info","message":"⌛ Validating testMensajeros.wtest","timeElapsed":105,"timestamp":"2026-05-05T17:59:50.325Z"}
{"level":"error","message":"✘ Failed to rebuild document Failed to parse testMensajeros.wtest: \n-- PARSING FAILED --------------------------------------------------\n\n  25 |     test\n  26 | \n> 27 | }\n     | ^\n\nExpected one of the following: \n\nstring literal, whitespace\n","stack":"Error: Failed to parse testMensajeros.wtest: \n-- PARSING FAILED --------------------------------------------------\n\n  25 |     test\n  26 | \n> 27 | }\n     | ^\n\nExpected one of the following: \n\nstring literal, whitespace\n\n    at c:\\Users\\E495\\.vscode\\extensions\\uqbar.wollok-lsp-ide-0.5.4\\out\\server\\src\\server.js:2353:13026\n    at Array.map (<anonymous>)\n    at U1n (c:\\Users\\E495\\.vscode\\extensions\\uqbar.wollok-lsp-ide-0.5.4\\out\\server\\src\\server.js:2353:12950)\n    at H2.buildEnvironmentFrom (c:\\Users\\E495\\.vscode\\extensions\\uqbar.wollok-lsp-ide-0.5.4\\out\\server\\src\\server.js:2398:5254)\n    at H2.updateEnvironmentWith (c:\\Users\\E495\\.vscode\\extensions\\uqbar.wollok-lsp-ide-0.5.4\\out\\server\\src\\server.js:2398:4989)\n    at GF (c:\\Users\\E495\\.vscode\\extensions\\uqbar.wollok-lsp-ide-0.5.4\\out\\server\\src\\server.js:2398:7383)\n    at V3.invoke (c:\\Users\\E495\\.vscode\\extensions\\uqbar.wollok-lsp-ide-0.5.4\\out\\server\\src\\server.js:3:157328)\n    at o.fire (c:\\Users\\E495\\.vscode\\extensions\\uqbar.wollok-lsp-ide-0.5.4\\out\\server\\src\\server.js:3:158098)\n    at c:\\Users\\E495\\.vscode\\extensions\\uqbar.wollok-lsp-ide-0.5.4\\out\\server\\src\\server.js:37:57871\n    at nd (c:\\Users\\E495\\.vscode\\extensions\\uqbar.wollok-lsp-ide-0.5.4\\out\\server\\src\\server.js:8:1561)","timestamp":"2026-05-05T17:59:50.332Z"}
{"level":"error","message":"✘ Failed to rebuild document Failed to parse testMensajeros.wtest: \n-- PARSING FAILED --------------------------------------------------\n\n  25 |     test \n  26 | \n> 27 | }\n     | ^\n\nExpected one of the following: \n\nstring literal, whitespace\n","stack":"Error: Failed to parse testMensajeros.wtest: \n-- PARSING FAILED --------------------------------------------------\n\n  25 |     test \n  26 | \n> 27 | }\n     | ^\n\nExpected one of the following: \n\nstring literal, whitespace\n\n    at c:\\Users\\E495\\.vscode\\extensions\\uqbar.wollok-lsp-ide-0.5.4\\out\\server\\src\\server.js:2353:13026\n    at Array.map (<anonymous>)\n    at U1n (c:\\Users\\E495\\.vscode\\extensions\\uqbar.wollok-lsp-ide-0.5.4\\out\\server\\src\\server.js:2353:12950)\n    at H2.buildEnvironmentFrom (c:\\Users\\E495\\.vscode\\extensions\\uqbar.wollok-lsp-ide-0.5.4\\out\\server\\src\\server.js:2398:5254)\n    at H2.updateEnvironmentWith (c:\\Users\\E495\\.vscode\\extensions\\uqbar.wollok-lsp-ide-0.5.4\\out\\server\\src\\server.js:2398:4989)\n    at GF (c:\\Users\\E495\\.vscode\\extensions\\uqbar.wollok-lsp-ide-0.5.4\\out\\server\\src\\server.js:2398:7383)\n    at V3.invoke (c:\\Users\\E495\\.vscode\\extensions\\uqbar.wollok-lsp-ide-0.5.4\\out\\server\\src\\server.js:3:157328)\n    at o.fire (c:\\Users\\E495\\.vscode\\extensions\\uqbar.wollok-lsp-ide-0.5.4\\out\\server\\src\\server.js:3:158098)\n    at c:\\Users\\E495\\.vscode\\extensions\\uqbar.wollok-lsp-ide-0.5.4\\out\\server\\src\\server.js:37:57871\n    at nd (c:\\Users\\E495\\.vscode\\extensions\\uqbar.wollok-lsp-ide-0.5.4\\out\\server\\src\\server.js:8:1561)","timestamp":"2026-05-05T17:59:50.695Z"}
{"level":"error","message":"✘ Failed to rebuild document Failed to parse testMensajeros.wtest: \n-- PARSING FAILED --------------------------------------------------\n\n  25 |     test \"\"\n  26 | \n> 27 | }\n     | ^\n\nExpected one of the following: \n\n'@', '{', comment, whitespace\n","stack":"Error: Failed to parse testMensajeros.wtest: \n-- PARSING FAILED --------------------------------------------------\n\n  25 |     test \"\"\n  26 | \n> 27 | }\n     | ^\n\nExpected one of the following: \n\n'@', '{', comment, whitespace\n\n    at c:\\Users\\E495\\.vscode\\extensions\\uqbar.wollok-lsp-ide-0.5.4\\out\\server\\src\\server.js:2353:13026\n    at Array.map (<anonymous>)\n    at U1n (c:\\Users\\E495\\.vscode\\extensions\\uqbar.wollok-lsp-ide-0.5.4\\out\\server\\src\\server.js:2353:12950)\n    at H2.buildEnvironmentFrom (c:\\Users\\E495\\.vscode\\extensions\\uqbar.wollok-lsp-ide-0.5.4\\out\\server\\src\\server.js:2398:5254)\n    at H2.updateEnvironmentWith (c:\\Users\\E495\\.vscode\\extensions\\uqbar.wollok-lsp-ide-0.5.4\\out\\server\\src\\server.js:2398:4989)\n    at GF (c:\\Users\\E495\\.vscode\\extensions\\uqbar.wollok-lsp-ide-0.5.4\\out\\server\\src\\server.js:2398:7383)\n    at V3.invoke (c:\\Users\\E495\\.vscode\\extensions\\uqbar.wollok-lsp-ide-0.5.4\\out\\server\\src\\server.js:3:157328)\n    at o.fire (c:\\Users\\E495\\.vscode\\extensions\\uqbar.wollok-lsp-ide-0.5.4\\out\\server\\src\\server.js:3:158098)\n    at c:\\Users\\E495\\.vscode\\extensions\\uqbar.wollok-lsp-ide-0.5.4\\out\\server\\src\\server.js:37:57871\n    at nd (c:\\Users\\E495\\.vscode\\extensions\\uqbar.wollok-lsp-ide-0.5.4\\out\\server\\src\\server.js:8:1561)","timestamp":"2026-05-05T17:59:51.761Z"}
{"level":"error","message":"✘ Failed to rebuild document Failed to parse testMensajeros.wtest: \n-- PARSING FAILED --------------------------------------------------\n\n  25 |     test \"C\"\n  26 | \n> 27 | }\n     | ^\n\nExpected one of the following: \n\n'@', '{', comment, whitespace\n","stack":"Error: Failed to parse testMensajeros.wtest: \n-- PARSING FAILED --------------------------------------------------\n\n  25 |     test \"C\"\n  26 | \n> 27 | }\n     | ^\n\nExpected one of the following: \n\n'@', '{', comment, whitespace\n\n    at c:\\Users\\E495\\.vscode\\extensions\\uqbar.wollok-lsp-ide-0.5.4\\out\\server\\src\\server.js:2353:13026\n    at Array.map (<anonymous>)\n    at U1n (c:\\Users\\E495\\.vscode\\extensions\\uqbar.wollok-lsp-ide-0.5.4\\out\\server\\src\\server.js:2353:12950)\n    at H2.buildEnvironmentFrom (c:\\Users\\E495\\.vscode\\extensions\\uqbar.wollok-lsp-ide-0.5.4\\out\\server\\src\\server.js:2398:5254)\n    at H2.updateEnvironmentWith (c:\\Users\\E495\\.vscode\\extensions\\uqbar.wollok-lsp-ide-0.5.4\\out\\server\\src\\server.js:2398:4989)\n    at GF (c:\\Users\\E495\\.vscode\\extensions\\uqbar.wollok-lsp-ide-0.5.4\\out\\server\\src\\server.js:2398:7383)\n    at V3.invoke (c:\\Users\\E495\\.vscode\\extensions\\uqbar.wollok-lsp-ide-0.5.4\\out\\server\\src\\server.js:3:157328)\n    at o.fire (c:\\Users\\E495\\.vscode\\extensions\\uqbar.wollok-lsp-ide-0.5.4\\out\\server\\src\\server.js:3:158098)\n    at c:\\Users\\E495\\.vscode\\extensions\\uqbar.wollok-lsp-ide-0.5.4\\out\\server\\src\\server.js:37:57871\n    at nd (c:\\Users\\E495\\.vscode\\extensions\\uqbar.wollok-lsp-ide-0.5.4\\out\\server\\src\\server.js:8:1561)","timestamp":"2026-05-05T17:59:53.822Z"}
{"level":"error","message":"✘ Failed to rebuild document Failed to parse testMensajeros.wtest: \n-- PARSING FAILED --------------------------------------------------\n\n  25 |     test \"Ch\"\n  26 | \n> 27 | }\n     | ^\n\nExpected one of the following: \n\n'@', '{', comment, whitespace\n","stack":"Error: Failed to parse testMensajeros.wtest: \n-- PARSING FAILED --------------------------------------------------\n\n  25 |     test \"Ch\"\n  26 | \n> 27 | }\n     | ^\n\nExpected one of the following: \n\n'@', '{', comment, whitespace\n\n    at c:\\Users\\E495\\.vscode\\extensions\\uqbar.wollok-lsp-ide-0.5.4\\out\\server\\src\\server.js:2353:13026\n    at Array.map (<anonymous>)\n    at U1n (c:\\Users\\E495\\.vscode\\extensions\\uqbar.wollok-lsp-ide-0.5.4\\out\\server\\src\\server.js:2353:12950)\n    at H2.buildEnvironmentFrom (c:\\Users\\E495\\.vscode\\extensions\\uqbar.wollok-lsp-ide-0.5.4\\out\\server\\src\\server.js:2398:5254)\n    at H2.updateEnvironmentWith (c:\\Users\\E495\\.vscode\\extensions\\uqbar.wollok-lsp-ide-0.5.4\\out\\server\\src\\server.js:2398:4989)\n    at GF (c:\\Users\\E495\\.vscode\\extensions\\uqbar.wollok-lsp-ide-0.5.4\\out\\server\\src\\server.js:2398:7383)\n    at V3.invoke (c:\\Users\\E495\\.vscode\\extensions\\uqbar.wollok-lsp-ide-0.5.4\\out\\server\\src\\server.js:3:157328)\n    at o.fire (c:\\Users\\E495\\.vscode\\extensions\\uqbar.wollok-lsp-ide-0.5.4\\out\\server\\src\\server.js:3:158098)\n    at c:\\Users\\E495\\.vscode\\extensions\\uqbar.wollok-lsp-ide-0.5.4\\out\\server\\src\\server.js:37:57871\n    at nd (c:\\Users\\E495\\.vscode\\extensions\\uqbar.wollok-lsp-ide-0.5.4\\out\\server\\src\\server.js:8:1561)","timestamp":"2026-05-05T17:59:54.973Z"}
{"level":"error","message":"✘ Failed to rebuild document Failed to parse testMensajeros.wtest: \n-- PARSING FAILED --------------------------------------------------\n\n  25 |     test \"Chu\"\n  26 | \n> 27 | }\n     | ^\n\nExpected one of the following: \n\n'@', '{', comment, whitespace\n","stack":"Error: Failed to parse testMensajeros.wtest: \n-- PARSING FAILED --------------------------------------------------\n\n  25 |     test \"Chu\"\n  26 | \n> 27 | }\n     | ^\n\nExpected one of the following: \n\n'@', '{', comment, whitespace\n\n    at c:\\Users\\E495\\.vscode\\extensions\\uqbar.wollok-lsp-ide-0.5.4\\out\\server\\src\\server.js:2353:13026\n    at Array.map (<anonymous>)\n    at U1n (c:\\Users\\E495\\.vscode\\extensions\\uqbar.wollok-lsp-ide-0.5.4\\out\\server\\src\\server.js:2353:12950)\n    at H2.buildEnvironmentFrom (c:\\Users\\E495\\.vscode\\extensions\\uqbar.wollok-lsp-ide-0.5.4\\out\\server\\src\\server.js:2398:5254)\n    at H2.updateEnvironmentWith (c:\\Users\\E495\\.vscode\\extensions\\uqbar.wollok-lsp-ide-0.5.4\\out\\server\\src\\server.js:2398:4989)\n    at GF (c:\\Users\\E495\\.vscode\\extensions\\uqbar.wollok-lsp-ide-0.5.4\\out\\server\\src\\server.js:2398:7383)\n    at V3.invoke (c:\\Users\\E495\\.vscode\\extensions\\uqbar.wollok-lsp-ide-0.5.4\\out\\server\\src\\server.js:3:157328)\n    at o.fire (c:\\Users\\E495\\.vscode\\extensions\\uqbar.wollok-lsp-ide-0.5.4\\out\\server\\src\\server.js:3:158098)\n    at c:\\Users\\E495\\.vscode\\extensions\\uqbar.wollok-lsp-ide-0.5.4\\out\\server\\src\\server.js:37:57871\n    at nd (c:\\Users\\E495\\.vscode\\extensions\\uqbar.wollok-lsp-ide-0.5.4\\out\\server\\src\\server.js:8:1561)","timestamp":"2026-05-05T17:59:55.348Z"}
{"level":"error","message":"✘ Failed to rebuild document Failed to parse testMensajeros.wtest: \n-- PARSING FAILED --------------------------------------------------\n\n  25 |     test \"Chuc\"\n  26 | \n> 27 | }\n     | ^\n\nExpected one of the following: \n\n'@', '{', comment, whitespace\n","stack":"Error: Failed to parse testMensajeros.wtest: \n-- PARSING FAILED --------------------------------------------------\n\n  25 |     test \"Chuc\"\n  26 | \n> 27 | }\n     | ^\n\nExpected one of the following: \n\n'@', '{', comment, whitespace\n\n    at c:\\Users\\E495\\.vscode\\extensions\\uqbar.wollok-lsp-ide-0.5.4\\out\\server\\src\\server.js:2353:13026\n    at Array.map (<anonymous>)\n    at U1n (c:\\Users\\E495\\.vscode\\extensions\\uqbar.wollok-lsp-ide-0.5.4\\out\\server\\src\\server.js:2353:12950)\n    at H2.buildEnvironmentFrom (c:\\Users\\E495\\.vscode\\extensions\\uqbar.wollok-lsp-ide-0.5.4\\out\\server\\src\\server.js:2398:5254)\n    at H2.updateEnvironmentWith (c:\\Users\\E495\\.vscode\\extensions\\uqbar.wollok-lsp-ide-0.5.4\\out\\server\\src\\server.js:2398:4989)\n    at GF (c:\\Users\\E495\\.vscode\\extensions\\uqbar.wollok-lsp-ide-0.5.4\\out\\server\\src\\server.js:2398:7383)\n    at V3.invoke (c:\\Users\\E495\\.vscode\\extensions\\uqbar.wollok-lsp-ide-0.5.4\\out\\server\\src\\server.js:3:157328)\n    at o.fire (c:\\Users\\E495\\.vscode\\extensions\\uqbar.wollok-lsp-ide-0.5.4\\out\\server\\src\\server.js:3:158098)\n    at c:\\Users\\E495\\.vscode\\extensions\\uqbar.wollok-lsp-ide-0.5.4\\out\\server\\src\\server.js:37:57871\n    at nd (c:\\Users\\E495\\.vscode\\extensions\\uqbar.wollok-lsp-ide-0.5.4\\out\\server\\src\\server.js:8:1561)","timestamp":"2026-05-05T17:59:55.546Z"}
{"level":"error","message":"✘ Failed to rebuild document Failed to parse testMensajeros.wtest: \n-- PARSING FAILED --------------------------------------------------\n\n  25 |     test \"Chuck\"\n  26 | \n> 27 | }\n     | ^\n\nExpected one of the following: \n\n'@', '{', comment, whitespace\n","stack":"Error: Failed to parse testMensajeros.wtest: \n-- PARSING FAILED --------------------------------------------------\n\n  25 |     test \"Chuck\"\n  26 | \n> 27 | }\n     | ^\n\nExpected one of the following: \n\n'@', '{', comment, whitespace\n\n    at c:\\Users\\E495\\.vscode\\extensions\\uqbar.wollok-lsp-ide-0.5.4\\out\\server\\src\\server.js:2353:13026\n    at Array.map (<anonymous>)\n    at U1n (c:\\Users\\E495\\.vscode\\extensions\\uqbar.wollok-lsp-ide-0.5.4\\out\\server\\src\\server.js:2353:12950)\n    at H2.buildEnvironmentFrom (c:\\Users\\E495\\.vscode\\extensions\\uqbar.wollok-lsp-ide-0.5.4\\out\\server\\src\\server.js:2398:5254)\n    at H2.updateEnvironmentWith (c:\\Users\\E495\\.vscode\\extensions\\uqbar.wollok-lsp-ide-0.5.4\\out\\server\\src\\server.js:2398:4989)\n    at GF (c:\\Users\\E495\\.vscode\\extensions\\uqbar.wollok-lsp-ide-0.5.4\\out\\server\\src\\server.js:2398:7383)\n    at V3.invoke (c:\\Users\\E495\\.vscode\\extensions\\uqbar.wollok-lsp-ide-0.5.4\\out\\server\\src\\server.js:3:157328)\n    at o.fire (c:\\Users\\E495\\.vscode\\extensions\\uqbar.wollok-lsp-ide-0.5.4\\out\\server\\src\\server.js:3:158098)\n    at c:\\Users\\E495\\.vscode\\extensions\\uqbar.wollok-lsp-ide-0.5.4\\out\\server\\src\\server.js:37:57871\n    at nd (c:\\Users\\E495\\.vscode\\extensions\\uqbar.wollok-lsp-ide-0.5.4\\out\\server\\src\\server.js:8:1561)","timestamp":"2026-05-05T17:59:55.798Z"}
{"level":"error","message":"✘ Failed to rebuild document Failed to parse testMensajeros.wtest: \n-- PARSING FAILED --------------------------------------------------\n\n  25 |     test \"Chuck \"\n  26 | \n> 27 | }\n     | ^\n\nExpected one of the following: \n\n'@', '{', comment, whitespace\n","stack":"Error: Failed to parse testMensajeros.wtest: \n-- PARSING FAILED --------------------------------------------------\n\n  25 |     test \"Chuck \"\n  26 | \n> 27 | }\n     | ^\n\nExpected one of the following: \n\n'@', '{', comment, whitespace\n\n    at c:\\Users\\E495\\.vscode\\extensions\\uqbar.wollok-lsp-ide-0.5.4\\out\\server\\src\\server.js:2353:13026\n    at Array.map (<anonymous>)\n    at U1n (c:\\Users\\E495\\.vscode\\extensions\\uqbar.wollok-lsp-ide-0.5.4\\out\\server\\src\\server.js:2353:12950)\n    at H2.buildEnvironmentFrom (c:\\Users\\E495\\.vscode\\extensions\\uqbar.wollok-lsp-ide-0.5.4\\out\\server\\src\\server.js:2398:5254)\n    at H2.updateEnvironmentWith (c:\\Users\\E495\\.vscode\\extensions\\uqbar.wollok-lsp-ide-0.5.4\\out\\server\\src\\server.js:2398:4989)\n    at GF (c:\\Users\\E495\\.vscode\\extensions\\uqbar.wollok-lsp-ide-0.5.4\\out\\server\\src\\server.js:2398:7383)\n    at V3.invoke (c:\\Users\\E495\\.vscode\\extensions\\uqbar.wollok-lsp-ide-0.5.4\\out\\server\\src\\server.js:3:157328)\n    at o.fire (c:\\Users\\E495\\.vscode\\extensions\\uqbar.wollok-lsp-ide-0.5.4\\out\\server\\src\\server.js:3:158098)\n    at c:\\Users\\E495\\.vscode\\extensions\\uqbar.wollok-lsp-ide-0.5.4\\out\\server\\src\\server.js:37:57871\n    at nd (c:\\Users\\E495\\.vscode\\extensions\\uqbar.wollok-lsp-ide-0.5.4\\out\\server\\src\\server.js:8:1561)","timestamp":"2026-05-05T17:59:56.208Z"}
{"level":"error","message":"✘ Failed to rebuild document Failed to parse testMensajeros.wtest: \n-- PARSING FAILED --------------------------------------------------\n\n  25 |     test \"Chuck N\"\n  26 | \n> 27 | }\n     | ^\n\nExpected one of the following: \n\n'@', '{', comment, whitespace\n","stack":"Error: Failed to parse testMensajeros.wtest: \n-- PARSING FAILED --------------------------------------------------\n\n  25 |     test \"Chuck N\"\n  26 | \n> 27 | }\n     | ^\n\nExpected one of the following: \n\n'@', '{', comment, whitespace\n\n    at c:\\Users\\E495\\.vscode\\extensions\\uqbar.wollok-lsp-ide-0.5.4\\out\\server\\src\\server.js:2353:13026\n    at Array.map (<anonymous>)\n    at U1n (c:\\Users\\E495\\.vscode\\extensions\\uqbar.wollok-lsp-ide-0.5.4\\out\\server\\src\\server.js:2353:12950)\n    at H2.buildEnvironmentFrom (c:\\Users\\E495\\.vscode\\extensions\\uqbar.wollok-lsp-ide-0.5.4\\out\\server\\src\\server.js:2398:5254)\n    at H2.updateEnvironmentWith (c:\\Users\\E495\\.vscode\\extensions\\uqbar.wollok-lsp-ide-0.5.4\\out\\server\\src\\server.js:2398:4989)\n    at GF (c:\\Users\\E495\\.vscode\\extensions\\uqbar.wollok-lsp-ide-0.5.4\\out\\server\\src\\server.js:2398:7383)\n    at V3.invoke (c:\\Users\\E495\\.vscode\\extensions\\uqbar.wollok-lsp-ide-0.5.4\\out\\server\\src\\server.js:3:157328)\n    at o.fire (c:\\Users\\E495\\.vscode\\extensions\\uqbar.wollok-lsp-ide-0.5.4\\out\\server\\src\\server.js:3:158098)\n    at c:\\Users\\E495\\.vscode\\extensions\\uqbar.wollok-lsp-ide-0.5.4\\out\\server\\src\\server.js:37:57871\n    at nd (c:\\Users\\E495\\.vscode\\extensions\\uqbar.wollok-lsp-ide-0.5.4\\out\\server\\src\\server.js:8:1561)","timestamp":"2026-05-05T17:59:56.580Z"}
{"level":"error","message":"✘ Failed to rebuild document Failed to parse testMensajeros.wtest: \n-- PARSING FAILED --------------------------------------------------\n\n  25 |     test \"Chuck No\"\n  26 | \n> 27 | }\n     | ^\n\nExpected one of the following: \n\n'@', '{', comment, whitespace\n","stack":"Error: Failed to parse testMensajeros.wtest: \n-- PARSING FAILED --------------------------------------------------\n\n  25 |     test \"Chuck No\"\n  26 | \n> 27 | }\n     | ^\n\nExpected one of the following: \n\n'@', '{', comment, whitespace\n\n    at c:\\Users\\E495\\.vscode\\extensions\\uqbar.wollok-lsp-ide-0.5.4\\out\\server\\src\\server.js:2353:13026\n    at Array.map (<anonymous>)\n    at U1n (c:\\Users\\E495\\.vscode\\extensions\\uqbar.wollok-lsp-ide-0.5.4\\out\\server\\src\\server.js:2353:12950)\n    at H2.buildEnvironmentFrom (c:\\Users\\E495\\.vscode\\extensions\\uqbar.wollok-lsp-ide-0.5.4\\out\\server\\src\\server.js:2398:5254)\n    at H2.updateEnvironmentWith (c:\\Users\\E495\\.vscode\\extensions\\uqbar.wollok-lsp-ide-0.5.4\\out\\server\\src\\server.js:2398:4989)\n    at GF (c:\\Users\\E495\\.vscode\\extensions\\uqbar.wollok-lsp-ide-0.5.4\\out\\server\\src\\server.js:2398:7383)\n    at V3.invoke (c:\\Users\\E495\\.vscode\\extensions\\uqbar.wollok-lsp-ide-0.5.4\\out\\server\\src\\server.js:3:157328)\n    at o.fire (c:\\Users\\E495\\.vscode\\extensions\\uqbar.wollok-lsp-ide-0.5.4\\out\\server\\src\\server.js:3:158098)\n    at c:\\Users\\E495\\.vscode\\extensions\\uqbar.wollok-lsp-ide-0.5.4\\out\\server\\src\\server.js:37:57871\n    at nd (c:\\Users\\E495\\.vscode\\extensions\\uqbar.wollok-lsp-ide-0.5.4\\out\\server\\src\\server.js:8:1561)","timestamp":"2026-05-05T17:59:56.891Z"}
{"level":"error","message":"✘ Failed to rebuild document Failed to parse testMensajeros.wtest: \n-- PARSING FAILED --------------------------------------------------\n\n  25 |     test \"Chuck Nor\"\n  26 | \n> 27 | }\n     | ^\n\nExpected one of the following: \n\n'@', '{', comment, whitespace\n","stack":"Error: Failed to parse testMensajeros.wtest: \n-- PARSING FAILED --------------------------------------------------\n\n  25 |     test \"Chuck Nor\"\n  26 | \n> 27 | }\n     | ^\n\nExpected one of the following: \n\n'@', '{', comment, whitespace\n\n    at c:\\Users\\E495\\.vscode\\extensions\\uqbar.wollok-lsp-ide-0.5.4\\out\\server\\src\\server.js:2353:13026\n    at Array.map (<anonymous>)\n    at U1n (c:\\Users\\E495\\.vscode\\extensions\\uqbar.wollok-lsp-ide-0.5.4\\out\\server\\src\\server.js:2353:12950)\n    at H2.buildEnvironmentFrom (c:\\Users\\E495\\.vscode\\extensions\\uqbar.wollok-lsp-ide-0.5.4\\out\\server\\src\\server.js:2398:5254)\n    at H2.updateEnvironmentWith (c:\\Users\\E495\\.vscode\\extensions\\uqbar.wollok-lsp-ide-0.5.4\\out\\server\\src\\server.js:2398:4989)\n    at GF (c:\\Users\\E495\\.vscode\\extensions\\uqbar.wollok-lsp-ide-0.5.4\\out\\server\\src\\server.js:2398:7383)\n    at V3.invoke (c:\\Users\\E495\\.vscode\\extensions\\uqbar.wollok-lsp-ide-0.5.4\\out\\server\\src\\server.js:3:157328)\n    at o.fire (c:\\Users\\E495\\.vscode\\extensions\\uqbar.wollok-lsp-ide-0.5.4\\out\\server\\src\\server.js:3:158098)\n    at c:\\Users\\E495\\.vscode\\extensions\\uqbar.wollok-lsp-ide-0.5.4\\out\\server\\src\\server.js:37:57871\n    at nd (c:\\Users\\E495\\.vscode\\extensions\\uqbar.wollok-lsp-ide-0.5.4\\out\\server\\src\\server.js:8:1561)","timestamp":"2026-05-05T17:59:57.113Z"}
{"level":"error","message":"✘ Failed to rebuild document Failed to parse testMensajeros.wtest: \n-- PARSING FAILED --------------------------------------------------\n\n  25 |     test \"Chuck Norr\"\n  26 | \n> 27 | }\n     | ^\n\nExpected one of the following: \n\n'@', '{', comment, whitespace\n","stack":"Error: Failed to parse testMensajeros.wtest: \n-- PARSING FAILED --------------------------------------------------\n\n  25 |     test \"Chuck Norr\"\n  26 | \n> 27 | }\n     | ^\n\nExpected one of the following: \n\n'@', '{', comment, whitespace\n\n    at c:\\Users\\E495\\.vscode\\extensions\\uqbar.wollok-lsp-ide-0.5.4\\out\\server\\src\\server.js:2353:13026\n    at Array.map (<anonymous>)\n    at U1n (c:\\Users\\E495\\.vscode\\extensions\\uqbar.wollok-lsp-ide-0.5.4\\out\\server\\src\\server.js:2353:12950)\n    at H2.buildEnvironmentFrom (c:\\Users\\E495\\.vscode\\extensions\\uqbar.wollok-lsp-ide-0.5.4\\out\\server\\src\\server.js:2398:5254)\n    at H2.updateEnvironmentWith (c:\\Users\\E495\\.vscode\\extensions\\uqbar.wollok-lsp-ide-0.5.4\\out\\server\\src\\server.js:2398:4989)\n    at GF (c:\\Users\\E495\\.vscode\\extensions\\uqbar.wollok-lsp-ide-0.5.4\\out\\server\\src\\server.js:2398:7383)\n    at V3.invoke (c:\\Users\\E495\\.vscode\\extensions\\uqbar.wollok-lsp-ide-0.5.4\\out\\server\\src\\server.js:3:157328)\n    at o.fire (c:\\Users\\E495\\.vscode\\extensions\\uqbar.wollok-lsp-ide-0.5.4\\out\\server\\src\\server.js:3:158098)\n    at c:\\Users\\E495\\.vscode\\extensions\\uqbar.wollok-lsp-ide-0.5.4\\out\\server\\src\\server.js:37:57871\n    at nd (c:\\Users\\E495\\.vscode\\extensions\\uqbar.wollok-lsp-ide-0.5.4\\out\\server\\src\\server.js:8:1561)","timestamp":"2026-05-05T17:59:57.282Z"}
{"level":"error","message":"✘ Failed to rebuild document Failed to parse testMensajeros.wtest: \n-- PARSING FAILED --------------------------------------------------\n\n  25 |     test \"Chuck Norri\"\n  26 | \n> 27 | }\n     | ^\n\nExpected one of the following: \n\n'@', '{', comment, whitespace\n","stack":"Error: Failed to parse testMensajeros.wtest: \n-- PARSING FAILED --------------------------------------------------\n\n  25 |     test \"Chuck Norri\"\n  26 | \n> 27 | }\n     | ^\n\nExpected one of the following: \n\n'@', '{', comment, whitespace\n\n    at c:\\Users\\E495\\.vscode\\extensions\\uqbar.wollok-lsp-ide-0.5.4\\out\\server\\src\\server.js:2353:13026\n    at Array.map (<anonymous>)\n    at U1n (c:\\Users\\E495\\.vscode\\extensions\\uqbar.wollok-lsp-ide-0.5.4\\out\\server\\src\\server.js:2353:12950)\n    at H2.buildEnvironmentFrom (c:\\Users\\E495\\.vscode\\extensions\\uqbar.wollok-lsp-ide-0.5.4\\out\\server\\src\\server.js:2398:5254)\n    at H2.updateEnvironmentWith (c:\\Users\\E495\\.vscode\\extensions\\uqbar.wollok-lsp-ide-0.5.4\\out\\server\\src\\server.js:2398:4989)\n    at GF (c:\\Users\\E495\\.vscode\\extensions\\uqbar.wollok-lsp-ide-0.5.4\\out\\server\\src\\server.js:2398:7383)\n    at V3.invoke (c:\\Users\\E495\\.vscode\\extensions\\uqbar.wollok-lsp-ide-0.5.4\\out\\server\\src\\server.js:3:157328)\n    at o.fire (c:\\Users\\E495\\.vscode\\extensions\\uqbar.wollok-lsp-ide-0.5.4\\out\\server\\src\\server.js:3:158098)\n    at c:\\Users\\E495\\.vscode\\extensions\\uqbar.wollok-lsp-ide-0.5.4\\out\\server\\src\\server.js:37:57871\n    at nd (c:\\Users\\E495\\.vscode\\extensions\\uqbar.wollok-lsp-ide-0.5.4\\out\\server\\src\\server.js:8:1561)","timestamp":"2026-05-05T17:59:57.435Z"}
{"level":"error","message":"✘ Failed to rebuild document Failed to parse testMensajeros.wtest: \n-- PARSING FAILED --------------------------------------------------\n\n  25 |     test \"Chuck Norris\"\n  26 | \n> 27 | }\n     | ^\n\nExpected one of the following: \n\n'@', '{', comment, whitespace\n","stack":"Error: Failed to parse testMensajeros.wtest: \n-- PARSING FAILED --------------------------------------------------\n\n  25 |     test \"Chuck Norris\"\n  26 | \n> 27 | }\n     | ^\n\nExpected one of the following: \n\n'@', '{', comment, whitespace\n\n    at c:\\Users\\E495\\.vscode\\extensions\\uqbar.wollok-lsp-ide-0.5.4\\out\\server\\src\\server.js:2353:13026\n    at Array.map (<anonymous>)\n    at U1n (c:\\Users\\E495\\.vscode\\extensions\\uqbar.wollok-lsp-ide-0.5.4\\out\\server\\src\\server.js:2353:12950)\n    at H2.buildEnvironmentFrom (c:\\Users\\E495\\.vscode\\extensions\\uqbar.wollok-lsp-ide-0.5.4\\out\\server\\src\\server.js:2398:5254)\n    at H2.updateEnvironmentWith (c:\\Users\\E495\\.vscode\\extensions\\uqbar.wollok-lsp-ide-0.5.4\\out\\server\\src\\server.js:2398:4989)\n    at GF (c:\\Users\\E495\\.vscode\\extensions\\uqbar.wollok-lsp-ide-0.5.4\\out\\server\\src\\server.js:2398:7383)\n    at V3.invoke (c:\\Users\\E495\\.vscode\\extensions\\uqbar.wollok-lsp-ide-0.5.4\\out\\server\\src\\server.js:3:157328)\n    at o.fire (c:\\Users\\E495\\.vscode\\extensions\\uqbar.wollok-lsp-ide-0.5.4\\out\\server\\src\\server.js:3:158098)\n    at c:\\Users\\E495\\.vscode\\extensions\\uqbar.wollok-lsp-ide-0.5.4\\out\\server\\src\\server.js:37:57871\n    at nd (c:\\Users\\E495\\.vscode\\extensions\\uqbar.wollok-lsp-ide-0.5.4\\out\\server\\src\\server.js:8:1561)","timestamp":"2026-05-05T17:59:57.598Z"}
{"level":"error","message":"✘ Failed to rebuild document Failed to parse testMensajeros.wtest: \n-- PARSING FAILED --------------------------------------------------\n\n  25 |     test \"Chuck Norris\" \n  26 | \n> 27 | }\n     | ^\n\nExpected one of the following: \n\n'@', '{', comment, whitespace\n","stack":"Error: Failed to parse testMensajeros.wtest: \n-- PARSING FAILED --------------------------------------------------\n\n  25 |     test \"Chuck Norris\" \n  26 | \n> 27 | }\n     | ^\n\nExpected one of the following: \n\n'@', '{', comment, whitespace\n\n    at c:\\Users\\E495\\.vscode\\extensions\\uqbar.wollok-lsp-ide-0.5.4\\out\\server\\src\\server.js:2353:13026\n    at Array.map (<anonymous>)\n    at U1n (c:\\Users\\E495\\.vscode\\extensions\\uqbar.wollok-lsp-ide-0.5.4\\out\\server\\src\\server.js:2353:12950)\n    at H2.buildEnvironmentFrom (c:\\Users\\E495\\.vscode\\extensions\\uqbar.wollok-lsp-ide-0.5.4\\out\\server\\src\\server.js:2398:5254)\n    at H2.updateEnvironmentWith (c:\\Users\\E495\\.vscode\\extensions\\uqbar.wollok-lsp-ide-0.5.4\\out\\server\\src\\server.js:2398:4989)\n    at GF (c:\\Users\\E495\\.vscode\\extensions\\uqbar.wollok-lsp-ide-0.5.4\\out\\server\\src\\server.js:2398:7383)\n    at V3.invoke (c:\\Users\\E495\\.vscode\\extensions\\uqbar.wollok-lsp-ide-0.5.4\\out\\server\\src\\server.js:3:157328)\n    at o.fire (c:\\Users\\E495\\.vscode\\extensions\\uqbar.wollok-lsp-ide-0.5.4\\out\\server\\src\\server.js:3:158098)\n    at c:\\Users\\E495\\.vscode\\extensions\\uqbar.wollok-lsp-ide-0.5.4\\out\\server\\src\\server.js:37:57871\n    at nd (c:\\Users\\E495\\.vscode\\extensions\\uqbar.wollok-lsp-ide-0.5.4\\out\\server\\src\\server.js:8:1561)","timestamp":"2026-05-05T17:59:58.648Z"}
{"level":"info","message":"⌛ Building environment","timeElapsed":157,"timestamp":"2026-05-05T17:59:59.253Z"}
{"level":"info","message":"⌛ Validating testMensajeros.wtest","timeElapsed":159,"timestamp":"2026-05-05T17:59:59.413Z"}
{"level":"info","message":"⌛ Building environment","timeElapsed":136,"timestamp":"2026-05-05T17:59:59.550Z"}
{"level":"info","message":"⌛ Validating testMensajeros.wtest","timeElapsed":122,"timestamp":"2026-05-05T17:59:59.673Z"}
{"level":"info","message":"⌛ Validating testMensajeros.wtest","timeElapsed":146,"timestamp":"2026-05-05T18:30:19.974Z"}
{"level":"info","message":"⌛ Building environment","timeElapsed":107,"timestamp":"2026-05-05T18:30:20.136Z"}
{"level":"info","message":"⌛ Validating testMensajeros.wtest","timeElapsed":125,"timestamp":"2026-05-05T18:30:20.316Z"}
{"level":"info","message":"⌛ Building environment","timeElapsed":106,"timestamp":"2026-05-05T18:30:20.422Z"}
{"level":"info","message":"⌛ Validating testMensajeros.wtest","timeElapsed":116,"timestamp":"2026-05-05T18:30:20.659Z"}
{"level":"info","message":"⌛ Validating testMensajeros.wtest","timeElapsed":119,"timestamp":"2026-05-05T18:30:21.006Z"}
{"level":"info","message":"⌛ Validating testMensajeros.wtest","timeElapsed":126,"timestamp":"2026-05-05T18:30:21.299Z"}
{"level":"info","message":"⌛ Validating testMensajeros.wtest","timeElapsed":124,"timestamp":"2026-05-05T18:30:21.667Z"}
{"level":"info","message":"⌛ Validating testMensajeros.wtest","timeElapsed":119,"timestamp":"2026-05-05T18:30:47.244Z"}
{"level":"info","message":"⌛ Building environment","timeElapsed":128,"timestamp":"2026-05-05T18:30:47.375Z"}
{"level":"info","message":"⌛ Validating testMensajeros.wtest","timeElapsed":122,"timestamp":"2026-05-05T18:30:47.541Z"}
{"level":"info","message":"⌛ Validating testMensajeros.wtest","timeElapsed":127,"timestamp":"2026-05-05T18:30:47.852Z"}
{"level":"info","message":"⌛ Validating testMensajeros.wtest","timeElapsed":108,"timestamp":"2026-05-05T18:30:47.998Z"}
{"level":"info","message":"⌛ Validating testMensajeros.wtest","timeElapsed":120,"timestamp":"2026-05-05T18:30:48.306Z"}
{"level":"info","message":"⌛ Validating testMensajeros.wtest","timeElapsed":133,"timestamp":"2026-05-05T18:30:48.440Z"}
{"level":"info","message":"⌛ Validating testMensajeros.wtest","timeElapsed":126,"timestamp":"2026-05-05T18:30:48.667Z"}
{"level":"info","message":"⌛ Validating testMensajeros.wtest","timeElapsed":105,"timestamp":"2026-05-05T18:30:48.857Z"}
{"level":"info","message":"⌛ Validating testMensajeros.wtest","timeElapsed":110,"timestamp":"2026-05-05T18:30:49.098Z"}
{"level":"info","message":"⌛ Validating testMensajeros.wtest","timeElapsed":136,"timestamp":"2026-05-05T18:30:49.451Z"}
{"level":"info","message":"⌛ Validating testMensajeros.wtest","timeElapsed":113,"timestamp":"2026-05-05T18:30:49.751Z"}
{"level":"info","message":"⌛ Validating testMensajeros.wtest","timeElapsed":105,"timestamp":"2026-05-05T18:30:50.116Z"}
{"level":"info","message":"⌛ Validating testMensajeros.wtest","timeElapsed":129,"timestamp":"2026-05-05T18:30:50.248Z"}
{"level":"info","message":"⌛ Validating testMensajeros.wtest","timeElapsed":108,"timestamp":"2026-05-05T18:30:50.535Z"}
{"level":"info","message":"⌛ Validating testMensajeros.wtest","timeElapsed":122,"timestamp":"2026-05-05T18:30:50.799Z"}
{"level":"info","message":"⌛ Validating testMensajeros.wtest","timeElapsed":105,"timestamp":"2026-05-05T18:30:51.027Z"}
{"level":"info","message":"⌛ Validating testMensajeros.wtest","timeElapsed":126,"timestamp":"2026-05-05T18:30:51.429Z"}
{"level":"info","message":"⌛ Validating testMensajeros.wtest","timeElapsed":122,"timestamp":"2026-05-05T18:30:51.742Z"}
{"level":"info","message":"⌛ Validating testMensajeros.wtest","timeElapsed":167,"timestamp":"2026-05-05T18:30:51.910Z"}
{"level":"info","message":"⌛ Validating testMensajeros.wtest","timeElapsed":115,"timestamp":"2026-05-05T18:30:52.340Z"}
{"level":"info","message":"⌛ Validating testMensajeros.wtest","timeElapsed":106,"timestamp":"2026-05-05T18:30:52.646Z"}
{"level":"info","message":"⌛ Validating testMensajeros.wtest","timeElapsed":102,"timestamp":"2026-05-05T18:30:52.872Z"}
{"level":"info","message":"⌛ Validating testMensajeros.wtest","timeElapsed":116,"timestamp":"2026-05-05T18:30:53.027Z"}
{"level":"info","message":"⌛ Validating testMensajeros.wtest","timeElapsed":126,"timestamp":"2026-05-05T18:30:53.317Z"}
{"level":"info","message":"⌛ Validating testMensajeros.wtest","timeElapsed":104,"timestamp":"2026-05-05T18:30:53.514Z"}
{"level":"info","message":"⌛ Validating testMensajeros.wtest","timeElapsed":111,"timestamp":"2026-05-05T18:30:53.826Z"}
{"level":"info","message":"⌛ Building environment","timeElapsed":121,"timestamp":"2026-05-05T18:30:53.950Z"}
{"level":"info","message":"⌛ Validating testMensajeros.wtest","timeElapsed":122,"timestamp":"2026-05-05T18:30:54.202Z"}
{"level":"info","message":"⌛ Validating testMensajeros.wtest","timeElapsed":103,"timestamp":"2026-05-05T18:30:54.306Z"}
{"level":"info","message":"⌛ Validating testMensajeros.wtest","timeElapsed":104,"timestamp":"2026-05-05T18:30:54.694Z"}
{"level":"info","message":"⌛ Validating testMensajeros.wtest","timeElapsed":101,"timestamp":"2026-05-05T18:30:55.142Z"}
{"level":"info","message":"⌛ Validating testMensajeros.wtest","timeElapsed":134,"timestamp":"2026-05-05T18:30:55.524Z"}
{"level":"info","message":"⌛ Validating testMensajeros.wtest","timeElapsed":130,"timestamp":"2026-05-05T18:30:55.742Z"}
{"level":"info","message":"⌛ Validating testMensajeros.wtest","timeElapsed":111,"timestamp":"2026-05-05T18:30:55.939Z"}
{"level":"info","message":"⌛ Validating testMensajeros.wtest","timeElapsed":148,"timestamp":"2026-05-05T18:30:56.358Z"}
{"level":"info","message":"⌛ Validating testMensajeros.wtest","timeElapsed":109,"timestamp":"2026-05-05T18:30:58.525Z"}
{"level":"info","message":"⌛ Validating testMensajeros.wtest","timeElapsed":104,"timestamp":"2026-05-05T18:31:00.429Z"}
{"level":"info","message":"⌛ Validating testMensajeros.wtest","timeElapsed":109,"timestamp":"2026-05-05T18:31:01.051Z"}
{"level":"info","message":"⌛ Building environment","timeElapsed":101,"timestamp":"2026-05-05T18:31:01.557Z"}
{"level":"info","message":"⌛ Validating testMensajeros.wtest","timeElapsed":119,"timestamp":"2026-05-05T18:31:01.676Z"}
{"level":"info","message":"⌛ Validating testMensajeros.wtest","timeElapsed":121,"timestamp":"2026-05-05T18:31:02.453Z"}
{"level":"info","message":"⌛ Validating testMensajeros.wtest","timeElapsed":106,"timestamp":"2026-05-05T18:31:03.007Z"}
{"level":"info","message":"⌛ Validating testMensajeros.wtest","timeElapsed":160,"timestamp":"2026-05-05T18:31:04.224Z"}
{"level":"info","message":"⌛ Validating testMensajeros.wtest","timeElapsed":114,"timestamp":"2026-05-05T18:31:04.445Z"}
{"level":"info","message":"⌛ Validating testMensajeros.wtest","timeElapsed":117,"timestamp":"2026-05-05T18:31:04.830Z"}
{"level":"info","message":"⌛ Validating testMensajeros.wtest","timeElapsed":116,"timestamp":"2026-05-05T18:31:06.460Z"}
{"level":"error","message":"✘ Completions for node Send ([26:9, 26:23] - testMensajeros.wtest) failed: Error: [Send]{47b1bc} at testMensajeros.wtest:26 exhausted all cases without a match [Send]{47b1bc} at testMensajeros.wtest:26 exhausted all cases without a match","stack":"Error: [Send]{47b1bc} at testMensajeros.wtest:26 exhausted all cases without a match\n    at c:\\Users\\E495\\.vscode\\extensions\\uqbar.wollok-lsp-ide-0.5.4\\out\\server\\src\\server.js:38:6142\n    at L2 (c:\\Users\\E495\\.vscode\\extensions\\uqbar.wollok-lsp-ide-0.5.4\\out\\server\\src\\server.js:2389:42)\n    at Jh (c:\\Users\\E495\\.vscode\\extensions\\uqbar.wollok-lsp-ide-0.5.4\\out\\server\\src\\server.js:2389:1092)\n    at M5n (c:\\Users\\E495\\.vscode\\extensions\\uqbar.wollok-lsp-ide-0.5.4\\out\\server\\src\\server.js:2389:1248)\n    at c:\\Users\\E495\\.vscode\\extensions\\uqbar.wollok-lsp-ide-0.5.4\\out\\server\\src\\server.js:38:6131\n    at L2 (c:\\Users\\E495\\.vscode\\extensions\\uqbar.wollok-lsp-ide-0.5.4\\out\\server\\src\\server.js:2389:42)\n    at c:\\Users\\E495\\.vscode\\extensions\\uqbar.wollok-lsp-ide-0.5.4\\out\\server\\src\\server.js:2389:2988\n    at c:\\Users\\E495\\.vscode\\extensions\\uqbar.wollok-lsp-ide-0.5.4\\out\\server\\src\\server.js:2398:8440\n    at c:\\Users\\E495\\.vscode\\extensions\\uqbar.wollok-lsp-ide-0.5.4\\out\\server\\src\\server.js:37:74872\n    at Ke (c:\\Users\\E495\\.vscode\\extensions\\uqbar.wollok-lsp-ide-0.5.4\\out\\server\\src\\server.js:7:8527)","timestamp":"2026-05-05T18:31:09.050Z"}
{"level":"info","message":"⌛ Validating testMensajeros.wtest","timeElapsed":200,"timestamp":"2026-05-05T18:31:09.263Z"}
{"level":"info","message":"⌛ Validating testMensajeros.wtest","timeElapsed":108,"timestamp":"2026-05-05T18:31:09.472Z"}
{"level":"info","message":"⌛ Building environment","timeElapsed":101,"timestamp":"2026-05-05T18:31:10.938Z"}
{"level":"info","message":"⌛ Validating testMensajeros.wtest","timeElapsed":132,"timestamp":"2026-05-05T18:31:11.106Z"}
{"level":"info","message":"⌛ Building environment","timeElapsed":107,"timestamp":"2026-05-05T18:31:11.270Z"}
{"level":"info","message":"⌛ Validating testMensajeros.wtest","timeElapsed":122,"timestamp":"2026-05-05T18:31:11.400Z"}
{"level":"error","message":"✘ Completions for node Send ([26:9, 26:36] - testMensajeros.wtest) failed: Error: [Send]{277bba} at testMensajeros.wtest:26 exhausted all cases without a match [Send]{277bba} at testMensajeros.wtest:26 exhausted all cases without a match","stack":"Error: [Send]{277bba} at testMensajeros.wtest:26 exhausted all cases without a match\n    at c:\\Users\\E495\\.vscode\\extensions\\uqbar.wollok-lsp-ide-0.5.4\\out\\server\\src\\server.js:38:6142\n    at L2 (c:\\Users\\E495\\.vscode\\extensions\\uqbar.wollok-lsp-ide-0.5.4\\out\\server\\src\\server.js:2389:42)\n    at Jh (c:\\Users\\E495\\.vscode\\extensions\\uqbar.wollok-lsp-ide-0.5.4\\out\\server\\src\\server.js:2389:1092)\n    at M5n (c:\\Users\\E495\\.vscode\\extensions\\uqbar.wollok-lsp-ide-0.5.4\\out\\server\\src\\server.js:2389:1248)\n    at c:\\Users\\E495\\.vscode\\extensions\\uqbar.wollok-lsp-ide-0.5.4\\out\\server\\src\\server.js:38:6131\n    at L2 (c:\\Users\\E495\\.vscode\\extensions\\uqbar.wollok-lsp-ide-0.5.4\\out\\server\\src\\server.js:2389:42)\n    at c:\\Users\\E495\\.vscode\\extensions\\uqbar.wollok-lsp-ide-0.5.4\\out\\server\\src\\server.js:2389:2988\n    at c:\\Users\\E495\\.vscode\\extensions\\uqbar.wollok-lsp-ide-0.5.4\\out\\server\\src\\server.js:2398:8440\n    at c:\\Users\\E495\\.vscode\\extensions\\uqbar.wollok-lsp-ide-0.5.4\\out\\server\\src\\server.js:37:74872\n    at Ke (c:\\Users\\E495\\.vscode\\extensions\\uqbar.wollok-lsp-ide-0.5.4\\out\\server\\src\\server.js:7:8527)","timestamp":"2026-05-05T18:31:11.637Z"}
{"level":"info","message":"⌛ Validating testMensajeros.wtest","timeElapsed":130,"timestamp":"2026-05-05T18:31:11.769Z"}
{"level":"info","message":"⌛ Building environment","timeElapsed":140,"timestamp":"2026-05-05T18:31:12.014Z"}
{"level":"info","message":"⌛ Validating testMensajeros.wtest","timeElapsed":135,"timestamp":"2026-05-05T18:31:12.150Z"}
{"level":"info","message":"⌛ Validating testMensajeros.wtest","timeElapsed":123,"timestamp":"2026-05-05T18:31:12.364Z"}
{"level":"info","message":"⌛ Validating testMensajeros.wtest","timeElapsed":103,"timestamp":"2026-05-05T18:31:12.467Z"}
{"level":"info","message":"⌛ Validating testMensajeros.wtest","timeElapsed":106,"timestamp":"2026-05-05T18:31:12.706Z"}
{"level":"info","message":"⌛ Validating testMensajeros.wtest","timeElapsed":123,"timestamp":"2026-05-05T18:31:13.058Z"}
{"level":"info","message":"⌛ Building environment","timeElapsed":157,"timestamp":"2026-05-05T18:31:13.234Z"}
{"level":"error","message":"✘ Completions for node Send ([26:9, 26:42] - testMensajeros.wtest) failed: Error: [Send]{385e23} at testMensajeros.wtest:26 exhausted all cases without a match [Send]{385e23} at testMensajeros.wtest:26 exhausted all cases without a match","stack":"Error: [Send]{385e23} at testMensajeros.wtest:26 exhausted all cases without a match\n    at c:\\Users\\E495\\.vscode\\extensions\\uqbar.wollok-lsp-ide-0.5.4\\out\\server\\src\\server.js:38:6142\n    at L2 (c:\\Users\\E495\\.vscode\\extensions\\uqbar.wollok-lsp-ide-0.5.4\\out\\server\\src\\server.js:2389:42)\n    at Jh (c:\\Users\\E495\\.vscode\\extensions\\uqbar.wollok-lsp-ide-0.5.4\\out\\server\\src\\server.js:2389:1092)\n    at M5n (c:\\Users\\E495\\.vscode\\extensions\\uqbar.wollok-lsp-ide-0.5.4\\out\\server\\src\\server.js:2389:1248)\n    at c:\\Users\\E495\\.vscode\\extensions\\uqbar.wollok-lsp-ide-0.5.4\\out\\server\\src\\server.js:38:6131\n    at L2 (c:\\Users\\E495\\.vscode\\extensions\\uqbar.wollok-lsp-ide-0.5.4\\out\\server\\src\\server.js:2389:42)\n    at c:\\Users\\E495\\.vscode\\extensions\\uqbar.wollok-lsp-ide-0.5.4\\out\\server\\src\\server.js:2389:2988\n    at c:\\Users\\E495\\.vscode\\extensions\\uqbar.wollok-lsp-ide-0.5.4\\out\\server\\src\\server.js:2398:8440\n    at c:\\Users\\E495\\.vscode\\extensions\\uqbar.wollok-lsp-ide-0.5.4\\out\\server\\src\\server.js:37:74872\n    at Ke (c:\\Users\\E495\\.vscode\\extensions\\uqbar.wollok-lsp-ide-0.5.4\\out\\server\\src\\server.js:7:8527)","timestamp":"2026-05-05T18:31:13.303Z"}
{"level":"info","message":"⌛ Validating testMensajeros.wtest","timeElapsed":123,"timestamp":"2026-05-05T18:31:13.430Z"}
{"level":"error","message":"✘ Completions for node Send ([26:9, 26:44] - testMensajeros.wtest) failed: Error: [Send]{f62aa5} at testMensajeros.wtest:26 exhausted all cases without a match [Send]{f62aa5} at testMensajeros.wtest:26 exhausted all cases without a match","stack":"Error: [Send]{f62aa5} at testMensajeros.wtest:26 exhausted all cases without a match\n    at c:\\Users\\E495\\.vscode\\extensions\\uqbar.wollok-lsp-ide-0.5.4\\out\\server\\src\\server.js:38:6142\n    at L2 (c:\\Users\\E495\\.vscode\\extensions\\uqbar.wollok-lsp-ide-0.5.4\\out\\server\\src\\server.js:2389:42)\n    at Jh (c:\\Users\\E495\\.vscode\\extensions\\uqbar.wollok-lsp-ide-0.5.4\\out\\server\\src\\server.js:2389:1092)\n    at M5n (c:\\Users\\E495\\.vscode\\extensions\\uqbar.wollok-lsp-ide-0.5.4\\out\\server\\src\\server.js:2389:1248)\n    at c:\\Users\\E495\\.vscode\\extensions\\uqbar.wollok-lsp-ide-0.5.4\\out\\server\\src\\server.js:38:6131\n    at L2 (c:\\Users\\E495\\.vscode\\extensions\\uqbar.wollok-lsp-ide-0.5.4\\out\\server\\src\\server.js:2389:42)\n    at c:\\Users\\E495\\.vscode\\extensions\\uqbar.wollok-lsp-ide-0.5.4\\out\\server\\src\\server.js:2389:2988\n    at c:\\Users\\E495\\.vscode\\extensions\\uqbar.wollok-lsp-ide-0.5.4\\out\\server\\src\\server.js:2398:8440\n    at c:\\Users\\E495\\.vscode\\extensions\\uqbar.wollok-lsp-ide-0.5.4\\out\\server\\src\\server.js:37:74872\n    at Ke (c:\\Users\\E495\\.vscode\\extensions\\uqbar.wollok-lsp-ide-0.5.4\\out\\server\\src\\server.js:7:8527)","timestamp":"2026-05-05T18:31:13.666Z"}
{"level":"info","message":"⌛ Validating testMensajeros.wtest","timeElapsed":113,"timestamp":"2026-05-05T18:31:13.783Z"}
{"level":"info","message":"⌛ Validating testMensajeros.wtest","timeElapsed":124,"timestamp":"2026-05-05T18:31:13.909Z"}
{"level":"error","message":"✘ Completions for node Send ([26:9, 26:45] - testMensajeros.wtest) failed: Error: [Send]{c24e72} at testMensajeros.wtest:26 exhausted all cases without a match [Send]{c24e72} at testMensajeros.wtest:26 exhausted all cases without a match","stack":"Error: [Send]{c24e72} at testMensajeros.wtest:26 exhausted all cases without a match\n    at c:\\Users\\E495\\.vscode\\extensions\\uqbar.wollok-lsp-ide-0.5.4\\out\\server\\src\\server.js:38:6142\n    at L2 (c:\\Users\\E495\\.vscode\\extensions\\uqbar.wollok-lsp-ide-0.5.4\\out\\server\\src\\server.js:2389:42)\n    at Jh (c:\\Users\\E495\\.vscode\\extensions\\uqbar.wollok-lsp-ide-0.5.4\\out\\server\\src\\server.js:2389:1092)\n    at M5n (c:\\Users\\E495\\.vscode\\extensions\\uqbar.wollok-lsp-ide-0.5.4\\out\\server\\src\\server.js:2389:1248)\n    at c:\\Users\\E495\\.vscode\\extensions\\uqbar.wollok-lsp-ide-0.5.4\\out\\server\\src\\server.js:38:6131\n    at L2 (c:\\Users\\E495\\.vscode\\extensions\\uqbar.wollok-lsp-ide-0.5.4\\out\\server\\src\\server.js:2389:42)\n    at c:\\Users\\E495\\.vscode\\extensions\\uqbar.wollok-lsp-ide-0.5.4\\out\\server\\src\\server.js:2389:2988\n    at c:\\Users\\E495\\.vscode\\extensions\\uqbar.wollok-lsp-ide-0.5.4\\out\\server\\src\\server.js:2398:8440\n    at c:\\Users\\E495\\.vscode\\extensions\\uqbar.wollok-lsp-ide-0.5.4\\out\\server\\src\\server.js:37:74872\n    at Ke (c:\\Users\\E495\\.vscode\\extensions\\uqbar.wollok-lsp-ide-0.5.4\\out\\server\\src\\server.js:7:8527)","timestamp":"2026-05-05T18:31:14.118Z"}
{"level":"info","message":"⌛ Validating testMensajeros.wtest","timeElapsed":136,"timestamp":"2026-05-05T18:31:14.257Z"}
{"level":"info","message":"⌛ Building environment","timeElapsed":102,"timestamp":"2026-05-05T18:31:14.359Z"}
{"level":"error","message":"✘ Completions for node Send ([26:9, 26:46] - testMensajeros.wtest) failed: Error: [Send]{7f76c9} at testMensajeros.wtest:26 exhausted all cases without a match [Send]{7f76c9} at testMensajeros.wtest:26 exhausted all cases without a match","stack":"Error: [Send]{7f76c9} at testMensajeros.wtest:26 exhausted all cases without a match\n    at c:\\Users\\E495\\.vscode\\extensions\\uqbar.wollok-lsp-ide-0.5.4\\out\\server\\src\\server.js:38:6142\n    at L2 (c:\\Users\\E495\\.vscode\\extensions\\uqbar.wollok-lsp-ide-0.5.4\\out\\server\\src\\server.js:2389:42)\n    at Jh (c:\\Users\\E495\\.vscode\\extensions\\uqbar.wollok-lsp-ide-0.5.4\\out\\server\\src\\server.js:2389:1092)\n    at M5n (c:\\Users\\E495\\.vscode\\extensions\\uqbar.wollok-lsp-ide-0.5.4\\out\\server\\src\\server.js:2389:1248)\n    at c:\\Users\\E495\\.vscode\\extensions\\uqbar.wollok-lsp-ide-0.5.4\\out\\server\\src\\server.js:38:6131\n    at L2 (c:\\Users\\E495\\.vscode\\extensions\\uqbar.wollok-lsp-ide-0.5.4\\out\\server\\src\\server.js:2389:42)\n    at c:\\Users\\E495\\.vscode\\extensions\\uqbar.wollok-lsp-ide-0.5.4\\out\\server\\src\\server.js:2389:2988\n    at c:\\Users\\E495\\.vscode\\extensions\\uqbar.wollok-lsp-ide-0.5.4\\out\\server\\src\\server.js:2398:8440\n    at c:\\Users\\E495\\.vscode\\extensions\\uqbar.wollok-lsp-ide-0.5.4\\out\\server\\src\\server.js:37:74872\n    at Ke (c:\\Users\\E495\\.vscode\\extensions\\uqbar.wollok-lsp-ide-0.5.4\\out\\server\\src\\server.js:7:8527)","timestamp":"2026-05-05T18:31:14.397Z"}
{"level":"info","message":"⌛ Building environment","timeElapsed":102,"timestamp":"2026-05-05T18:31:14.503Z"}
{"level":"info","message":"⌛ Validating testMensajeros.wtest","timeElapsed":129,"timestamp":"2026-05-05T18:31:14.733Z"}
{"level":"info","message":"⌛ Building environment","timeElapsed":109,"timestamp":"2026-05-05T18:31:14.875Z"}
{"level":"info","message":"⌛ Validating testMensajeros.wtest","timeElapsed":112,"timestamp":"2026-05-05T18:31:14.989Z"}
{"level":"info","message":"⌛ Validating testMensajeros.wtest","timeElapsed":102,"timestamp":"2026-05-05T18:31:15.748Z"}
{"level":"info","message":"⌛ Validating testMensajeros.wtest","timeElapsed":121,"timestamp":"2026-05-05T18:31:16.110Z"}
{"level":"info","message":"⌛ Building environment","timeElapsed":127,"timestamp":"2026-05-05T18:31:16.240Z"}
{"level":"info","message":"⌛ Validating testMensajeros.wtest","timeElapsed":123,"timestamp":"2026-05-05T18:31:16.364Z"}
{"level":"error","message":"✘ Completions for node Send ([26:9, 26:48] - testMensajeros.wtest) failed: Error: [Send]{c762ff} at testMensajeros.wtest:26 exhausted all cases without a match [Send]{c762ff} at testMensajeros.wtest:26 exhausted all cases without a match","stack":"Error: [Send]{c762ff} at testMensajeros.wtest:26 exhausted all cases without a match\n    at c:\\Users\\E495\\.vscode\\extensions\\uqbar.wollok-lsp-ide-0.5.4\\out\\server\\src\\server.js:38:6142\n    at L2 (c:\\Users\\E495\\.vscode\\extensions\\uqbar.wollok-lsp-ide-0.5.4\\out\\server\\src\\server.js:2389:42)\n    at Jh (c:\\Users\\E495\\.vscode\\extensions\\uqbar.wollok-lsp-ide-0.5.4\\out\\server\\src\\server.js:2389:1092)\n    at M5n (c:\\Users\\E495\\.vscode\\extensions\\uqbar.wollok-lsp-ide-0.5.4\\out\\server\\src\\server.js:2389:1248)\n    at c:\\Users\\E495\\.vscode\\extensions\\uqbar.wollok-lsp-ide-0.5.4\\out\\server\\src\\server.js:38:6131\n    at L2 (c:\\Users\\E495\\.vscode\\extensions\\uqbar.wollok-lsp-ide-0.5.4\\out\\server\\src\\server.js:2389:42)\n    at c:\\Users\\E495\\.vscode\\extensions\\uqbar.wollok-lsp-ide-0.5.4\\out\\server\\src\\server.js:2389:2988\n    at c:\\Users\\E495\\.vscode\\extensions\\uqbar.wollok-lsp-ide-0.5.4\\out\\server\\src\\server.js:2398:8440\n    at c:\\Users\\E495\\.vscode\\extensions\\uqbar.wollok-lsp-ide-0.5.4\\out\\server\\src\\server.js:37:74872\n    at Ke (c:\\Users\\E495\\.vscode\\extensions\\uqbar.wollok-lsp-ide-0.5.4\\out\\server\\src\\server.js:7:8527)","timestamp":"2026-05-05T18:31:16.688Z"}
{"level":"info","message":"⌛ Validating testMensajeros.wtest","timeElapsed":106,"timestamp":"2026-05-05T18:31:16.796Z"}
{"level":"info","message":"⌛ Validating testMensajeros.wtest","timeElapsed":112,"timestamp":"2026-05-05T18:31:17.312Z"}
{"level":"error","message":"✘ Completions for node Send ([26:9, 26:48] - testMensajeros.wtest) failed: Error: [Send]{f9c2f4} at testMensajeros.wtest:26 exhausted all cases without a match [Send]{f9c2f4} at testMensajeros.wtest:26 exhausted all cases without a match","stack":"Error: [Send]{f9c2f4} at testMensajeros.wtest:26 exhausted all cases without a match\n    at c:\\Users\\E495\\.vscode\\extensions\\uqbar.wollok-lsp-ide-0.5.4\\out\\server\\src\\server.js:38:6142\n    at L2 (c:\\Users\\E495\\.vscode\\extensions\\uqbar.wollok-lsp-ide-0.5.4\\out\\server\\src\\server.js:2389:42)\n    at Jh (c:\\Users\\E495\\.vscode\\extensions\\uqbar.wollok-lsp-ide-0.5.4\\out\\server\\src\\server.js:2389:1092)\n    at M5n (c:\\Users\\E495\\.vscode\\extensions\\uqbar.wollok-lsp-ide-0.5.4\\out\\server\\src\\server.js:2389:1248)\n    at c:\\Users\\E495\\.vscode\\extensions\\uqbar.wollok-lsp-ide-0.5.4\\out\\server\\src\\server.js:38:6131\n    at L2 (c:\\Users\\E495\\.vscode\\extensions\\uqbar.wollok-lsp-ide-0.5.4\\out\\server\\src\\server.js:2389:42)\n    at c:\\Users\\E495\\.vscode\\extensions\\uqbar.wollok-lsp-ide-0.5.4\\out\\server\\src\\server.js:2389:2988\n    at c:\\Users\\E495\\.vscode\\extensions\\uqbar.wollok-lsp-ide-0.5.4\\out\\server\\src\\server.js:2398:8440\n    at c:\\Users\\E495\\.vscode\\extensions\\uqbar.wollok-lsp-ide-0.5.4\\out\\server\\src\\server.js:37:74872\n    at Ke (c:\\Users\\E495\\.vscode\\extensions\\uqbar.wollok-lsp-ide-0.5.4\\out\\server\\src\\server.js:7:8527)","timestamp":"2026-05-05T18:31:17.456Z"}
{"level":"info","message":"⌛ Validating testMensajeros.wtest","timeElapsed":107,"timestamp":"2026-05-05T18:31:17.574Z"}
{"level":"info","message":"⌛ Building environment","timeElapsed":126,"timestamp":"2026-05-05T18:31:17.704Z"}
{"level":"error","message":"✘ Completions for node Send ([26:9, 26:49] - testMensajeros.wtest) failed: Error: [Send]{459593} at testMensajeros.wtest:26 exhausted all cases without a match [Send]{459593} at testMensajeros.wtest:26 exhausted all cases without a match","stack":"Error: [Send]{459593} at testMensajeros.wtest:26 exhausted all cases without a match\n    at c:\\Users\\E495\\.vscode\\extensions\\uqbar.wollok-lsp-ide-0.5.4\\out\\server\\src\\server.js:38:6142\n    at L2 (c:\\Users\\E495\\.vscode\\extensions\\uqbar.wollok-lsp-ide-0.5.4\\out\\server\\src\\server.js:2389:42)\n    at Jh (c:\\Users\\E495\\.vscode\\extensions\\uqbar.wollok-lsp-ide-0.5.4\\out\\server\\src\\server.js:2389:1092)\n    at M5n (c:\\Users\\E495\\.vscode\\extensions\\uqbar.wollok-lsp-ide-0.5.4\\out\\server\\src\\server.js:2389:1248)\n    at c:\\Users\\E495\\.vscode\\extensions\\uqbar.wollok-lsp-ide-0.5.4\\out\\server\\src\\server.js:38:6131\n    at L2 (c:\\Users\\E495\\.vscode\\extensions\\uqbar.wollok-lsp-ide-0.5.4\\out\\server\\src\\server.js:2389:42)\n    at c:\\Users\\E495\\.vscode\\extensions\\uqbar.wollok-lsp-ide-0.5.4\\out\\server\\src\\server.js:2389:2988\n    at c:\\Users\\E495\\.vscode\\extensions\\uqbar.wollok-lsp-ide-0.5.4\\out\\server\\src\\server.js:2398:8440\n    at c:\\Users\\E495\\.vscode\\extensions\\uqbar.wollok-lsp-ide-0.5.4\\out\\server\\src\\server.js:37:74872\n    at Ke (c:\\Users\\E495\\.vscode\\extensions\\uqbar.wollok-lsp-ide-0.5.4\\out\\server\\src\\server.js:7:8527)","timestamp":"2026-05-05T18:31:17.738Z"}
{"level":"info","message":"⌛ Validating testMensajeros.wtest","timeElapsed":111,"timestamp":"2026-05-05T18:31:17.852Z"}
{"level":"error","message":"✘ Completions for node Send ([26:9, 26:50] - testMensajeros.wtest) failed: Error: [Send]{f1d099} at testMensajeros.wtest:26 exhausted all cases without a match [Send]{f1d099} at testMensajeros.wtest:26 exhausted all cases without a match","stack":"Error: [Send]{f1d099} at testMensajeros.wtest:26 exhausted all cases without a match\n    at c:\\Users\\E495\\.vscode\\extensions\\uqbar.wollok-lsp-ide-0.5.4\\out\\server\\src\\server.js:38:6142\n    at L2 (c:\\Users\\E495\\.vscode\\extensions\\uqbar.wollok-lsp-ide-0.5.4\\out\\server\\src\\server.js:2389:42)\n    at Jh (c:\\Users\\E495\\.vscode\\extensions\\uqbar.wollok-lsp-ide-0.5.4\\out\\server\\src\\server.js:2389:1092)\n    at M5n (c:\\Users\\E495\\.vscode\\extensions\\uqbar.wollok-lsp-ide-0.5.4\\out\\server\\src\\server.js:2389:1248)\n    at c:\\Users\\E495\\.vscode\\extensions\\uqbar.wollok-lsp-ide-0.5.4\\out\\server\\src\\server.js:38:6131\n    at L2 (c:\\Users\\E495\\.vscode\\extensions\\uqbar.wollok-lsp-ide-0.5.4\\out\\server\\src\\server.js:2389:42)\n    at c:\\Users\\E495\\.vscode\\extensions\\uqbar.wollok-lsp-ide-0.5.4\\out\\server\\src\\server.js:2389:2988\n    at c:\\Users\\E495\\.vscode\\extensions\\uqbar.wollok-lsp-ide-0.5.4\\out\\server\\src\\server.js:2398:8440\n    at c:\\Users\\E495\\.vscode\\extensions\\uqbar.wollok-lsp-ide-0.5.4\\out\\server\\src\\server.js:37:74872\n    at Ke (c:\\Users\\E495\\.vscode\\extensions\\uqbar.wollok-lsp-ide-0.5.4\\out\\server\\src\\server.js:7:8527)","timestamp":"2026-05-05T18:31:18.047Z"}
{"level":"info","message":"⌛ Validating testMensajeros.wtest","timeElapsed":107,"timestamp":"2026-05-05T18:31:18.157Z"}
{"level":"error","message":"✘ Completions for node Send ([26:9, 26:51] - testMensajeros.wtest) failed: Error: [Send]{f7d5a2} at testMensajeros.wtest:26 exhausted all cases without a match [Send]{f7d5a2} at testMensajeros.wtest:26 exhausted all cases without a match","stack":"Error: [Send]{f7d5a2} at testMensajeros.wtest:26 exhausted all cases without a match\n    at c:\\Users\\E495\\.vscode\\extensions\\uqbar.wollok-lsp-ide-0.5.4\\out\\server\\src\\server.js:38:6142\n    at L2 (c:\\Users\\E495\\.vscode\\extensions\\uqbar.wollok-lsp-ide-0.5.4\\out\\server\\src\\server.js:2389:42)\n    at Jh (c:\\Users\\E495\\.vscode\\extensions\\uqbar.wollok-lsp-ide-0.5.4\\out\\server\\src\\server.js:2389:1092)\n    at M5n (c:\\Users\\E495\\.vscode\\extensions\\uqbar.wollok-lsp-ide-0.5.4\\out\\server\\src\\server.js:2389:1248)\n    at c:\\Users\\E495\\.vscode\\extensions\\uqbar.wollok-lsp-ide-0.5.4\\out\\server\\src\\server.js:38:6131\n    at L2 (c:\\Users\\E495\\.vscode\\extensions\\uqbar.wollok-lsp-ide-0.5.4\\out\\server\\src\\server.js:2389:42)\n    at c:\\Users\\E495\\.vscode\\extensions\\uqbar.wollok-lsp-ide-0.5.4\\out\\server\\src\\server.js:2389:2988\n    at c:\\Users\\E495\\.vscode\\extensions\\uqbar.wollok-lsp-ide-0.5.4\\out\\server\\src\\server.js:2398:8440\n    at c:\\Users\\E495\\.vscode\\extensions\\uqbar.wollok-lsp-ide-0.5.4\\out\\server\\src\\server.js:37:74872\n    at Ke (c:\\Users\\E495\\.vscode\\extensions\\uqbar.wollok-lsp-ide-0.5.4\\out\\server\\src\\server.js:7:8527)","timestamp":"2026-05-05T18:31:18.434Z"}
{"level":"info","message":"⌛ Validating testMensajeros.wtest","timeElapsed":114,"timestamp":"2026-05-05T18:31:18.550Z"}
{"level":"error","message":"✘ Completions for node Send ([26:9, 26:52] - testMensajeros.wtest) failed: Error: [Send]{073f47} at testMensajeros.wtest:26 exhausted all cases without a match [Send]{073f47} at testMensajeros.wtest:26 exhausted all cases without a match","stack":"Error: [Send]{073f47} at testMensajeros.wtest:26 exhausted all cases without a match\n    at c:\\Users\\E495\\.vscode\\extensions\\uqbar.wollok-lsp-ide-0.5.4\\out\\server\\src\\server.js:38:6142\n    at L2 (c:\\Users\\E495\\.vscode\\extensions\\uqbar.wollok-lsp-ide-0.5.4\\out\\server\\src\\server.js:2389:42)\n    at Jh (c:\\Users\\E495\\.vscode\\extensions\\uqbar.wollok-lsp-ide-0.5.4\\out\\server\\src\\server.js:2389:1092)\n    at M5n (c:\\Users\\E495\\.vscode\\extensions\\uqbar.wollok-lsp-ide-0.5.4\\out\\server\\src\\server.js:2389:1248)\n    at c:\\Users\\E495\\.vscode\\extensions\\uqbar.wollok-lsp-ide-0.5.4\\out\\server\\src\\server.js:38:6131\n    at L2 (c:\\Users\\E495\\.vscode\\extensions\\uqbar.wollok-lsp-ide-0.5.4\\out\\server\\src\\server.js:2389:42)\n    at c:\\Users\\E495\\.vscode\\extensions\\uqbar.wollok-lsp-ide-0.5.4\\out\\server\\src\\server.js:2389:2988\n    at c:\\Users\\E495\\.vscode\\extensions\\uqbar.wollok-lsp-ide-0.5.4\\out\\server\\src\\server.js:2398:8440\n    at c:\\Users\\E495\\.vscode\\extensions\\uqbar.wollok-lsp-ide-0.5.4\\out\\server\\src\\server.js:37:74872\n    at Ke (c:\\Users\\E495\\.vscode\\extensions\\uqbar.wollok-lsp-ide-0.5.4\\out\\server\\src\\server.js:7:8527)","timestamp":"2026-05-05T18:31:18.663Z"}
{"level":"info","message":"⌛ Validating testMensajeros.wtest","timeElapsed":111,"timestamp":"2026-05-05T18:31:18.785Z"}
{"level":"info","message":"⌛ Building environment","timeElapsed":142,"timestamp":"2026-05-05T18:31:18.927Z"}
{"level":"error","message":"✘ Completions for node Send ([26:9, 26:53] - testMensajeros.wtest) failed: Error: [Send]{822c00} at testMensajeros.wtest:26 exhausted all cases without a match [Send]{822c00} at testMensajeros.wtest:26 exhausted all cases without a match","stack":"Error: [Send]{822c00} at testMensajeros.wtest:26 exhausted all cases without a match\n    at c:\\Users\\E495\\.vscode\\extensions\\uqbar.wollok-lsp-ide-0.5.4\\out\\server\\src\\server.js:38:6142\n    at L2 (c:\\Users\\E495\\.vscode\\extensions\\uqbar.wollok-lsp-ide-0.5.4\\out\\server\\src\\server.js:2389:42)\n    at Jh (c:\\Users\\E495\\.vscode\\extensions\\uqbar.wollok-lsp-ide-0.5.4\\out\\server\\src\\server.js:2389:1092)\n    at M5n (c:\\Users\\E495\\.vscode\\extensions\\uqbar.wollok-lsp-ide-0.5.4\\out\\server\\src\\server.js:2389:1248)\n    at c:\\Users\\E495\\.vscode\\extensions\\uqbar.wollok-lsp-ide-0.5.4\\out\\server\\src\\server.js:38:6131\n    at L2 (c:\\Users\\E495\\.vscode\\extensions\\uqbar.wollok-lsp-ide-0.5.4\\out\\server\\src\\server.js:2389:42)\n    at c:\\Users\\E495\\.vscode\\extensions\\uqbar.wollok-lsp-ide-0.5.4\\out\\server\\src\\server.js:2389:2988\n    at c:\\Users\\E495\\.vscode\\extensions\\uqbar.wollok-lsp-ide-0.5.4\\out\\server\\src\\server.js:2398:8440\n    at c:\\Users\\E495\\.vscode\\extensions\\uqbar.wollok-lsp-ide-0.5.4\\out\\server\\src\\server.js:37:74872\n    at Ke (c:\\Users\\E495\\.vscode\\extensions\\uqbar.wollok-lsp-ide-0.5.4\\out\\server\\src\\server.js:7:8527)","timestamp":"2026-05-05T18:31:18.966Z"}
{"level":"info","message":"⌛ Validating testMensajeros.wtest","timeElapsed":116,"timestamp":"2026-05-05T18:31:19.186Z"}
{"level":"error","message":"✘ Completions for node Send ([26:9, 26:55] - testMensajeros.wtest) failed: Error: [Send]{d8f970} at testMensajeros.wtest:26 exhausted all cases without a match [Send]{d8f970} at testMensajeros.wtest:26 exhausted all cases without a match","stack":"Error: [Send]{d8f970} at testMensajeros.wtest:26 exhausted all cases without a match\n    at c:\\Users\\E495\\.vscode\\extensions\\uqbar.wollok-lsp-ide-0.5.4\\out\\server\\src\\server.js:38:6142\n    at L2 (c:\\Users\\E495\\.vscode\\extensions\\uqbar.wollok-lsp-ide-0.5.4\\out\\server\\src\\server.js:2389:42)\n    at Jh (c:\\Users\\E495\\.vscode\\extensions\\uqbar.wollok-lsp-ide-0.5.4\\out\\server\\src\\server.js:2389:1092)\n    at M5n (c:\\Users\\E495\\.vscode\\extensions\\uqbar.wollok-lsp-ide-0.5.4\\out\\server\\src\\server.js:2389:1248)\n    at c:\\Users\\E495\\.vscode\\extensions\\uqbar.wollok-lsp-ide-0.5.4\\out\\server\\src\\server.js:38:6131\n    at L2 (c:\\Users\\E495\\.vscode\\extensions\\uqbar.wollok-lsp-ide-0.5.4\\out\\server\\src\\server.js:2389:42)\n    at c:\\Users\\E495\\.vscode\\extensions\\uqbar.wollok-lsp-ide-0.5.4\\out\\server\\src\\server.js:2389:2988\n    at c:\\Users\\E495\\.vscode\\extensions\\uqbar.wollok-lsp-ide-0.5.4\\out\\server\\src\\server.js:2398:8440\n    at c:\\Users\\E495\\.vscode\\extensions\\uqbar.wollok-lsp-ide-0.5.4\\out\\server\\src\\server.js:37:74872\n    at Ke (c:\\Users\\E495\\.vscode\\extensions\\uqbar.wollok-lsp-ide-0.5.4\\out\\server\\src\\server.js:7:8527)","timestamp":"2026-05-05T18:31:19.318Z"}
{"level":"info","message":"⌛ Validating testMensajeros.wtest","timeElapsed":108,"timestamp":"2026-05-05T18:31:19.429Z"}
{"level":"info","message":"⌛ Validating testMensajeros.wtest","timeElapsed":187,"timestamp":"2026-05-05T18:31:19.617Z"}
{"level":"error","message":"✘ Completions for node Send ([26:9, 26:56] - testMensajeros.wtest) failed: Error: [Send]{91d4f9} at testMensajeros.wtest:26 exhausted all cases without a match [Send]{91d4f9} at testMensajeros.wtest:26 exhausted all cases without a match","stack":"Error: [Send]{91d4f9} at testMensajeros.wtest:26 exhausted all cases without a match\n    at c:\\Users\\E495\\.vscode\\extensions\\uqbar.wollok-lsp-ide-0.5.4\\out\\server\\src\\server.js:38:6142\n    at L2 (c:\\Users\\E495\\.vscode\\extensions\\uqbar.wollok-lsp-ide-0.5.4\\out\\server\\src\\server.js:2389:42)\n    at Jh (c:\\Users\\E495\\.vscode\\extensions\\uqbar.wollok-lsp-ide-0.5.4\\out\\server\\src\\server.js:2389:1092)\n    at M5n (c:\\Users\\E495\\.vscode\\extensions\\uqbar.wollok-lsp-ide-0.5.4\\out\\server\\src\\server.js:2389:1248)\n    at c:\\Users\\E495\\.vscode\\extensions\\uqbar.wollok-lsp-ide-0.5.4\\out\\server\\src\\server.js:38:6131\n    at L2 (c:\\Users\\E495\\.vscode\\extensions\\uqbar.wollok-lsp-ide-0.5.4\\out\\server\\src\\server.js:2389:42)\n    at c:\\Users\\E495\\.vscode\\extensions\\uqbar.wollok-lsp-ide-0.5.4\\out\\server\\src\\server.js:2389:2988\n    at c:\\Users\\E495\\.vscode\\extensions\\uqbar.wollok-lsp-ide-0.5.4\\out\\server\\src\\server.js:2398:8440\n    at c:\\Users\\E495\\.vscode\\extensions\\uqbar.wollok-lsp-ide-0.5.4\\out\\server\\src\\server.js:37:74872\n    at Ke (c:\\Users\\E495\\.vscode\\extensions\\uqbar.wollok-lsp-ide-0.5.4\\out\\server\\src\\server.js:7:8527)","timestamp":"2026-05-05T18:31:19.731Z"}
{"level":"info","message":"⌛ Validating testMensajeros.wtest","timeElapsed":118,"timestamp":"2026-05-05T18:31:20.351Z"}
{"level":"error","message":"✘ Completions for node Send ([26:21, 26:58] - testMensajeros.wtest) failed: Error: [Send]{fe58cb} at testMensajeros.wtest:26 exhausted all cases without a match [Send]{fe58cb} at testMensajeros.wtest:26 exhausted all cases without a match","stack":"Error: [Send]{fe58cb} at testMensajeros.wtest:26 exhausted all cases without a match\n    at c:\\Users\\E495\\.vscode\\extensions\\uqbar.wollok-lsp-ide-0.5.4\\out\\server\\src\\server.js:38:6142\n    at L2 (c:\\Users\\E495\\.vscode\\extensions\\uqbar.wollok-lsp-ide-0.5.4\\out\\server\\src\\server.js:2389:42)\n    at Jh (c:\\Users\\E495\\.vscode\\extensions\\uqbar.wollok-lsp-ide-0.5.4\\out\\server\\src\\server.js:2389:1092)\n    at M5n (c:\\Users\\E495\\.vscode\\extensions\\uqbar.wollok-lsp-ide-0.5.4\\out\\server\\src\\server.js:2389:1248)\n    at c:\\Users\\E495\\.vscode\\extensions\\uqbar.wollok-lsp-ide-0.5.4\\out\\server\\src\\server.js:38:6131\n    at L2 (c:\\Users\\E495\\.vscode\\extensions\\uqbar.wollok-lsp-ide-0.5.4\\out\\server\\src\\server.js:2389:42)\n    at c:\\Users\\E495\\.vscode\\extensions\\uqbar.wollok-lsp-ide-0.5.4\\out\\server\\src\\server.js:2389:2988\n    at c:\\Users\\E495\\.vscode\\extensions\\uqbar.wollok-lsp-ide-0.5.4\\out\\server\\src\\server.js:2398:8440\n    at c:\\Users\\E495\\.vscode\\extensions\\uqbar.wollok-lsp-ide-0.5.4\\out\\server\\src\\server.js:37:74872\n    at Ke (c:\\Users\\E495\\.vscode\\extensions\\uqbar.wollok-lsp-ide-0.5.4\\out\\server\\src\\server.js:7:8527)","timestamp":"2026-05-05T18:31:21.044Z"}
{"level":"error","message":"✘ Completions for node Send ([26:9, 26:59] - testMensajeros.wtest) failed: Error: [Send]{b0889f} at testMensajeros.wtest:26 exhausted all cases without a match [Send]{b0889f} at testMensajeros.wtest:26 exhausted all cases without a match","stack":"Error: [Send]{b0889f} at testMensajeros.wtest:26 exhausted all cases without a match\n    at c:\\Users\\E495\\.vscode\\extensions\\uqbar.wollok-lsp-ide-0.5.4\\out\\server\\src\\server.js:38:6142\n    at L2 (c:\\Users\\E495\\.vscode\\extensions\\uqbar.wollok-lsp-ide-0.5.4\\out\\server\\src\\server.js:2389:42)\n    at Jh (c:\\Users\\E495\\.vscode\\extensions\\uqbar.wollok-lsp-ide-0.5.4\\out\\server\\src\\server.js:2389:1092)\n    at L2 (c:\\Users\\E495\\.vscode\\extensions\\uqbar.wollok-lsp-ide-0.5.4\\out\\server\\src\\server.js:2389:544)\n    at Jh (c:\\Users\\E495\\.vscode\\extensions\\uqbar.wollok-lsp-ide-0.5.4\\out\\server\\src\\server.js:2389:1092)\n    at M5n (c:\\Users\\E495\\.vscode\\extensions\\uqbar.wollok-lsp-ide-0.5.4\\out\\server\\src\\server.js:2389:1248)\n    at c:\\Users\\E495\\.vscode\\extensions\\uqbar.wollok-lsp-ide-0.5.4\\out\\server\\src\\server.js:38:6131\n    at L2 (c:\\Users\\E495\\.vscode\\extensions\\uqbar.wollok-lsp-ide-0.5.4\\out\\server\\src\\server.js:2389:42)\n    at c:\\Users\\E495\\.vscode\\extensions\\uqbar.wollok-lsp-ide-0.5.4\\out\\server\\src\\server.js:2389:2988\n    at c:\\Users\\E495\\.vscode\\extensions\\uqbar.wollok-lsp-ide-0.5.4\\out\\server\\src\\server.js:2398:8440","timestamp":"2026-05-05T18:31:21.044Z"}
{"level":"info","message":"⌛ Validating testMensajeros.wtest","timeElapsed":124,"timestamp":"2026-05-05T18:31:21.172Z"}
{"level":"info","message":"⌛ Validating testMensajeros.wtest","timeElapsed":122,"timestamp":"2026-05-05T18:31:21.701Z"}
{"level":"info","message":"⌛ Validating testMensajeros.wtest","timeElapsed":116,"timestamp":"2026-05-05T18:31:21.924Z"}
{"level":"info","message":"⌛ Building environment","timeElapsed":103,"timestamp":"2026-05-05T18:31:22.089Z"}
{"level":"error","message":"✘ Completions for node Send ([26:21, 26:58] - testMensajeros.wtest) failed: Error: [Send]{670c28} at testMensajeros.wtest:26 exhausted all cases without a match [Send]{670c28} at testMensajeros.wtest:26 exhausted all cases without a match","stack":"Error: [Send]{670c28} at testMensajeros.wtest:26 exhausted all cases without a match\n    at c:\\Users\\E495\\.vscode\\extensions\\uqbar.wollok-lsp-ide-0.5.4\\out\\server\\src\\server.js:38:6142\n    at L2 (c:\\Users\\E495\\.vscode\\extensions\\uqbar.wollok-lsp-ide-0.5.4\\out\\server\\src\\server.js:2389:42)\n    at Jh (c:\\Users\\E495\\.vscode\\extensions\\uqbar.wollok-lsp-ide-0.5.4\\out\\server\\src\\server.js:2389:1092)\n    at M5n (c:\\Users\\E495\\.vscode\\extensions\\uqbar.wollok-lsp-ide-0.5.4\\out\\server\\src\\server.js:2389:1248)\n    at c:\\Users\\E495\\.vscode\\extensions\\uqbar.wollok-lsp-ide-0.5.4\\out\\server\\src\\server.js:38:6131\n    at L2 (c:\\Users\\E495\\.vscode\\extensions\\uqbar.wollok-lsp-ide-0.5.4\\out\\server\\src\\server.js:2389:42)\n    at c:\\Users\\E495\\.vscode\\extensions\\uqbar.wollok-lsp-ide-0.5.4\\out\\server\\src\\server.js:2389:2988\n    at c:\\Users\\E495\\.vscode\\extensions\\uqbar.wollok-lsp-ide-0.5.4\\out\\server\\src\\server.js:2398:8440\n    at c:\\Users\\E495\\.vscode\\extensions\\uqbar.wollok-lsp-ide-0.5.4\\out\\server\\src\\server.js:37:74872\n    at Ke (c:\\Users\\E495\\.vscode\\extensions\\uqbar.wollok-lsp-ide-0.5.4\\out\\server\\src\\server.js:7:8527)","timestamp":"2026-05-05T18:31:22.125Z"}
{"level":"error","message":"✘ Completions for node Send ([26:9, 26:59] - testMensajeros.wtest) failed: Error: [Send]{01f7ff} at testMensajeros.wtest:26 exhausted all cases without a match [Send]{01f7ff} at testMensajeros.wtest:26 exhausted all cases without a match","stack":"Error: [Send]{01f7ff} at testMensajeros.wtest:26 exhausted all cases without a match\n    at c:\\Users\\E495\\.vscode\\extensions\\uqbar.wollok-lsp-ide-0.5.4\\out\\server\\src\\server.js:38:6142\n    at L2 (c:\\Users\\E495\\.vscode\\extensions\\uqbar.wollok-lsp-ide-0.5.4\\out\\server\\src\\server.js:2389:42)\n    at Jh (c:\\Users\\E495\\.vscode\\extensions\\uqbar.wollok-lsp-ide-0.5.4\\out\\server\\src\\server.js:2389:1092)\n    at L2 (c:\\Users\\E495\\.vscode\\extensions\\uqbar.wollok-lsp-ide-0.5.4\\out\\server\\src\\server.js:2389:544)\n    at Jh (c:\\Users\\E495\\.vscode\\extensions\\uqbar.wollok-lsp-ide-0.5.4\\out\\server\\src\\server.js:2389:1092)\n    at M5n (c:\\Users\\E495\\.vscode\\extensions\\uqbar.wollok-lsp-ide-0.5.4\\out\\server\\src\\server.js:2389:1248)\n    at c:\\Users\\E495\\.vscode\\extensions\\uqbar.wollok-lsp-ide-0.5.4\\out\\server\\src\\server.js:38:6131\n    at L2 (c:\\Users\\E495\\.vscode\\extensions\\uqbar.wollok-lsp-ide-0.5.4\\out\\server\\src\\server.js:2389:42)\n    at c:\\Users\\E495\\.vscode\\extensions\\uqbar.wollok-lsp-ide-0.5.4\\out\\server\\src\\server.js:2389:2988\n    at c:\\Users\\E495\\.vscode\\extensions\\uqbar.wollok-lsp-ide-0.5.4\\out\\server\\src\\server.js:2398:8440","timestamp":"2026-05-05T18:31:22.126Z"}
{"level":"info","message":"⌛ Validating testMensajeros.wtest","timeElapsed":161,"timestamp":"2026-05-05T18:31:22.393Z"}
{"level":"info","message":"⌛ Validating testMensajeros.wtest","timeElapsed":178,"timestamp":"2026-05-05T18:31:22.572Z"}
{"level":"info","message":"⌛ Building environment","timeElapsed":114,"timestamp":"2026-05-05T18:31:22.686Z"}
{"level":"info","message":"⌛ Validating testMensajeros.wtest","timeElapsed":130,"timestamp":"2026-05-05T18:31:22.902Z"}
{"level":"info","message":"⌛ Validating testMensajeros.wtest","timeElapsed":121,"timestamp":"2026-05-05T18:31:23.027Z"}
{"level":"info","message":"⌛ Building environment","timeElapsed":106,"timestamp":"2026-05-05T18:31:23.133Z"}
{"level":"info","message":"⌛ Building environment","timeElapsed":101,"timestamp":"2026-05-05T18:31:23.241Z"}
{"level":"info","message":"⌛ Validating testMensajeros.wtest","timeElapsed":112,"timestamp":"2026-05-05T18:31:23.435Z"}
{"level":"info","message":"⌛ Validating testMensajeros.wtest","timeElapsed":137,"timestamp":"2026-05-05T18:31:23.572Z"}
{"level":"info","message":"⌛ Validating testMensajeros.wtest","timeElapsed":103,"timestamp":"2026-05-05T18:31:23.675Z"}
{"level":"info","message":"⌛ Building environment","timeElapsed":106,"timestamp":"2026-05-05T18:31:23.788Z"}
{"level":"info","message":"⌛ Validating testMensajeros.wtest","timeElapsed":103,"timestamp":"2026-05-05T18:31:23.901Z"}
{"level":"info","message":"⌛ Validating testMensajeros.wtest","timeElapsed":114,"timestamp":"2026-05-05T18:31:29.288Z"}
{"level":"info","message":"⌛ Validating testMensajeros.wtest","timeElapsed":133,"timestamp":"2026-05-05T18:31:30.490Z"}
{"level":"info","message":"⌛ Building environment","timeElapsed":212,"timestamp":"2026-05-05T18:31:30.705Z"}
{"level":"info","message":"⌛ Validating testMensajeros.wtest","timeElapsed":115,"timestamp":"2026-05-05T18:31:30.828Z"}
{"level":"info","message":"⌛ Validating testMensajeros.wtest","timeElapsed":105,"timestamp":"2026-05-05T18:31:32.344Z"}
{"level":"info","message":"⌛ Validating testMensajeros.wtest","timeElapsed":111,"timestamp":"2026-05-05T18:31:33.116Z"}
{"level":"info","message":"⌛ Validating testMensajeros.wtest","timeElapsed":119,"timestamp":"2026-05-05T18:31:33.343Z"}
{"level":"info","message":"⌛ Building environment","timeElapsed":120,"timestamp":"2026-05-05T18:31:33.464Z"}
{"level":"info","message":"⌛ Validating testMensajeros.wtest","timeElapsed":120,"timestamp":"2026-05-05T18:31:33.679Z"}
{"level":"info","message":"⌛ Validating testMensajeros.wtest","timeElapsed":111,"timestamp":"2026-05-05T18:31:33.790Z"}
{"level":"info","message":"⌛ Validating testMensajeros.wtest","timeElapsed":117,"timestamp":"2026-05-05T18:31:34.003Z"}
{"level":"info","message":"⌛ Validating testMensajeros.wtest","timeElapsed":122,"timestamp":"2026-05-05T18:31:34.507Z"}
{"level":"info","message":"⌛ Validating testMensajeros.wtest","timeElapsed":124,"timestamp":"2026-05-05T18:31:37.887Z"}
{"level":"info","message":"⌛ Building environment","timeElapsed":110,"timestamp":"2026-05-05T18:31:38.274Z"}
{"level":"info","message":"⌛ Validating testMensajeros.wtest","timeElapsed":110,"timestamp":"2026-05-05T18:31:38.855Z"}
{"level":"info","message":"⌛ Building environment","timeElapsed":116,"timestamp":"2026-05-05T18:31:39.003Z"}
{"level":"info","message":"⌛ Autocomplete - Reference","timeElapsed":126,"timestamp":"2026-05-05T18:31:39.137Z"}
{"level":"info","message":"⌛ Validating testMensajeros.wtest","timeElapsed":123,"timestamp":"2026-05-05T18:31:39.268Z"}
{"level":"info","message":"⌛ Validating testMensajeros.wtest","timeElapsed":122,"timestamp":"2026-05-05T18:31:39.753Z"}
{"level":"info","message":"⌛ Building environment","timeElapsed":103,"timestamp":"2026-05-05T18:31:39.856Z"}
{"level":"info","message":"⌛ Building environment","timeElapsed":116,"timestamp":"2026-05-05T18:31:40.068Z"}
{"level":"info","message":"⌛ Validating testMensajeros.wtest","timeElapsed":131,"timestamp":"2026-05-05T18:31:40.247Z"}
{"level":"info","message":"⌛ Validating testMensajeros.wtest","timeElapsed":130,"timestamp":"2026-05-05T18:31:40.518Z"}
{"level":"info","message":"⌛ Validating testMensajeros.wtest","timeElapsed":149,"timestamp":"2026-05-05T18:31:40.755Z"}
{"level":"info","message":"⌛ Building environment","timeElapsed":129,"timestamp":"2026-05-05T18:31:41.045Z"}
{"level":"info","message":"⌛ Validating testMensajeros.wtest","timeElapsed":157,"timestamp":"2026-05-05T18:31:41.205Z"}
{"level":"info","message":"⌛ Validating testMensajeros.wtest","timeElapsed":140,"timestamp":"2026-05-05T18:31:41.346Z"}
{"level":"info","message":"⌛ Validating testMensajeros.wtest","timeElapsed":114,"timestamp":"2026-05-05T18:31:41.469Z"}
{"level":"info","message":"⌛ Building environment","timeElapsed":116,"timestamp":"2026-05-05T18:31:41.586Z"}
{"level":"info","message":"⌛ Validating testMensajeros.wtest","timeElapsed":107,"timestamp":"2026-05-05T18:31:41.700Z"}
{"level":"info","message":"⌛ Validating testMensajeros.wtest","timeElapsed":141,"timestamp":"2026-05-05T18:31:41.937Z"}
{"level":"info","message":"⌛ Validating testMensajeros.wtest","timeElapsed":121,"timestamp":"2026-05-05T18:31:42.156Z"}
{"level":"info","message":"⌛ Building environment","timeElapsed":152,"timestamp":"2026-05-05T18:31:42.361Z"}
{"level":"info","message":"⌛ Validating testMensajeros.wtest","timeElapsed":147,"timestamp":"2026-05-05T18:31:42.569Z"}
{"level":"info","message":"⌛ Validating testMensajeros.wtest","timeElapsed":244,"timestamp":"2026-05-05T18:31:42.821Z"}
{"level":"info","message":"⌛ Building environment","timeElapsed":102,"timestamp":"2026-05-05T18:31:42.924Z"}
{"level":"info","message":"⌛ Validating testMensajeros.wtest","timeElapsed":122,"timestamp":"2026-05-05T18:31:43.098Z"}
{"level":"info","message":"⌛ Validating testMensajeros.wtest","timeElapsed":119,"timestamp":"2026-05-05T18:31:43.220Z"}
{"level":"info","message":"⌛ Validating testMensajeros.wtest","timeElapsed":113,"timestamp":"2026-05-05T18:31:43.336Z"}
{"level":"info","message":"⌛ Building environment","timeElapsed":103,"timestamp":"2026-05-05T18:31:45.373Z"}
{"level":"info","message":"⌛ Validating testMensajeros.wtest","timeElapsed":115,"timestamp":"2026-05-05T18:31:45.536Z"}
{"level":"info","message":"⌛ Validating testMensajeros.wtest","timeElapsed":112,"timestamp":"2026-05-05T18:31:45.735Z"}
{"level":"info","message":"⌛ Building environment","timeElapsed":164,"timestamp":"2026-05-05T18:31:46.021Z"}
{"level":"info","message":"⌛ Validating testMensajeros.wtest","timeElapsed":110,"timestamp":"2026-05-05T18:31:46.132Z"}
{"level":"info","message":"⌛ Validating testMensajeros.wtest","timeElapsed":112,"timestamp":"2026-05-05T18:31:49.217Z"}
{"level":"info","message":"⌛ Building environment","timeElapsed":101,"timestamp":"2026-05-05T18:31:49.320Z"}
{"level":"info","message":"⌛ Building environment","timeElapsed":113,"timestamp":"2026-05-05T18:31:49.435Z"}
{"level":"info","message":"⌛ Validating testMensajeros.wtest","timeElapsed":107,"timestamp":"2026-05-05T18:31:49.583Z"}
{"level":"info","message":"⌛ Validating testMensajeros.wtest","timeElapsed":132,"timestamp":"2026-05-05T18:31:49.812Z"}
{"level":"info","message":"⌛ Validating testMensajeros.wtest","timeElapsed":116,"timestamp":"2026-05-05T18:31:50.101Z"}
{"level":"info","message":"⌛ Validating testMensajeros.wtest","timeElapsed":101,"timestamp":"2026-05-05T18:31:52.971Z"}
{"level":"info","message":"⌛ Validating testMensajeros.wtest","timeElapsed":110,"timestamp":"2026-05-05T18:31:54.844Z"}
{"level":"info","message":"⌛ Validating testMensajeros.wtest","timeElapsed":105,"timestamp":"2026-05-05T18:31:55.179Z"}
{"level":"info","message":"⌛ Validating testMensajeros.wtest","timeElapsed":134,"timestamp":"2026-05-05T18:31:55.766Z"}
{"level":"info","message":"⌛ Validating testMensajeros.wtest","timeElapsed":112,"timestamp":"2026-05-05T18:31:56.009Z"}
{"level":"info","message":"⌛ Validating testMensajeros.wtest","timeElapsed":117,"timestamp":"2026-05-05T18:31:56.356Z"}
{"level":"info","message":"⌛ Validating testMensajeros.wtest","timeElapsed":126,"timestamp":"2026-05-05T18:31:56.648Z"}
{"level":"info","message":"⌛ Validating testMensajeros.wtest","timeElapsed":112,"timestamp":"2026-05-05T18:31:56.841Z"}
{"level":"info","message":"⌛ Building environment","timeElapsed":146,"timestamp":"2026-05-05T18:31:56.990Z"}
{"level":"info","message":"⌛ Validating testMensajeros.wtest","timeElapsed":123,"timestamp":"2026-05-05T18:31:57.211Z"}
{"level":"info","message":"⌛ Validating testMensajeros.wtest","timeElapsed":129,"timestamp":"2026-05-05T18:31:57.380Z"}
{"level":"info","message":"⌛ Building environment","timeElapsed":190,"timestamp":"2026-05-05T18:31:57.770Z"}
{"level":"info","message":"⌛ Validating testMensajeros.wtest","timeElapsed":133,"timestamp":"2026-05-05T18:31:57.904Z"}
{"level":"info","message":"⌛ Building environment","timeElapsed":143,"timestamp":"2026-05-05T18:31:58.048Z"}
{"level":"info","message":"⌛ Validating testMensajeros.wtest","timeElapsed":123,"timestamp":"2026-05-05T18:31:58.172Z"}
{"level":"info","message":"⌛ Validating testMensajeros.wtest","timeElapsed":124,"timestamp":"2026-05-05T18:31:58.388Z"}
{"level":"info","message":"⌛ Validating testMensajeros.wtest","timeElapsed":108,"timestamp":"2026-05-05T18:31:58.801Z"}
{"level":"info","message":"⌛ Building environment","timeElapsed":128,"timestamp":"2026-05-05T18:31:58.930Z"}
{"level":"info","message":"⌛ Validating testMensajeros.wtest","timeElapsed":116,"timestamp":"2026-05-05T18:31:59.047Z"}
{"level":"info","message":"⌛ Validating testMensajeros.wtest","timeElapsed":111,"timestamp":"2026-05-05T18:31:59.251Z"}
{"level":"info","message":"⌛ Validating testMensajeros.wtest","timeElapsed":105,"timestamp":"2026-05-05T18:31:59.362Z"}
{"level":"info","message":"⌛ Validating testMensajeros.wtest","timeElapsed":112,"timestamp":"2026-05-05T18:31:59.477Z"}
{"level":"info","message":"⌛ Validating testMensajeros.wtest","timeElapsed":101,"timestamp":"2026-05-05T18:31:59.579Z"}
{"level":"info","message":"⌛ Validating testMensajeros.wtest","timeElapsed":108,"timestamp":"2026-05-05T18:31:59.689Z"}
{"level":"info","message":"⌛ Validating testMensajeros.wtest","timeElapsed":120,"timestamp":"2026-05-05T18:32:01.169Z"}
{"level":"error","message":"✘ Completions for node Send ([26:9, 26:65] - testMensajeros.wtest) failed: Error: [Send]{970a30} at testMensajeros.wtest:26 exhausted all cases without a match [Send]{970a30} at testMensajeros.wtest:26 exhausted all cases without a match","stack":"Error: [Send]{970a30} at testMensajeros.wtest:26 exhausted all cases without a match\n    at c:\\Users\\E495\\.vscode\\extensions\\uqbar.wollok-lsp-ide-0.5.4\\out\\server\\src\\server.js:38:6142\n    at L2 (c:\\Users\\E495\\.vscode\\extensions\\uqbar.wollok-lsp-ide-0.5.4\\out\\server\\src\\server.js:2389:42)\n    at c:\\Users\\E495\\.vscode\\extensions\\uqbar.wollok-lsp-ide-0.5.4\\out\\server\\src\\server.js:2389:2988\n    at c:\\Users\\E495\\.vscode\\extensions\\uqbar.wollok-lsp-ide-0.5.4\\out\\server\\src\\server.js:2398:8440\n    at c:\\Users\\E495\\.vscode\\extensions\\uqbar.wollok-lsp-ide-0.5.4\\out\\server\\src\\server.js:37:74872\n    at Ke (c:\\Users\\E495\\.vscode\\extensions\\uqbar.wollok-lsp-ide-0.5.4\\out\\server\\src\\server.js:7:8527)\n    at Lt (c:\\Users\\E495\\.vscode\\extensions\\uqbar.wollok-lsp-ide-0.5.4\\out\\server\\src\\server.js:7:6189)\n    at ct (c:\\Users\\E495\\.vscode\\extensions\\uqbar.wollok-lsp-ide-0.5.4\\out\\server\\src\\server.js:7:6378)\n    at Immediate._onImmediate (c:\\Users\\E495\\.vscode\\extensions\\uqbar.wollok-lsp-ide-0.5.4\\out\\server\\src\\server.js:7:6142)\n    at process.processImmediate (node:internal/timers:484:21)","timestamp":"2026-05-05T18:32:07.932Z"}
{"level":"info","message":"⌛ Validating testMensajeros.wtest","timeElapsed":201,"timestamp":"2026-05-05T18:32:08.135Z"}
{"level":"info","message":"⌛ Building environment","timeElapsed":104,"timestamp":"2026-05-05T18:32:08.241Z"}
{"level":"info","message":"⌛ Validating testMensajeros.wtest","timeElapsed":161,"timestamp":"2026-05-05T18:32:08.494Z"}
{"level":"info","message":"⌛ Validating testMensajeros.wtest","timeElapsed":107,"timestamp":"2026-05-05T18:32:08.608Z"}
{"level":"info","message":"⌛ Validating testMensajeros.wtest","timeElapsed":107,"timestamp":"2026-05-05T18:32:09.827Z"}
{"level":"info","message":"⌛ Validating testMensajeros.wtest","timeElapsed":101,"timestamp":"2026-05-05T18:32:10.173Z"}
{"level":"info","message":"🧪 Test runner executed on c:\\Users\\E495\\Desktop\\UNaHur\\Programación con objetos I\\mensajerosDePelicula-pinkiemorie","result":{"errored":0,"failed":0,"ok":1},"testsFailed":[],"timeElapsed":632,"timestamp":"2026-05-05T18:32:15.428Z"}
{"level":"info","message":"🧪 Test runner executed on c:\\Users\\E495\\Desktop\\UNaHur\\Programación con objetos I\\mensajerosDePelicula-pinkiemorie","result":{"errored":0,"failed":0,"ok":3},"testsFailed":[],"timeElapsed":595,"timestamp":"2026-05-05T18:32:22.019Z"}
{"level":"info","message":"⌛ Building environment","timeElapsed":107,"timestamp":"2026-05-05T18:33:26.152Z"}
{"level":"info","message":"⌛ Validating testMensajeros.wtest","timeElapsed":108,"timestamp":"2026-05-05T18:33:26.264Z"}
{"level":"info","message":"⌛ Validating testMensajeros.wtest","timeElapsed":223,"timestamp":"2026-05-05T18:33:27.117Z"}
{"level":"info","message":"⌛ Validating testMensajeros.wtest","timeElapsed":124,"timestamp":"2026-05-05T18:33:27.365Z"}
{"level":"info","message":"⌛ Validating testMensajeros.wtest","timeElapsed":101,"timestamp":"2026-05-05T18:33:28.936Z"}
{"level":"info","message":"⌛ Building environment","timeElapsed":119,"timestamp":"2026-05-05T18:33:29.058Z"}
{"level":"info","message":"⌛ Validating testMensajeros.wtest","timeElapsed":121,"timestamp":"2026-05-05T18:33:29.189Z"}
{"level":"info","message":"⌛ Validating testMensajeros.wtest","timeElapsed":109,"timestamp":"2026-05-05T18:33:29.418Z"}
{"level":"info","message":"⌛ Validating testMensajeros.wtest","timeElapsed":116,"timestamp":"2026-05-05T18:33:29.625Z"}
{"level":"info","message":"⌛ Validating testMensajeros.wtest","timeElapsed":116,"timestamp":"2026-05-05T18:33:29.854Z"}
{"level":"info","message":"⌛ Building environment","timeElapsed":134,"timestamp":"2026-05-05T18:33:29.992Z"}
{"level":"info","message":"⌛ Building environment","timeElapsed":104,"timestamp":"2026-05-05T18:33:30.097Z"}
{"level":"info","message":"⌛ Validating testMensajeros.wtest","timeElapsed":114,"timestamp":"2026-05-05T18:33:30.211Z"}
{"level":"info","message":"⌛ Validating testMensajeros.wtest","timeElapsed":109,"timestamp":"2026-05-05T18:33:30.421Z"}
{"level":"info","message":"⌛ Validating testMensajeros.wtest","timeElapsed":110,"timestamp":"2026-05-05T18:33:30.759Z"}
{"level":"info","message":"⌛ Validating testMensajeros.wtest","timeElapsed":111,"timestamp":"2026-05-05T18:33:31.081Z"}
{"level":"info","message":"⌛ Building environment","timeElapsed":218,"timestamp":"2026-05-05T18:33:31.301Z"}
{"level":"info","message":"⌛ Validating testMensajeros.wtest","timeElapsed":129,"timestamp":"2026-05-05T18:33:31.552Z"}
{"level":"info","message":"⌛ Validating testMensajeros.wtest","timeElapsed":108,"timestamp":"2026-05-05T18:33:31.661Z"}
{"level":"info","message":"⌛ Validating testMensajeros.wtest","timeElapsed":153,"timestamp":"2026-05-05T18:33:32.054Z"}
{"level":"info","message":"⌛ Validating testMensajeros.wtest","timeElapsed":202,"timestamp":"2026-05-05T18:33:32.345Z"}
{"level":"info","message":"⌛ Building environment","timeElapsed":105,"timestamp":"2026-05-05T18:33:32.450Z"}
{"level":"info","message":"⌛ Validating testMensajeros.wtest","timeElapsed":121,"timestamp":"2026-05-05T18:33:32.578Z"}
{"level":"info","message":"⌛ Building environment","timeElapsed":119,"timestamp":"2026-05-05T18:33:32.749Z"}
{"level":"info","message":"⌛ Validating testMensajeros.wtest","timeElapsed":109,"timestamp":"2026-05-05T18:33:32.859Z"}
{"level":"info","message":"⌛ Validating testMensajeros.wtest","timeElapsed":108,"timestamp":"2026-05-05T18:33:32.973Z"}
{"level":"info","message":"⌛ Validating testMensajeros.wtest","timeElapsed":104,"timestamp":"2026-05-05T18:33:33.171Z"}
{"level":"info","message":"⌛ Validating testMensajeros.wtest","timeElapsed":105,"timestamp":"2026-05-05T18:33:33.518Z"}
{"level":"info","message":"⌛ Building environment","timeElapsed":103,"timestamp":"2026-05-05T18:33:33.651Z"}
{"level":"info","message":"⌛ Validating testMensajeros.wtest","timeElapsed":126,"timestamp":"2026-05-05T18:33:33.868Z"}
{"level":"info","message":"⌛ Validating testMensajeros.wtest","timeElapsed":111,"timestamp":"2026-05-05T18:33:33.979Z"}
{"level":"info","message":"⌛ Validating testMensajeros.wtest","timeElapsed":129,"timestamp":"2026-05-05T18:33:34.402Z"}
{"level":"info","message":"⌛ Validating testMensajeros.wtest","timeElapsed":126,"timestamp":"2026-05-05T18:33:34.528Z"}
{"level":"info","message":"⌛ Validating testMensajeros.wtest","timeElapsed":107,"timestamp":"2026-05-05T18:33:34.640Z"}
{"level":"info","message":"⌛ Validating testMensajeros.wtest","timeElapsed":107,"timestamp":"2026-05-05T18:33:34.963Z"}
{"level":"info","message":"⌛ Validating testMensajeros.wtest","timeElapsed":117,"timestamp":"2026-05-05T18:33:35.298Z"}
{"level":"info","message":"⌛ Building environment","timeElapsed":144,"timestamp":"2026-05-05T18:33:35.445Z"}
{"level":"info","message":"⌛ Validating testMensajeros.wtest","timeElapsed":109,"timestamp":"2026-05-05T18:33:35.555Z"}
{"level":"info","message":"⌛ Validating testMensajeros.wtest","timeElapsed":106,"timestamp":"2026-05-05T18:33:35.904Z"}
{"level":"info","message":"⌛ Validating testMensajeros.wtest","timeElapsed":103,"timestamp":"2026-05-05T18:33:36.554Z"}
{"level":"info","message":"⌛ Validating testMensajeros.wtest","timeElapsed":142,"timestamp":"2026-05-05T18:33:36.816Z"}
{"level":"info","message":"⌛ Validating testMensajeros.wtest","timeElapsed":104,"timestamp":"2026-05-05T18:33:37.496Z"}
{"level":"info","message":"⌛ Validating testMensajeros.wtest","timeElapsed":116,"timestamp":"2026-05-05T18:33:38.899Z"}
{"level":"info","message":"⌛ Validating testMensajeros.wtest","timeElapsed":129,"timestamp":"2026-05-05T18:33:39.117Z"}
{"level":"info","message":"🧪 Test runner executed on c:\\Users\\E495\\Desktop\\UNaHur\\Programación con objetos I\\mensajerosDePelicula-pinkiemorie","result":{"errored":0,"failed":0,"ok":3},"testsFailed":[],"timeElapsed":607,"timestamp":"2026-05-05T18:33:45.822Z"}
{"level":"info","message":"⌛ Validating testMensajeros.wtest","timeElapsed":101,"timestamp":"2026-05-05T18:33:53.583Z"}
{"level":"info","message":"⌛ Validating testMensajeros.wtest","timeElapsed":105,"timestamp":"2026-05-05T18:33:53.912Z"}
{"level":"info","message":"⌛ Validating testMensajeros.wtest","timeElapsed":131,"timestamp":"2026-05-05T18:34:10.538Z"}
{"level":"info","message":"⌛ Validating testMensajeros.wtest","timeElapsed":110,"timestamp":"2026-05-05T18:34:18.105Z"}
{"level":"info","message":"⌛ Building environment","timeElapsed":107,"timestamp":"2026-05-05T18:34:18.314Z"}
{"level":"info","message":"⌛ Validating testMensajeros.wtest","timeElapsed":130,"timestamp":"2026-05-05T18:34:18.481Z"}
{"level":"info","message":"⌛ Building environment","timeElapsed":138,"timestamp":"2026-05-05T18:34:18.624Z"}
{"level":"info","message":"⌛ Validating testMensajeros.wtest","timeElapsed":109,"timestamp":"2026-05-05T18:34:18.734Z"}
{"level":"info","message":"⌛ Validating testMensajeros.wtest","timeElapsed":119,"timestamp":"2026-05-05T18:34:19.062Z"}
{"level":"info","message":"⌛ Validating testMensajeros.wtest","timeElapsed":117,"timestamp":"2026-05-05T18:34:19.272Z"}
{"level":"info","message":"⌛ Validating testMensajeros.wtest","timeElapsed":106,"timestamp":"2026-05-05T18:34:19.404Z"}
{"level":"info","message":"⌛ Building environment","timeElapsed":103,"timestamp":"2026-05-05T18:34:19.508Z"}
{"level":"info","message":"⌛ Building environment","timeElapsed":115,"timestamp":"2026-05-05T18:34:19.862Z"}
{"level":"info","message":"⌛ Validating testMensajeros.wtest","timeElapsed":107,"timestamp":"2026-05-05T18:34:19.969Z"}
{"level":"info","message":"⌛ Building environment","timeElapsed":130,"timestamp":"2026-05-05T18:34:20.100Z"}
{"level":"info","message":"⌛ Validating testMensajeros.wtest","timeElapsed":140,"timestamp":"2026-05-05T18:34:20.325Z"}
{"level":"info","message":"⌛ Validating testMensajeros.wtest","timeElapsed":122,"timestamp":"2026-05-05T18:34:20.579Z"}
{"level":"info","message":"⌛ Validating testMensajeros.wtest","timeElapsed":144,"timestamp":"2026-05-05T18:34:20.798Z"}
{"level":"info","message":"⌛ Validating testMensajeros.wtest","timeElapsed":123,"timestamp":"2026-05-05T18:34:20.923Z"}
{"level":"info","message":"⌛ Building environment","timeElapsed":101,"timestamp":"2026-05-05T18:34:21.024Z"}
{"level":"info","message":"⌛ Building environment","timeElapsed":172,"timestamp":"2026-05-05T18:34:21.382Z"}
{"level":"info","message":"⌛ Validating testMensajeros.wtest","timeElapsed":109,"timestamp":"2026-05-05T18:34:21.492Z"}
{"level":"info","message":"⌛ Validating testMensajeros.wtest","timeElapsed":113,"timestamp":"2026-05-05T18:34:21.880Z"}
{"level":"info","message":"⌛ Validating testMensajeros.wtest","timeElapsed":111,"timestamp":"2026-05-05T18:34:22.184Z"}
{"level":"info","message":"⌛ Validating testMensajeros.wtest","timeElapsed":133,"timestamp":"2026-05-05T18:34:22.709Z"}
{"level":"info","message":"⌛ Validating testMensajeros.wtest","timeElapsed":109,"timestamp":"2026-05-05T18:34:34.188Z"}
{"level":"info","message":"⌛ Validating testMensajeros.wtest","timeElapsed":114,"timestamp":"2026-05-05T18:34:36.079Z"}
{"level":"info","message":"⌛ Validating testMensajeros.wtest","timeElapsed":102,"timestamp":"2026-05-05T18:34:36.271Z"}
{"level":"info","message":"⌛ Validating testMensajeros.wtest","timeElapsed":108,"timestamp":"2026-05-05T18:34:36.658Z"}
{"level":"info","message":"⌛ Validating testMensajeros.wtest","timeElapsed":132,"timestamp":"2026-05-05T18:34:36.885Z"}
{"level":"info","message":"⌛ Building environment","timeElapsed":278,"timestamp":"2026-05-05T18:34:37.480Z"}
{"level":"info","message":"⌛ Building environment","timeElapsed":154,"timestamp":"2026-05-05T18:34:37.645Z"}
{"level":"info","message":"⌛ Building environment","timeElapsed":136,"timestamp":"2026-05-05T18:34:37.782Z"}
{"level":"info","message":"⌛ Building environment","timeElapsed":157,"timestamp":"2026-05-05T18:34:37.939Z"}
{"level":"info","message":"⌛ Building environment","timeElapsed":124,"timestamp":"2026-05-05T18:34:38.063Z"}
{"level":"info","message":"⌛ Building environment","timeElapsed":115,"timestamp":"2026-05-05T18:34:38.268Z"}
{"level":"info","message":"⌛ Building environment","timeElapsed":190,"timestamp":"2026-05-05T18:34:38.462Z"}
{"level":"info","message":"⌛ Building environment","timeElapsed":122,"timestamp":"2026-05-05T18:34:38.584Z"}
{"level":"info","message":"⌛ Validating testMensajeros.wtest","timeElapsed":146,"timestamp":"2026-05-05T18:34:38.731Z"}
{"level":"info","message":"⌛ Building environment","timeElapsed":102,"timestamp":"2026-05-05T18:34:39.106Z"}
{"level":"info","message":"⌛ Building environment","timeElapsed":103,"timestamp":"2026-05-05T18:34:39.210Z"}
{"level":"info","message":"⌛ Validating testMensajeros.wtest","timeElapsed":117,"timestamp":"2026-05-05T18:34:39.327Z"}
{"level":"info","message":"⌛ Building environment","timeElapsed":183,"timestamp":"2026-05-05T18:34:39.512Z"}
{"level":"info","message":"⌛ Validating testMensajeros.wtest","timeElapsed":130,"timestamp":"2026-05-05T18:34:39.915Z"}
{"level":"info","message":"⌛ Validating testMensajeros.wtest","timeElapsed":111,"timestamp":"2026-05-05T18:34:40.365Z"}
{"level":"info","message":"⌛ Building environment","timeElapsed":172,"timestamp":"2026-05-05T18:34:40.538Z"}
{"level":"info","message":"⌛ Validating testMensajeros.wtest","timeElapsed":130,"timestamp":"2026-05-05T18:34:40.668Z"}
{"level":"info","message":"⌛ Validating testMensajeros.wtest","timeElapsed":107,"timestamp":"2026-05-05T18:34:40.776Z"}
{"level":"info","message":"⌛ Building environment","timeElapsed":166,"timestamp":"2026-05-05T18:34:40.941Z"}
{"level":"info","message":"⌛ Validating testMensajeros.wtest","timeElapsed":130,"timestamp":"2026-05-05T18:34:41.081Z"}
{"level":"info","message":"⌛ Validating testMensajeros.wtest","timeElapsed":106,"timestamp":"2026-05-05T18:34:41.264Z"}
{"level":"info","message":"⌛ Validating testMensajeros.wtest","timeElapsed":116,"timestamp":"2026-05-05T18:34:41.480Z"}
{"level":"info","message":"⌛ Validating testMensajeros.wtest","timeElapsed":112,"timestamp":"2026-05-05T18:34:41.687Z"}
{"level":"info","message":"⌛ Validating testMensajeros.wtest","timeElapsed":108,"timestamp":"2026-05-05T18:34:41.987Z"}
{"level":"info","message":"⌛ Validating testMensajeros.wtest","timeElapsed":122,"timestamp":"2026-05-05T18:34:42.238Z"}
{"level":"info","message":"⌛ Validating testMensajeros.wtest","timeElapsed":141,"timestamp":"2026-05-05T18:34:42.382Z"}
{"level":"info","message":"⌛ Building environment","timeElapsed":129,"timestamp":"2026-05-05T18:34:42.513Z"}
{"level":"info","message":"⌛ Validating testMensajeros.wtest","timeElapsed":105,"timestamp":"2026-05-05T18:34:42.619Z"}
{"level":"info","message":"⌛ Validating testMensajeros.wtest","timeElapsed":112,"timestamp":"2026-05-05T18:34:42.730Z"}
{"level":"info","message":"⌛ Building environment","timeElapsed":136,"timestamp":"2026-05-05T18:34:42.867Z"}
{"level":"info","message":"⌛ Validating testMensajeros.wtest","timeElapsed":109,"timestamp":"2026-05-05T18:34:43.183Z"}
{"level":"info","message":"⌛ Validating testMensajeros.wtest","timeElapsed":164,"timestamp":"2026-05-05T18:34:43.349Z"}
{"level":"info","message":"⌛ Building environment","timeElapsed":128,"timestamp":"2026-05-05T18:34:43.484Z"}
{"level":"info","message":"⌛ Validating testMensajeros.wtest","timeElapsed":115,"timestamp":"2026-05-05T18:34:43.600Z"}
{"level":"info","message":"⌛ Validating testMensajeros.wtest","timeElapsed":115,"timestamp":"2026-05-05T18:34:44.065Z"}
{"level":"info","message":"⌛ Validating testMensajeros.wtest","timeElapsed":102,"timestamp":"2026-05-05T18:34:44.172Z"}
{"level":"info","message":"⌛ Validating testMensajeros.wtest","timeElapsed":110,"timestamp":"2026-05-05T18:34:44.636Z"}
{"level":"info","message":"⌛ Validating testMensajeros.wtest","timeElapsed":105,"timestamp":"2026-05-05T18:34:44.945Z"}
{"level":"info","message":"⌛ Validating testMensajeros.wtest","timeElapsed":115,"timestamp":"2026-05-05T18:34:45.316Z"}
{"level":"info","message":"⌛ Building environment","timeElapsed":131,"timestamp":"2026-05-05T18:34:45.627Z"}
{"level":"info","message":"⌛ Validating testMensajeros.wtest","timeElapsed":118,"timestamp":"2026-05-05T18:34:45.746Z"}
{"level":"info","message":"⌛ Building environment","timeElapsed":114,"timestamp":"2026-05-05T18:34:45.944Z"}
{"level":"info","message":"⌛ Validating testMensajeros.wtest","timeElapsed":106,"timestamp":"2026-05-05T18:34:46.050Z"}
{"level":"info","message":"⌛ Validating testMensajeros.wtest","timeElapsed":101,"timestamp":"2026-05-05T18:34:46.339Z"}
{"level":"info","message":"⌛ Building environment","timeElapsed":182,"timestamp":"2026-05-05T18:34:46.979Z"}
{"level":"info","message":"⌛ Building environment","timeElapsed":191,"timestamp":"2026-05-05T18:34:47.270Z"}
{"level":"info","message":"⌛ Validating testMensajeros.wtest","timeElapsed":110,"timestamp":"2026-05-05T18:34:47.379Z"}
{"level":"info","message":"⌛ Building environment","timeElapsed":283,"timestamp":"2026-05-05T18:34:48.273Z"}
{"level":"info","message":"⌛ Validating testMensajeros.wtest","timeElapsed":114,"timestamp":"2026-05-05T18:34:48.387Z"}
{"level":"info","message":"⌛ Validating testMensajeros.wtest","timeElapsed":103,"timestamp":"2026-05-05T18:34:48.672Z"}
{"level":"info","message":"⌛ Validating testMensajeros.wtest","timeElapsed":108,"timestamp":"2026-05-05T18:34:48.872Z"}
{"level":"info","message":"⌛ Building environment","timeElapsed":152,"timestamp":"2026-05-05T18:34:49.025Z"}
{"level":"info","message":"⌛ Validating testMensajeros.wtest","timeElapsed":116,"timestamp":"2026-05-05T18:34:49.141Z"}
{"level":"info","message":"⌛ Building environment","timeElapsed":108,"timestamp":"2026-05-05T18:34:49.249Z"}
{"level":"info","message":"⌛ Validating testMensajeros.wtest","timeElapsed":103,"timestamp":"2026-05-05T18:34:49.448Z"}
{"level":"info","message":"⌛ Validating testMensajeros.wtest","timeElapsed":110,"timestamp":"2026-05-05T18:34:50.033Z"}
{"level":"info","message":"⌛ Validating testMensajeros.wtest","timeElapsed":105,"timestamp":"2026-05-05T18:34:50.796Z"}
{"level":"info","message":"⌛ Validating testMensajeros.wtest","timeElapsed":128,"timestamp":"2026-05-05T18:34:51.096Z"}
{"level":"info","message":"⌛ Validating testMensajeros.wtest","timeElapsed":102,"timestamp":"2026-05-05T18:34:51.374Z"}
{"level":"info","message":"⌛ Validating testMensajeros.wtest","timeElapsed":106,"timestamp":"2026-05-05T18:34:52.306Z"}
{"level":"info","message":"⌛ Validating testMensajeros.wtest","timeElapsed":108,"timestamp":"2026-05-05T18:34:52.595Z"}
{"level":"info","message":"⌛ Validating testMensajeros.wtest","timeElapsed":101,"timestamp":"2026-05-05T18:34:52.776Z"}
{"level":"info","message":"⌛ Building environment","timeElapsed":167,"timestamp":"2026-05-05T18:34:53.141Z"}
{"level":"info","message":"⌛ Validating testMensajeros.wtest","timeElapsed":112,"timestamp":"2026-05-05T18:34:53.260Z"}
{"level":"info","message":"⌛ Building environment","timeElapsed":113,"timestamp":"2026-05-05T18:34:53.758Z"}
{"level":"info","message":"⌛ Validating testMensajeros.wtest","timeElapsed":112,"timestamp":"2026-05-05T18:34:54.239Z"}
{"level":"info","message":"⌛ Validating testMensajeros.wtest","timeElapsed":114,"timestamp":"2026-05-05T18:34:54.353Z"}
{"level":"info","message":"⌛ Building environment","timeElapsed":119,"timestamp":"2026-05-05T18:34:54.479Z"}
{"level":"info","message":"⌛ Validating testMensajeros.wtest","timeElapsed":102,"timestamp":"2026-05-05T18:34:54.582Z"}
{"level":"info","message":"⌛ Validating testMensajeros.wtest","timeElapsed":103,"timestamp":"2026-05-05T18:34:54.685Z"}
{"level":"info","message":"⌛ Validating testMensajeros.wtest","timeElapsed":191,"timestamp":"2026-05-05T18:34:54.881Z"}
{"level":"info","message":"⌛ Building environment","timeElapsed":166,"timestamp":"2026-05-05T18:34:55.048Z"}
{"level":"info","message":"⌛ Validating testMensajeros.wtest","timeElapsed":110,"timestamp":"2026-05-05T18:34:55.158Z"}
{"level":"info","message":"⌛ Validating testMensajeros.wtest","timeElapsed":120,"timestamp":"2026-05-05T18:34:55.443Z"}
{"level":"info","message":"⌛ Validating testMensajeros.wtest","timeElapsed":104,"timestamp":"2026-05-05T18:34:55.624Z"}
{"level":"info","message":"⌛ Validating testMensajeros.wtest","timeElapsed":108,"timestamp":"2026-05-05T18:34:55.969Z"}
{"level":"info","message":"⌛ Validating testMensajeros.wtest","timeElapsed":107,"timestamp":"2026-05-05T18:34:56.158Z"}
{"level":"info","message":"⌛ Building environment","timeElapsed":204,"timestamp":"2026-05-05T18:34:57.041Z"}
{"level":"info","message":"⌛ Building environment","timeElapsed":115,"timestamp":"2026-05-05T18:34:57.157Z"}
{"level":"info","message":"⌛ Validating testMensajeros.wtest","timeElapsed":101,"timestamp":"2026-05-05T18:34:57.711Z"}
{"level":"info","message":"⌛ Validating testMensajeros.wtest","timeElapsed":108,"timestamp":"2026-05-05T18:34:57.904Z"}
{"level":"info","message":"⌛ Validating testMensajeros.wtest","timeElapsed":111,"timestamp":"2026-05-05T18:34:58.097Z"}
{"level":"info","message":"⌛ Validating testMensajeros.wtest","timeElapsed":110,"timestamp":"2026-05-05T18:34:58.365Z"}
{"level":"info","message":"⌛ Validating testMensajeros.wtest","timeElapsed":107,"timestamp":"2026-05-05T18:34:58.745Z"}
{"level":"info","message":"⌛ Validating testMensajeros.wtest","timeElapsed":222,"timestamp":"2026-05-05T18:34:59.048Z"}
{"level":"info","message":"⌛ Validating testMensajeros.wtest","timeElapsed":101,"timestamp":"2026-05-05T18:34:59.314Z"}
{"level":"info","message":"⌛ Validating testMensajeros.wtest","timeElapsed":115,"timestamp":"2026-05-05T18:35:00.056Z"}
{"level":"info","message":"⌛ Validating testMensajeros.wtest","timeElapsed":101,"timestamp":"2026-05-05T18:35:00.417Z"}
{"level":"info","message":"⌛ Building environment","timeElapsed":366,"timestamp":"2026-05-05T18:35:00.784Z"}
{"level":"info","message":"⌛ Validating testMensajeros.wtest","timeElapsed":102,"timestamp":"2026-05-05T18:35:01.319Z"}
{"level":"info","message":"⌛ Building environment","timeElapsed":203,"timestamp":"2026-05-05T18:35:01.696Z"}
{"level":"info","message":"⌛ Validating testMensajeros.wtest","timeElapsed":111,"timestamp":"2026-05-05T18:35:01.814Z"}
{"level":"info","message":"⌛ Validating testMensajeros.wtest","timeElapsed":101,"timestamp":"2026-05-05T18:35:02.281Z"}
{"level":"info","message":"⌛ Validating testMensajeros.wtest","timeElapsed":101,"timestamp":"2026-05-05T18:35:02.723Z"}
{"level":"info","message":"⌛ Validating testMensajeros.wtest","timeElapsed":112,"timestamp":"2026-05-05T18:35:03.303Z"}
{"level":"info","message":"⌛ Validating testMensajeros.wtest","timeElapsed":105,"timestamp":"2026-05-05T18:35:03.545Z"}
{"level":"info","message":"⌛ Validating testMensajeros.wtest","timeElapsed":103,"timestamp":"2026-05-05T18:35:04.029Z"}
{"level":"info","message":"⌛ Validating testMensajeros.wtest","timeElapsed":103,"timestamp":"2026-05-05T18:35:04.133Z"}
{"level":"info","message":"⌛ Validating testMensajeros.wtest","timeElapsed":153,"timestamp":"2026-05-05T18:35:04.574Z"}
{"level":"info","message":"⌛ Building environment","timeElapsed":127,"timestamp":"2026-05-05T18:35:14.767Z"}
{"level":"info","message":"⌛ Validating testMensajeros.wtest","timeElapsed":101,"timestamp":"2026-05-05T18:35:14.933Z"}
{"level":"error","message":"✘ Completions for node Send ([35:9, 35:70] - testMensajeros.wtest) failed: Error: [Send]{ee6ee7} at testMensajeros.wtest:35 exhausted all cases without a match [Send]{ee6ee7} at testMensajeros.wtest:35 exhausted all cases without a match","stack":"Error: [Send]{ee6ee7} at testMensajeros.wtest:35 exhausted all cases without a match\n    at c:\\Users\\E495\\.vscode\\extensions\\uqbar.wollok-lsp-ide-0.5.4\\out\\server\\src\\server.js:38:6142\n    at L2 (c:\\Users\\E495\\.vscode\\extensions\\uqbar.wollok-lsp-ide-0.5.4\\out\\server\\src\\server.js:2389:42)\n    at c:\\Users\\E495\\.vscode\\extensions\\uqbar.wollok-lsp-ide-0.5.4\\out\\server\\src\\server.js:2389:2988\n    at c:\\Users\\E495\\.vscode\\extensions\\uqbar.wollok-lsp-ide-0.5.4\\out\\server\\src\\server.js:2398:8440\n    at c:\\Users\\E495\\.vscode\\extensions\\uqbar.wollok-lsp-ide-0.5.4\\out\\server\\src\\server.js:37:74872\n    at Ke (c:\\Users\\E495\\.vscode\\extensions\\uqbar.wollok-lsp-ide-0.5.4\\out\\server\\src\\server.js:7:8527)\n    at Lt (c:\\Users\\E495\\.vscode\\extensions\\uqbar.wollok-lsp-ide-0.5.4\\out\\server\\src\\server.js:7:6189)\n    at ct (c:\\Users\\E495\\.vscode\\extensions\\uqbar.wollok-lsp-ide-0.5.4\\out\\server\\src\\server.js:7:6378)\n    at Immediate._onImmediate (c:\\Users\\E495\\.vscode\\extensions\\uqbar.wollok-lsp-ide-0.5.4\\out\\server\\src\\server.js:7:6142)\n    at process.processImmediate (node:internal/timers:484:21)","timestamp":"2026-05-05T18:35:23.111Z"}
{"level":"info","message":"⌛ Validating testMensajeros.wtest","timeElapsed":103,"timestamp":"2026-05-05T18:35:23.224Z"}
{"level":"info","message":"⌛ Validating testMensajeros.wtest","timeElapsed":108,"timestamp":"2026-05-05T18:35:23.416Z"}
{"level":"info","message":"⌛ Validating testMensajeros.wtest","timeElapsed":109,"timestamp":"2026-05-05T18:35:23.621Z"}
{"level":"info","message":"⌛ Building environment","timeElapsed":120,"timestamp":"2026-05-05T18:35:24.026Z"}
{"level":"info","message":"⌛ Validating testMensajeros.wtest","timeElapsed":113,"timestamp":"2026-05-05T18:35:24.140Z"}
{"level":"info","message":"🧪 Test runner executed on c:\\Users\\E495\\Desktop\\UNaHur\\Programación con objetos I\\mensajerosDePelicula-pinkiemorie","result":{"errored":0,"failed":0,"ok":1},"testsFailed":[],"timeElapsed":598,"timestamp":"2026-05-05T18:35:29.653Z"}
{"level":"info","message":"⌛ Building environment","timeElapsed":106,"timestamp":"2026-05-05T18:35:43.252Z"}
{"level":"info","message":"⌛ Validating testMensajeros.wtest","timeElapsed":117,"timestamp":"2026-05-05T18:35:43.370Z"}
{"level":"info","message":"⌛ Validating testMensajeros.wtest","timeElapsed":107,"timestamp":"2026-05-05T18:35:43.570Z"}
{"level":"info","message":"⌛ Validating testMensajeros.wtest","timeElapsed":105,"timestamp":"2026-05-05T18:35:43.781Z"}
{"level":"info","message":"⌛ Validating testMensajeros.wtest","timeElapsed":102,"timestamp":"2026-05-05T18:35:57.063Z"}
{"level":"info","message":"⌛ Validating testMensajeros.wtest","timeElapsed":104,"timestamp":"2026-05-05T18:35:57.777Z"}
{"level":"info","message":"⌛ Validating testMensajeros.wtest","timeElapsed":117,"timestamp":"2026-05-05T18:35:58.491Z"}
{"level":"info","message":"⌛ Validating testMensajeros.wtest","timeElapsed":107,"timestamp":"2026-05-05T18:35:58.943Z"}
{"level":"info","message":"⌛ Validating testMensajeros.wtest","timeElapsed":112,"timestamp":"2026-05-05T18:35:59.281Z"}
{"level":"info","message":"⌛ Building environment","timeElapsed":110,"timestamp":"2026-05-05T18:35:59.809Z"}
{"level":"info","message":"⌛ Validating testMensajeros.wtest","timeElapsed":112,"timestamp":"2026-05-05T18:35:59.953Z"}
{"level":"info","message":"⌛ Building environment","timeElapsed":103,"timestamp":"2026-05-05T18:36:00.056Z"}
{"level":"info","message":"⌛ Validating testMensajeros.wtest","timeElapsed":104,"timestamp":"2026-05-05T18:36:00.287Z"}
{"level":"info","message":"⌛ Validating testMensajeros.wtest","timeElapsed":123,"timestamp":"2026-05-05T18:36:00.502Z"}
{"level":"info","message":"⌛ Validating testMensajeros.wtest","timeElapsed":112,"timestamp":"2026-05-05T18:36:00.740Z"}
{"level":"info","message":"⌛ Building environment","timeElapsed":105,"timestamp":"2026-05-05T18:36:00.922Z"}
{"level":"info","message":"⌛ Validating testMensajeros.wtest","timeElapsed":125,"timestamp":"2026-05-05T18:36:01.049Z"}
{"level":"info","message":"⌛ Validating testMensajeros.wtest","timeElapsed":108,"timestamp":"2026-05-05T18:36:01.209Z"}
{"level":"info","message":"⌛ Validating testMensajeros.wtest","timeElapsed":109,"timestamp":"2026-05-05T18:36:01.320Z"}
{"level":"info","message":"⌛ Validating testMensajeros.wtest","timeElapsed":106,"timestamp":"2026-05-05T18:36:01.618Z"}
{"level":"info","message":"⌛ Validating testMensajeros.wtest","timeElapsed":117,"timestamp":"2026-05-05T18:36:01.858Z"}
{"level":"info","message":"⌛ Building environment","timeElapsed":140,"timestamp":"2026-05-05T18:36:02.172Z"}
{"level":"info","message":"⌛ Validating testMensajeros.wtest","timeElapsed":109,"timestamp":"2026-05-05T18:36:02.364Z"}
{"level":"info","message":"⌛ Building environment","timeElapsed":124,"timestamp":"2026-05-05T18:36:02.488Z"}
{"level":"info","message":"⌛ Validating testMensajeros.wtest","timeElapsed":108,"timestamp":"2026-05-05T18:36:02.602Z"}
{"level":"info","message":"⌛ Validating testMensajeros.wtest","timeElapsed":103,"timestamp":"2026-05-05T18:36:02.961Z"}
{"level":"info","message":"⌛ Validating testMensajeros.wtest","timeElapsed":110,"timestamp":"2026-05-05T18:36:03.351Z"}
{"level":"info","message":"⌛ Validating testMensajeros.wtest","timeElapsed":104,"timestamp":"2026-05-05T18:36:03.495Z"}
{"level":"info","message":"⌛ Validating testMensajeros.wtest","timeElapsed":103,"timestamp":"2026-05-05T18:36:03.992Z"}
{"level":"info","message":"⌛ Building environment","timeElapsed":127,"timestamp":"2026-05-05T18:36:04.215Z"}
{"level":"info","message":"⌛ Validating testMensajeros.wtest","timeElapsed":114,"timestamp":"2026-05-05T18:36:04.334Z"}
{"level":"info","message":"⌛ Building environment","timeElapsed":165,"timestamp":"2026-05-05T18:36:04.500Z"}
{"level":"info","message":"⌛ Validating testMensajeros.wtest","timeElapsed":103,"timestamp":"2026-05-05T18:36:04.741Z"}
{"level":"info","message":"⌛ Building environment","timeElapsed":134,"timestamp":"2026-05-05T18:36:05.139Z"}
{"level":"info","message":"⌛ Validating testMensajeros.wtest","timeElapsed":108,"timestamp":"2026-05-05T18:36:05.248Z"}
{"level":"info","message":"⌛ Validating testMensajeros.wtest","timeElapsed":104,"timestamp":"2026-05-05T18:36:05.443Z"}
{"level":"info","message":"⌛ Building environment","timeElapsed":114,"timestamp":"2026-05-05T18:36:05.560Z"}
{"level":"info","message":"⌛ Validating testMensajeros.wtest","timeElapsed":114,"timestamp":"2026-05-05T18:36:05.675Z"}
{"level":"info","message":"⌛ Validating testMensajeros.wtest","timeElapsed":112,"timestamp":"2026-05-05T18:36:05.887Z"}
{"level":"info","message":"⌛ Building environment","timeElapsed":106,"timestamp":"2026-05-05T18:36:06.309Z"}
{"level":"info","message":"⌛ Validating testMensajeros.wtest","timeElapsed":108,"timestamp":"2026-05-05T18:36:06.681Z"}
{"level":"info","message":"⌛ Validating testMensajeros.wtest","timeElapsed":103,"timestamp":"2026-05-05T18:36:07.069Z"}
{"level":"error","message":"✘ Completions for node Send ([40:8, 40:26] - testMensajeros.wtest) failed: Error: [Send]{6499fc} at testMensajeros.wtest:40 exhausted all cases without a match [Send]{6499fc} at testMensajeros.wtest:40 exhausted all cases without a match","stack":"Error: [Send]{6499fc} at testMensajeros.wtest:40 exhausted all cases without a match\n    at c:\\Users\\E495\\.vscode\\extensions\\uqbar.wollok-lsp-ide-0.5.4\\out\\server\\src\\server.js:38:6142\n    at L2 (c:\\Users\\E495\\.vscode\\extensions\\uqbar.wollok-lsp-ide-0.5.4\\out\\server\\src\\server.js:2389:42)\n    at Jh (c:\\Users\\E495\\.vscode\\extensions\\uqbar.wollok-lsp-ide-0.5.4\\out\\server\\src\\server.js:2389:1092)\n    at M5n (c:\\Users\\E495\\.vscode\\extensions\\uqbar.wollok-lsp-ide-0.5.4\\out\\server\\src\\server.js:2389:1248)\n    at c:\\Users\\E495\\.vscode\\extensions\\uqbar.wollok-lsp-ide-0.5.4\\out\\server\\src\\server.js:38:6131\n    at L2 (c:\\Users\\E495\\.vscode\\extensions\\uqbar.wollok-lsp-ide-0.5.4\\out\\server\\src\\server.js:2389:42)\n    at c:\\Users\\E495\\.vscode\\extensions\\uqbar.wollok-lsp-ide-0.5.4\\out\\server\\src\\server.js:2389:2988\n    at c:\\Users\\E495\\.vscode\\extensions\\uqbar.wollok-lsp-ide-0.5.4\\out\\server\\src\\server.js:2398:8440\n    at c:\\Users\\E495\\.vscode\\extensions\\uqbar.wollok-lsp-ide-0.5.4\\out\\server\\src\\server.js:37:74872\n    at Ke (c:\\Users\\E495\\.vscode\\extensions\\uqbar.wollok-lsp-ide-0.5.4\\out\\server\\src\\server.js:7:8527)","timestamp":"2026-05-05T18:36:14.070Z"}
{"level":"info","message":"⌛ Validating testMensajeros.wtest","timeElapsed":110,"timestamp":"2026-05-05T18:36:14.185Z"}
{"level":"info","message":"⌛ Validating testMensajeros.wtest","timeElapsed":103,"timestamp":"2026-05-05T18:36:14.477Z"}
{"level":"error","message":"✘ Completions for node Send ([40:8, 40:26] - testMensajeros.wtest) failed: Error: [Send]{be53b3} at testMensajeros.wtest:40 exhausted all cases without a match [Send]{be53b3} at testMensajeros.wtest:40 exhausted all cases without a match","stack":"Error: [Send]{be53b3} at testMensajeros.wtest:40 exhausted all cases without a match\n    at c:\\Users\\E495\\.vscode\\extensions\\uqbar.wollok-lsp-ide-0.5.4\\out\\server\\src\\server.js:38:6142\n    at L2 (c:\\Users\\E495\\.vscode\\extensions\\uqbar.wollok-lsp-ide-0.5.4\\out\\server\\src\\server.js:2389:42)\n    at Jh (c:\\Users\\E495\\.vscode\\extensions\\uqbar.wollok-lsp-ide-0.5.4\\out\\server\\src\\server.js:2389:1092)\n    at M5n (c:\\Users\\E495\\.vscode\\extensions\\uqbar.wollok-lsp-ide-0.5.4\\out\\server\\src\\server.js:2389:1248)\n    at c:\\Users\\E495\\.vscode\\extensions\\uqbar.wollok-lsp-ide-0.5.4\\out\\server\\src\\server.js:38:6131\n    at L2 (c:\\Users\\E495\\.vscode\\extensions\\uqbar.wollok-lsp-ide-0.5.4\\out\\server\\src\\server.js:2389:42)\n    at c:\\Users\\E495\\.vscode\\extensions\\uqbar.wollok-lsp-ide-0.5.4\\out\\server\\src\\server.js:2389:2988\n    at c:\\Users\\E495\\.vscode\\extensions\\uqbar.wollok-lsp-ide-0.5.4\\out\\server\\src\\server.js:2398:8440\n    at c:\\Users\\E495\\.vscode\\extensions\\uqbar.wollok-lsp-ide-0.5.4\\out\\server\\src\\server.js:37:74872\n    at Ke (c:\\Users\\E495\\.vscode\\extensions\\uqbar.wollok-lsp-ide-0.5.4\\out\\server\\src\\server.js:7:8527)","timestamp":"2026-05-05T18:36:14.512Z"}
{"level":"info","message":"⌛ Validating testMensajeros.wtest","timeElapsed":101,"timestamp":"2026-05-05T18:36:14.617Z"}
{"level":"info","message":"⌛ Validating testMensajeros.wtest","timeElapsed":109,"timestamp":"2026-05-05T18:36:14.890Z"}
{"level":"info","message":"⌛ Building environment","timeElapsed":150,"timestamp":"2026-05-05T18:36:15.040Z"}
{"level":"error","message":"✘ Completions for node Send ([40:8, 40:29] - testMensajeros.wtest) failed: Error: [Send]{23d0af} at testMensajeros.wtest:40 exhausted all cases without a match [Send]{23d0af} at testMensajeros.wtest:40 exhausted all cases without a match","stack":"Error: [Send]{23d0af} at testMensajeros.wtest:40 exhausted all cases without a match\n    at c:\\Users\\E495\\.vscode\\extensions\\uqbar.wollok-lsp-ide-0.5.4\\out\\server\\src\\server.js:38:6142\n    at L2 (c:\\Users\\E495\\.vscode\\extensions\\uqbar.wollok-lsp-ide-0.5.4\\out\\server\\src\\server.js:2389:42)\n    at Jh (c:\\Users\\E495\\.vscode\\extensions\\uqbar.wollok-lsp-ide-0.5.4\\out\\server\\src\\server.js:2389:1092)\n    at M5n (c:\\Users\\E495\\.vscode\\extensions\\uqbar.wollok-lsp-ide-0.5.4\\out\\server\\src\\server.js:2389:1248)\n    at c:\\Users\\E495\\.vscode\\extensions\\uqbar.wollok-lsp-ide-0.5.4\\out\\server\\src\\server.js:38:6131\n    at L2 (c:\\Users\\E495\\.vscode\\extensions\\uqbar.wollok-lsp-ide-0.5.4\\out\\server\\src\\server.js:2389:42)\n    at c:\\Users\\E495\\.vscode\\extensions\\uqbar.wollok-lsp-ide-0.5.4\\out\\server\\src\\server.js:2389:2988\n    at c:\\Users\\E495\\.vscode\\extensions\\uqbar.wollok-lsp-ide-0.5.4\\out\\server\\src\\server.js:2398:8440\n    at c:\\Users\\E495\\.vscode\\extensions\\uqbar.wollok-lsp-ide-0.5.4\\out\\server\\src\\server.js:37:74872\n    at Ke (c:\\Users\\E495\\.vscode\\extensions\\uqbar.wollok-lsp-ide-0.5.4\\out\\server\\src\\server.js:7:8527)","timestamp":"2026-05-05T18:36:15.072Z"}
{"level":"info","message":"⌛ Validating testMensajeros.wtest","timeElapsed":102,"timestamp":"2026-05-05T18:36:15.275Z"}
{"level":"info","message":"⌛ Validating testMensajeros.wtest","timeElapsed":115,"timestamp":"2026-05-05T18:36:15.858Z"}
{"level":"info","message":"⌛ Building environment","timeElapsed":114,"timestamp":"2026-05-05T18:36:16.175Z"}
{"level":"error","message":"✘ Completions for node Send ([40:8, 40:28] - testMensajeros.wtest) failed: Error: [Send]{f08138} at testMensajeros.wtest:40 exhausted all cases without a match [Send]{f08138} at testMensajeros.wtest:40 exhausted all cases without a match","stack":"Error: [Send]{f08138} at testMensajeros.wtest:40 exhausted all cases without a match\n    at c:\\Users\\E495\\.vscode\\extensions\\uqbar.wollok-lsp-ide-0.5.4\\out\\server\\src\\server.js:38:6142\n    at L2 (c:\\Users\\E495\\.vscode\\extensions\\uqbar.wollok-lsp-ide-0.5.4\\out\\server\\src\\server.js:2389:42)\n    at Jh (c:\\Users\\E495\\.vscode\\extensions\\uqbar.wollok-lsp-ide-0.5.4\\out\\server\\src\\server.js:2389:1092)\n    at M5n (c:\\Users\\E495\\.vscode\\extensions\\uqbar.wollok-lsp-ide-0.5.4\\out\\server\\src\\server.js:2389:1248)\n    at c:\\Users\\E495\\.vscode\\extensions\\uqbar.wollok-lsp-ide-0.5.4\\out\\server\\src\\server.js:38:6131\n    at L2 (c:\\Users\\E495\\.vscode\\extensions\\uqbar.wollok-lsp-ide-0.5.4\\out\\server\\src\\server.js:2389:42)\n    at c:\\Users\\E495\\.vscode\\extensions\\uqbar.wollok-lsp-ide-0.5.4\\out\\server\\src\\server.js:2389:2988\n    at c:\\Users\\E495\\.vscode\\extensions\\uqbar.wollok-lsp-ide-0.5.4\\out\\server\\src\\server.js:2398:8440\n    at c:\\Users\\E495\\.vscode\\extensions\\uqbar.wollok-lsp-ide-0.5.4\\out\\server\\src\\server.js:37:74872\n    at Ke (c:\\Users\\E495\\.vscode\\extensions\\uqbar.wollok-lsp-ide-0.5.4\\out\\server\\src\\server.js:7:8527)","timestamp":"2026-05-05T18:36:16.210Z"}
{"level":"error","message":"✘ Completions for node Send ([40:8, 40:28] - testMensajeros.wtest) failed: Error: [Send]{99ee60} at testMensajeros.wtest:40 exhausted all cases without a match [Send]{99ee60} at testMensajeros.wtest:40 exhausted all cases without a match","stack":"Error: [Send]{99ee60} at testMensajeros.wtest:40 exhausted all cases without a match\n    at c:\\Users\\E495\\.vscode\\extensions\\uqbar.wollok-lsp-ide-0.5.4\\out\\server\\src\\server.js:38:6142\n    at L2 (c:\\Users\\E495\\.vscode\\extensions\\uqbar.wollok-lsp-ide-0.5.4\\out\\server\\src\\server.js:2389:42)\n    at Jh (c:\\Users\\E495\\.vscode\\extensions\\uqbar.wollok-lsp-ide-0.5.4\\out\\server\\src\\server.js:2389:1092)\n    at M5n (c:\\Users\\E495\\.vscode\\extensions\\uqbar.wollok-lsp-ide-0.5.4\\out\\server\\src\\server.js:2389:1248)\n    at c:\\Users\\E495\\.vscode\\extensions\\uqbar.wollok-lsp-ide-0.5.4\\out\\server\\src\\server.js:38:6131\n    at L2 (c:\\Users\\E495\\.vscode\\extensions\\uqbar.wollok-lsp-ide-0.5.4\\out\\server\\src\\server.js:2389:42)\n    at c:\\Users\\E495\\.vscode\\extensions\\uqbar.wollok-lsp-ide-0.5.4\\out\\server\\src\\server.js:2389:2988\n    at c:\\Users\\E495\\.vscode\\extensions\\uqbar.wollok-lsp-ide-0.5.4\\out\\server\\src\\server.js:2398:8440\n    at c:\\Users\\E495\\.vscode\\extensions\\uqbar.wollok-lsp-ide-0.5.4\\out\\server\\src\\server.js:37:74872\n    at Ke (c:\\Users\\E495\\.vscode\\extensions\\uqbar.wollok-lsp-ide-0.5.4\\out\\server\\src\\server.js:7:8527)","timestamp":"2026-05-05T18:36:17.113Z"}
{"level":"info","message":"⌛ Validating testMensajeros.wtest","timeElapsed":192,"timestamp":"2026-05-05T18:36:17.308Z"}
{"level":"error","message":"✘ Completions for node Literal ([40:24, 40:28] - testMensajeros.wtest) failed: Error: true [Literal]{184120} at testMensajeros.wtest:40 exhausted all cases without a match true [Literal]{184120} at testMensajeros.wtest:40 exhausted all cases without a match","stack":"Error: true [Literal]{184120} at testMensajeros.wtest:40 exhausted all cases without a match\n    at c:\\Users\\E495\\.vscode\\extensions\\uqbar.wollok-lsp-ide-0.5.4\\out\\server\\src\\server.js:38:6142\n    at L2 (c:\\Users\\E495\\.vscode\\extensions\\uqbar.wollok-lsp-ide-0.5.4\\out\\server\\src\\server.js:2389:42)\n    at c:\\Users\\E495\\.vscode\\extensions\\uqbar.wollok-lsp-ide-0.5.4\\out\\server\\src\\server.js:2389:2988\n    at c:\\Users\\E495\\.vscode\\extensions\\uqbar.wollok-lsp-ide-0.5.4\\out\\server\\src\\server.js:2398:8440\n    at c:\\Users\\E495\\.vscode\\extensions\\uqbar.wollok-lsp-ide-0.5.4\\out\\server\\src\\server.js:37:74872\n    at Ke (c:\\Users\\E495\\.vscode\\extensions\\uqbar.wollok-lsp-ide-0.5.4\\out\\server\\src\\server.js:7:8527)\n    at Lt (c:\\Users\\E495\\.vscode\\extensions\\uqbar.wollok-lsp-ide-0.5.4\\out\\server\\src\\server.js:7:6189)\n    at ct (c:\\Users\\E495\\.vscode\\extensions\\uqbar.wollok-lsp-ide-0.5.4\\out\\server\\src\\server.js:7:6378)\n    at Immediate._onImmediate (c:\\Users\\E495\\.vscode\\extensions\\uqbar.wollok-lsp-ide-0.5.4\\out\\server\\src\\server.js:7:6142)\n    at process.processImmediate (node:internal/timers:484:21)","timestamp":"2026-05-05T18:36:17.423Z"}
{"level":"error","message":"✘ Completions for node Send ([40:8, 40:29] - testMensajeros.wtest) failed: Error: [Send]{1ab4b4} at testMensajeros.wtest:40 exhausted all cases without a match [Send]{1ab4b4} at testMensajeros.wtest:40 exhausted all cases without a match","stack":"Error: [Send]{1ab4b4} at testMensajeros.wtest:40 exhausted all cases without a match\n    at c:\\Users\\E495\\.vscode\\extensions\\uqbar.wollok-lsp-ide-0.5.4\\out\\server\\src\\server.js:38:6142\n    at L2 (c:\\Users\\E495\\.vscode\\extensions\\uqbar.wollok-lsp-ide-0.5.4\\out\\server\\src\\server.js:2389:42)\n    at Jh (c:\\Users\\E495\\.vscode\\extensions\\uqbar.wollok-lsp-ide-0.5.4\\out\\server\\src\\server.js:2389:1092)\n    at L2 (c:\\Users\\E495\\.vscode\\extensions\\uqbar.wollok-lsp-ide-0.5.4\\out\\server\\src\\server.js:2389:544)\n    at c:\\Users\\E495\\.vscode\\extensions\\uqbar.wollok-lsp-ide-0.5.4\\out\\server\\src\\server.js:2389:2988\n    at c:\\Users\\E495\\.vscode\\extensions\\uqbar.wollok-lsp-ide-0.5.4\\out\\server\\src\\server.js:2398:8440\n    at c:\\Users\\E495\\.vscode\\extensions\\uqbar.wollok-lsp-ide-0.5.4\\out\\server\\src\\server.js:37:74872\n    at Ke (c:\\Users\\E495\\.vscode\\extensions\\uqbar.wollok-lsp-ide-0.5.4\\out\\server\\src\\server.js:7:8527)\n    at Lt (c:\\Users\\E495\\.vscode\\extensions\\uqbar.wollok-lsp-ide-0.5.4\\out\\server\\src\\server.js:7:6189)\n    at ct (c:\\Users\\E495\\.vscode\\extensions\\uqbar.wollok-lsp-ide-0.5.4\\out\\server\\src\\server.js:7:6378)","timestamp":"2026-05-05T18:36:17.423Z"}
{"level":"info","message":"⌛ Validating testMensajeros.wtest","timeElapsed":105,"timestamp":"2026-05-05T18:36:17.531Z"}
{"level":"error","message":"✘ Completions for node Send ([43:9, 43:56] - testMensajeros.wtest) failed: Error: [Send]{4d3ff7} at testMensajeros.wtest:43 exhausted all cases without a match [Send]{4d3ff7} at testMensajeros.wtest:43 exhausted all cases without a match","stack":"Error: [Send]{4d3ff7} at testMensajeros.wtest:43 exhausted all cases without a match\n    at c:\\Users\\E495\\.vscode\\extensions\\uqbar.wollok-lsp-ide-0.5.4\\out\\server\\src\\server.js:38:6142\n    at L2 (c:\\Users\\E495\\.vscode\\extensions\\uqbar.wollok-lsp-ide-0.5.4\\out\\server\\src\\server.js:2389:42)\n    at c:\\Users\\E495\\.vscode\\extensions\\uqbar.wollok-lsp-ide-0.5.4\\out\\server\\src\\server.js:2389:2988\n    at c:\\Users\\E495\\.vscode\\extensions\\uqbar.wollok-lsp-ide-0.5.4\\out\\server\\src\\server.js:2398:8440\n    at c:\\Users\\E495\\.vscode\\extensions\\uqbar.wollok-lsp-ide-0.5.4\\out\\server\\src\\server.js:37:74872\n    at Ke (c:\\Users\\E495\\.vscode\\extensions\\uqbar.wollok-lsp-ide-0.5.4\\out\\server\\src\\server.js:7:8527)\n    at Lt (c:\\Users\\E495\\.vscode\\extensions\\uqbar.wollok-lsp-ide-0.5.4\\out\\server\\src\\server.js:7:6189)\n    at ct (c:\\Users\\E495\\.vscode\\extensions\\uqbar.wollok-lsp-ide-0.5.4\\out\\server\\src\\server.js:7:6378)\n    at Immediate._onImmediate (c:\\Users\\E495\\.vscode\\extensions\\uqbar.wollok-lsp-ide-0.5.4\\out\\server\\src\\server.js:7:6142)\n    at process.processImmediate (node:internal/timers:484:21)","timestamp":"2026-05-05T18:36:20.895Z"}
{"level":"info","message":"⌛ Validating testMensajeros.wtest","timeElapsed":104,"timestamp":"2026-05-05T18:36:21.002Z"}
{"level":"info","message":"🧪 Test runner executed on c:\\Users\\E495\\Desktop\\UNaHur\\Programación con objetos I\\mensajerosDePelicula-pinkiemorie","result":{"errored":0,"failed":0,"ok":5},"testsFailed":[],"timeElapsed":580,"timestamp":"2026-05-05T18:36:27.254Z"}
